timestamp,session_id,mode,session_state,step_id,tool_name,status,latency_ms,budget,locked_price,regime,raw_goodput,effective_goodput
1774602351.125231,sess-0025-29837dd9,plan_and_solve,SUCCESS,s1,calculate,success,14.38,500,0,,4.0,4.0
1774602351.139611,sess-0025-29837dd9,plan_and_solve,SUCCESS,s2,calculate,success,3.31,500,0,,4.0,4.0
1774602351.142924,sess-0025-29837dd9,plan_and_solve,SUCCESS,s3,calculate,success,5.83,500,0,,4.0,4.0
1774602351.148753,sess-0025-29837dd9,plan_and_solve,SUCCESS,s4,calculate,success,3.66,500,0,,4.0,4.0
1774602351.115675,sess-0014-f385168c,plan_and_solve,SUCCESS,s1,calculate,success,6.70,500,0,,3.0,3.0
1774602351.122374,sess-0014-f385168c,plan_and_solve,SUCCESS,s2,web_fetch,success,160.07,500,0,,3.0,3.0
1774602351.282446,sess-0014-f385168c,plan_and_solve,SUCCESS,s3,calculate,success,5.56,500,0,,3.0,3.0
1774602351.169701,sess-0031-47233c0e,plan_and_solve,SUCCESS,s1,calculate,success,4.30,500,0,,5.0,5.0
1774602351.174006,sess-0031-47233c0e,plan_and_solve,SUCCESS,s2,web_fetch,success,156.77,500,0,,5.0,5.0
1774602351.330772,sess-0031-47233c0e,plan_and_solve,SUCCESS,s3,calculate,success,3.73,500,0,,5.0,5.0
1774602351.334503,sess-0031-47233c0e,plan_and_solve,SUCCESS,s4,web_fetch,success,156.20,500,0,,5.0,5.0
1774602351.491245,sess-0031-47233c0e,plan_and_solve,SUCCESS,s5,calculate,success,6.59,500,0,,5.0,5.0
1774602351.384602,sess-0043-5eb1a92f,plan_and_solve,SUCCESS,s1,calculate,success,8.32,500,0,,3.0,3.0
1774602351.393448,sess-0043-5eb1a92f,plan_and_solve,SUCCESS,s2,calculate,success,10.14,500,0,,3.0,3.0
1774602351.403589,sess-0043-5eb1a92f,plan_and_solve,SUCCESS,s3,web_fetch,success,156.45,500,0,,3.0,3.0
1774602351.170239,sess-0032-892663e8,plan_and_solve,SUCCESS,s1,web_fetch,success,155.05,500,0,,4.0,4.0
1774602351.325294,sess-0032-892663e8,plan_and_solve,SUCCESS,s2,web_fetch,success,154.97,500,0,,4.0,4.0
1774602351.480262,sess-0032-892663e8,plan_and_solve,SUCCESS,s3,web_fetch,success,155.65,500,0,,4.0,4.0
1774602351.635909,sess-0032-892663e8,plan_and_solve,SUCCESS,s4,calculate,success,5.49,500,0,,4.0,4.0
1774602351.332337,sess-0038-f1f5e08a,plan_and_solve,SUCCESS,s1,calculate,success,5.93,500,0,,7.0,7.0
1774602351.338269,sess-0038-f1f5e08a,plan_and_solve,SUCCESS,s2,web_fetch,success,157.70,500,0,,7.0,7.0
1774602351.495973,sess-0038-f1f5e08a,plan_and_solve,SUCCESS,s3,web_fetch,success,156.66,500,0,,7.0,7.0
1774602351.652630,sess-0038-f1f5e08a,plan_and_solve,SUCCESS,s4,calculate,success,7.18,500,0,,7.0,7.0
1774602351.659806,sess-0038-f1f5e08a,plan_and_solve,SUCCESS,s5,web_fetch,success,156.04,500,0,,7.0,7.0
1774602351.815844,sess-0038-f1f5e08a,plan_and_solve,SUCCESS,s6,calculate,success,6.01,500,0,,7.0,7.0
1774602351.821854,sess-0038-f1f5e08a,plan_and_solve,SUCCESS,s7,web_fetch,success,156.45,500,0,,7.0,7.0
1774602351.297046,sess-0035-59053cef,plan_and_solve,SUCCESS,s1,calculate,success,6.28,500,0,,7.0,7.0
1774602351.303331,sess-0035-59053cef,plan_and_solve,SUCCESS,s2,calculate,success,5.35,500,0,,7.0,7.0
1774602351.308682,sess-0035-59053cef,plan_and_solve,SUCCESS,s3,web_fetch,success,155.29,500,0,,7.0,7.0
1774602351.463976,sess-0035-59053cef,plan_and_solve,SUCCESS,s4,web_fetch,success,156.51,500,0,,7.0,7.0
1774602351.620481,sess-0035-59053cef,plan_and_solve,SUCCESS,s5,web_fetch,success,158.78,500,0,,7.0,7.0
1774602351.779794,sess-0035-59053cef,plan_and_solve,SUCCESS,s6,web_fetch,success,156.92,500,0,,7.0,7.0
1774602351.936713,sess-0035-59053cef,plan_and_solve,SUCCESS,s7,web_fetch,success,157.22,500,0,,7.0,7.0
1774602351.938500,sess-0070-5c005783,plan_and_solve,SUCCESS,s1,web_fetch,success,158.37,500,0,,3.0,3.0
1774602352.096867,sess-0070-5c005783,plan_and_solve,SUCCESS,s2,calculate,success,6.56,500,0,,3.0,3.0
1774602352.103452,sess-0070-5c005783,plan_and_solve,SUCCESS,s3,calculate,success,5.33,500,0,,3.0,3.0
1774602351.815322,sess-0064-1251b548,plan_and_solve,SUCCESS,s1,calculate,success,10.27,500,0,,4.0,4.0
1774602351.825588,sess-0064-1251b548,plan_and_solve,SUCCESS,s2,calculate,success,4.30,500,0,,4.0,4.0
1774602351.829886,sess-0064-1251b548,plan_and_solve,SUCCESS,s3,web_fetch,success,155.91,500,0,,4.0,4.0
1774602351.985796,sess-0064-1251b548,plan_and_solve,SUCCESS,s4,web_fetch,success,153.86,500,0,,4.0,4.0
1774602351.780877,sess-0059-63e50a95,plan_and_solve,SUCCESS,s1,web_fetch,success,166.25,500,0,,4.0,4.0
1774602351.947127,sess-0059-63e50a95,plan_and_solve,SUCCESS,s2,calculate,success,8.63,500,0,,4.0,4.0
1774602351.955755,sess-0059-63e50a95,plan_and_solve,SUCCESS,s3,web_fetch,success,161.52,500,0,,4.0,4.0
1774602352.117309,sess-0059-63e50a95,plan_and_solve,SUCCESS,s4,web_fetch,success,160.31,500,0,,4.0,4.0
1774602351.814257,sess-0063-d2aca5c5,plan_and_solve,SUCCESS,s1,calculate,success,9.72,500,0,,7.0,7.0
1774602351.823973,sess-0063-d2aca5c5,plan_and_solve,SUCCESS,s2,calculate,success,5.39,500,0,,7.0,7.0
1774602351.829359,sess-0063-d2aca5c5,plan_and_solve,SUCCESS,s3,calculate,success,5.00,500,0,,7.0,7.0
1774602351.834354,sess-0063-d2aca5c5,plan_and_solve,SUCCESS,s4,calculate,success,3.16,500,0,,7.0,7.0
1774602351.837512,sess-0063-d2aca5c5,plan_and_solve,SUCCESS,s5,web_fetch,success,155.31,500,0,,7.0,7.0
1774602351.992826,sess-0063-d2aca5c5,plan_and_solve,SUCCESS,s6,web_fetch,success,155.58,500,0,,7.0,7.0
1774602352.148407,sess-0063-d2aca5c5,plan_and_solve,SUCCESS,s7,web_fetch,success,160.98,500,0,,7.0,7.0
1774602352.146776,sess-0086-6ed83d94,plan_and_solve,SUCCESS,s1,calculate,success,7.80,500,0,,3.0,3.0
1774602352.154573,sess-0086-6ed83d94,plan_and_solve,SUCCESS,s2,calculate,success,8.61,500,0,,3.0,3.0
1774602352.163179,sess-0086-6ed83d94,plan_and_solve,SUCCESS,s3,web_fetch,success,155.66,500,0,,3.0,3.0
1774602351.860120,sess-0069-aad5b5bc,plan_and_solve,SUCCESS,s1,web_fetch,success,157.79,500,0,,7.0,7.0
1774602352.017907,sess-0069-aad5b5bc,plan_and_solve,SUCCESS,s2,web_fetch,success,155.82,500,0,,7.0,7.0
1774602352.173771,sess-0069-aad5b5bc,plan_and_solve,SUCCESS,s3,calculate,success,8.22,500,0,,7.0,7.0
1774602352.181993,sess-0069-aad5b5bc,plan_and_solve,SUCCESS,s4,calculate,success,4.17,500,0,,7.0,7.0
1774602352.186159,sess-0069-aad5b5bc,plan_and_solve,SUCCESS,s5,web_fetch,success,153.77,500,0,,7.0,7.0
1774602352.339930,sess-0069-aad5b5bc,plan_and_solve,SUCCESS,s6,calculate,success,4.11,500,0,,7.0,7.0
1774602352.344043,sess-0069-aad5b5bc,plan_and_solve,SUCCESS,s7,calculate,success,2.32,500,0,,7.0,7.0
1774602352.227582,sess-0089-02ff0023,plan_and_solve,SUCCESS,s1,calculate,success,9.57,500,0,,3.0,3.0
1774602352.237157,sess-0089-02ff0023,plan_and_solve,SUCCESS,s2,calculate,success,5.87,500,0,,3.0,3.0
1774602352.243026,sess-0089-02ff0023,plan_and_solve,SUCCESS,s3,web_fetch,success,159.88,500,0,,3.0,3.0
1774602352.390664,sess-0108-e1c6a66f,plan_and_solve,SUCCESS,s1,calculate,success,12.25,500,0,,3.0,3.0
1774602352.402909,sess-0108-e1c6a66f,plan_and_solve,SUCCESS,s2,calculate,success,7.68,500,0,,3.0,3.0
1774602352.410593,sess-0108-e1c6a66f,plan_and_solve,SUCCESS,s3,calculate,success,13.53,500,0,,3.0,3.0
1774602352.310599,sess-0103-84e8e1d1,plan_and_solve,SUCCESS,s1,calculate,success,7.43,500,0,,5.0,5.0
1774602352.318027,sess-0103-84e8e1d1,plan_and_solve,SUCCESS,s2,calculate,success,2.98,500,0,,5.0,5.0
1774602352.321007,sess-0103-84e8e1d1,plan_and_solve,SUCCESS,s3,web_fetch,success,155.86,500,0,,5.0,5.0
1774602352.476868,sess-0103-84e8e1d1,plan_and_solve,SUCCESS,s4,calculate,success,8.23,500,0,,5.0,5.0
1774602352.485096,sess-0103-84e8e1d1,plan_and_solve,SUCCESS,s5,calculate,success,4.33,500,0,,5.0,5.0
1774602352.401254,sess-0111-0fd36e8e,plan_and_solve,SUCCESS,s1,calculate,success,13.56,500,0,,4.0,4.0
1774602352.414811,sess-0111-0fd36e8e,plan_and_solve,SUCCESS,s2,web_fetch,success,158.61,500,0,,4.0,4.0
1774602352.573417,sess-0111-0fd36e8e,plan_and_solve,SUCCESS,s3,calculate,success,4.71,500,0,,4.0,4.0
1774602352.578130,sess-0111-0fd36e8e,plan_and_solve,SUCCESS,s4,calculate,success,4.76,500,0,,4.0,4.0
1774602352.100156,sess-0080-f857a707,plan_and_solve,SUCCESS,s1,web_fetch,success,158.98,500,0,,5.0,5.0
1774602352.259138,sess-0080-f857a707,plan_and_solve,SUCCESS,s2,calculate,success,6.92,500,0,,5.0,5.0
1774602352.266062,sess-0080-f857a707,plan_and_solve,SUCCESS,s3,calculate,success,5.52,500,0,,5.0,5.0
1774602352.272119,sess-0080-f857a707,plan_and_solve,SUCCESS,s4,web_fetch,success,157.15,500,0,,5.0,5.0
1774602352.429265,sess-0080-f857a707,plan_and_solve,SUCCESS,s5,web_fetch,success,157.25,500,0,,5.0,5.0
1774602352.093929,sess-0077-333bf3e1,plan_and_solve,SUCCESS,s1,web_fetch,success,156.54,500,0,,5.0,5.0
1774602352.250467,sess-0077-333bf3e1,plan_and_solve,SUCCESS,s2,web_fetch,success,156.34,500,0,,5.0,5.0
1774602352.407327,sess-0077-333bf3e1,plan_and_solve,SUCCESS,s3,calculate,success,14.14,500,0,,5.0,5.0
1774602352.421463,sess-0077-333bf3e1,plan_and_solve,SUCCESS,s4,calculate,success,11.86,500,0,,5.0,5.0
1774602352.433865,sess-0077-333bf3e1,plan_and_solve,SUCCESS,s5,web_fetch,success,157.00,500,0,,5.0,5.0
1774602352.229249,sess-0090-1f877cbe,plan_and_solve,SUCCESS,s1,web_fetch,success,160.89,500,0,,3.0,3.0
1774602352.390135,sess-0090-1f877cbe,plan_and_solve,SUCCESS,s2,web_fetch,success,155.63,500,0,,3.0,3.0
1774602352.546296,sess-0090-1f877cbe,plan_and_solve,SUCCESS,s3,web_fetch,success,154.98,500,0,,3.0,3.0
1774602350.777544,sess-0000-3d38db12,plan_and_solve,CASCADE_FAILED,s1,calculate,success,9.94,500,0,,1.0,0.0
1774602350.787485,sess-0000-3d38db12,plan_and_solve,CASCADE_FAILED,s2,mock_heavy,error,2017.49,500,,,1.0,0.0
1774602350.779062,sess-0001-1ea61d52,plan_and_solve,REJECTED_AT_STEP_0,s1,mock_heavy,error,2025.91,500,,,0.0,0.0
1774602350.855214,sess-0002-2c7c05f6,plan_and_solve,REJECTED_AT_STEP_0,s1,mock_heavy,error,1996.22,500,,,0.0,0.0
1774602352.399022,sess-0110-ae165d7d,plan_and_solve,SUCCESS,s1,web_fetch,success,163.24,500,0,,4.0,4.0
1774602352.562325,sess-0110-ae165d7d,plan_and_solve,SUCCESS,s2,web_fetch,success,156.48,500,0,,4.0,4.0
1774602352.718807,sess-0110-ae165d7d,plan_and_solve,SUCCESS,s3,web_fetch,success,155.78,500,0,,4.0,4.0
1774602352.874590,sess-0110-ae165d7d,plan_and_solve,SUCCESS,s4,calculate,success,6.15,500,40,,4.0,4.0
1774602350.906027,sess-0006-afd65cd3,plan_and_solve,REJECTED_AT_STEP_0,s1,mock_heavy,error,2007.74,500,,,0.0,0.0
1774602350.903252,sess-0005-f1e6c03c,plan_and_solve,REJECTED_AT_STEP_0,s1,mock_heavy,error,2010.51,500,,,0.0,0.0
1774602350.908533,sess-0007-6c536d0d,plan_and_solve,REJECTED_AT_STEP_0,s1,mock_heavy,error,2005.76,500,,,0.0,0.0
1774602350.962400,sess-0008-20da09ab,plan_and_solve,REJECTED_AT_STEP_0,s1,mock_heavy,error,1987.95,500,,,0.0,0.0
1774602350.857860,sess-0003-b22d4366,plan_and_solve,CASCADE_FAILED,s1,calculate,success,8.16,500,0,,2.0,0.0
1774602350.866023,sess-0003-b22d4366,plan_and_solve,CASCADE_FAILED,s2,web_fetch,success,154.73,500,0,,2.0,0.0
1774602351.021322,sess-0003-b22d4366,plan_and_solve,CASCADE_FAILED,s3,mock_heavy,error,2014.00,500,,,2.0,0.0
1774602351.061642,sess-0012-21533f28,plan_and_solve,CASCADE_FAILED,s1,calculate,success,6.17,500,0,,1.0,0.0
1774602351.067809,sess-0012-21533f28,plan_and_solve,CASCADE_FAILED,s2,mock_heavy,error,2014.01,500,,,1.0,0.0
1774602350.901040,sess-0004-078db986,plan_and_solve,CASCADE_FAILED,s1,web_fetch,success,160.06,500,0,,2.0,0.0
1774602351.061100,sess-0004-078db986,plan_and_solve,CASCADE_FAILED,s2,calculate,success,5.60,500,0,,2.0,0.0
1774602351.066696,sess-0004-078db986,plan_and_solve,CASCADE_FAILED,s3,mock_heavy,error,2015.12,500,,,2.0,0.0
1774602351.114923,sess-0013-2ccc328e,plan_and_solve,REJECTED_AT_STEP_0,s1,mock_heavy,error,1994.02,500,,,0.0,0.0
1774602351.118490,sess-0017-6f4c4f7d,plan_and_solve,REJECTED_AT_STEP_0,s1,mock_heavy,error,1990.46,500,,,0.0,0.0
1774602351.119618,sess-0019-bac431db,plan_and_solve,REJECTED_AT_STEP_0,s1,mock_heavy,error,1989.33,500,,,0.0,0.0
1774602351.122967,sess-0022-a43b49c0,plan_and_solve,REJECTED_AT_STEP_0,s1,mock_heavy,error,1986.98,500,,,0.0,0.0
1774602351.117368,sess-0016-9ae1de4e,plan_and_solve,CASCADE_FAILED,s1,calculate,success,10.65,500,0,,1.0,0.0
1774602351.128550,sess-0016-9ae1de4e,plan_and_solve,CASCADE_FAILED,s2,mock_heavy,error,1981.40,500,,,1.0,0.0
1774602351.124620,sess-0024-4cbdb709,plan_and_solve,REJECTED_AT_STEP_0,s1,mock_heavy,error,1985.33,500,,,0.0,0.0
1774602351.122913,sess-0021-74040100,plan_and_solve,CASCADE_FAILED,s1,calculate,success,9.09,500,0,,1.0,0.0
1774602351.132008,sess-0021-74040100,plan_and_solve,CASCADE_FAILED,s2,mock_heavy,error,1977.94,500,,,1.0,0.0
1774602353.119237,sess-0137-7553dfda,plan_and_solve,REJECTED_AT_STEP_0,s1,web_fetch,error,8.87,500,,,0.0,0.0
1774602351.140165,sess-0027-c3938395,plan_and_solve,REJECTED_AT_STEP_0,s1,mock_heavy,error,1997.64,500,,,0.0,0.0
1774602351.141242,sess-0028-37741461,plan_and_solve,REJECTED_AT_STEP_0,s1,mock_heavy,error,1996.56,500,,,0.0,0.0
1774602351.156766,sess-0030-8056cd8b,plan_and_solve,REJECTED_AT_STEP_0,s1,mock_heavy,error,1997.55,500,,,0.0,0.0
1774602351.156766,sess-0029-2d37e672,plan_and_solve,CASCADE_FAILED,s1,calculate,success,4.40,500,0,,1.0,0.0
1774602351.161169,sess-0029-2d37e672,plan_and_solve,CASCADE_FAILED,s2,mock_heavy,error,1993.67,500,,,1.0,0.0
1774602350.997434,sess-0010-32bd94a6,plan_and_solve,CASCADE_FAILED,s1,calculate,success,8.49,500,0,,4.0,0.0
1774602351.005986,sess-0010-32bd94a6,plan_and_solve,CASCADE_FAILED,s2,calculate,success,5.14,500,0,,4.0,0.0
1774602351.011123,sess-0010-32bd94a6,plan_and_solve,CASCADE_FAILED,s3,web_fetch,success,154.55,500,0,,4.0,0.0
1774602351.165671,sess-0010-32bd94a6,plan_and_solve,CASCADE_FAILED,s4,calculate,success,3.50,500,0,,4.0,0.0
1774602351.169171,sess-0010-32bd94a6,plan_and_solve,CASCADE_FAILED,s5,mock_heavy,error,1985.67,500,,,4.0,0.0
1774602353.036394,sess-0128-9590719c,plan_and_solve,SUCCESS,s1,calculate,success,5.97,500,120,,4.0,4.0
1774602353.042366,sess-0128-9590719c,plan_and_solve,SUCCESS,s2,calculate,success,6.07,500,120,,4.0,4.0
1774602353.048464,sess-0128-9590719c,plan_and_solve,SUCCESS,s3,web_fetch,success,155.27,500,120,,4.0,4.0
1774602353.203731,sess-0128-9590719c,plan_and_solve,SUCCESS,s4,calculate,success,4.62,500,240,,4.0,4.0
1774602351.116767,sess-0015-e42afafe,plan_and_solve,CASCADE_FAILED,s1,calculate,success,9.03,500,0,,2.0,0.0
1774602351.125794,sess-0015-e42afafe,plan_and_solve,CASCADE_FAILED,s2,web_fetch,success,162.78,500,0,,2.0,0.0
1774602351.288572,sess-0015-e42afafe,plan_and_solve,CASCADE_FAILED,s3,mock_heavy,error,1991.14,500,,,2.0,0.0
1774602351.120181,sess-0020-46064b60,plan_and_solve,CASCADE_FAILED,s1,web_fetch,success,160.07,500,0,,1.0,0.0
1774602351.280806,sess-0020-46064b60,plan_and_solve,CASCADE_FAILED,s2,mock_heavy,error,1998.90,500,,,1.0,0.0
1774602351.119044,sess-0018-b8478301,plan_and_solve,CASCADE_FAILED,s1,web_fetch,success,160.11,500,0,,1.0,0.0
1774602351.279151,sess-0018-b8478301,plan_and_solve,CASCADE_FAILED,s2,mock_heavy,error,2001.08,500,,,1.0,0.0
1774602351.123507,sess-0023-c7ef3f2b,plan_and_solve,CASCADE_FAILED,s1,web_fetch,success,162.82,500,0,,2.0,0.0
1774602351.286328,sess-0023-c7ef3f2b,plan_and_solve,CASCADE_FAILED,s2,calculate,success,6.36,500,0,,2.0,0.0
1774602351.292693,sess-0023-c7ef3f2b,plan_and_solve,CASCADE_FAILED,s3,mock_heavy,error,1987.60,500,,,2.0,0.0
1774602350.999152,sess-0011-0c638ff1,plan_and_solve,CASCADE_FAILED,s1,web_fetch,success,157.61,500,0,,3.0,0.0
1774602351.156766,sess-0011-0c638ff1,plan_and_solve,CASCADE_FAILED,s2,calculate,success,3.13,500,0,,3.0,0.0
1774602351.159900,sess-0011-0c638ff1,plan_and_solve,CASCADE_FAILED,s3,web_fetch,success,157.87,500,0,,3.0,0.0
1774602351.317771,sess-0011-0c638ff1,plan_and_solve,CASCADE_FAILED,s4,mock_heavy,error,1993.67,500,,,3.0,0.0
1774602350.991864,sess-0009-9f5a2bdd,plan_and_solve,CASCADE_FAILED,s1,calculate,success,9.67,500,0,,4.0,0.0
1774602351.001532,sess-0009-9f5a2bdd,plan_and_solve,CASCADE_FAILED,s2,calculate,success,6.13,500,0,,4.0,0.0
1774602351.007665,sess-0009-9f5a2bdd,plan_and_solve,CASCADE_FAILED,s3,web_fetch,success,155.28,500,0,,4.0,0.0
1774602351.162974,sess-0009-9f5a2bdd,plan_and_solve,CASCADE_FAILED,s4,web_fetch,success,156.95,500,0,,4.0,0.0
1774602351.319920,sess-0009-9f5a2bdd,plan_and_solve,CASCADE_FAILED,s5,mock_heavy,error,1991.52,500,,,4.0,0.0
1774602351.139611,sess-0026-1b7274bd,plan_and_solve,CASCADE_FAILED,s1,web_fetch,success,155.87,500,0,,5.0,0.0
1774602351.295484,sess-0026-1b7274bd,plan_and_solve,CASCADE_FAILED,s2,calculate,success,6.64,500,0,,5.0,0.0
1774602351.302125,sess-0026-1b7274bd,plan_and_solve,CASCADE_FAILED,s3,calculate,success,5.02,500,0,,5.0,0.0
1774602351.307686,sess-0026-1b7274bd,plan_and_solve,CASCADE_FAILED,s4,calculate,success,3.00,500,0,,5.0,0.0
1774602351.311683,sess-0026-1b7274bd,plan_and_solve,CASCADE_FAILED,s5,calculate,success,7.16,500,0,,5.0,0.0
1774602351.318839,sess-0026-1b7274bd,plan_and_solve,CASCADE_FAILED,s6,mock_heavy,error,1992.60,500,,,5.0,0.0
1774602351.329727,sess-0037-7dab9e32,plan_and_solve,REJECTED_AT_STEP_0,s1,mock_heavy,error,1995.84,500,,,0.0,0.0
1774602351.171283,sess-0033-06f43986,plan_and_solve,CASCADE_FAILED,s1,web_fetch,success,155.09,500,0,,1.0,0.0
1774602351.326368,sess-0033-06f43986,plan_and_solve,CASCADE_FAILED,s2,mock_heavy,error,1999.20,500,,,1.0,0.0
1774602353.111175,sess-0131-7b3d512e,plan_and_solve,SUCCESS,s1,calculate,success,26.01,500,160,,7.0,7.0
1774602353.137181,sess-0131-7b3d512e,plan_and_solve,SUCCESS,s2,calculate,success,10.55,500,200,,7.0,7.0
1774602353.147728,sess-0131-7b3d512e,plan_and_solve,SUCCESS,s3,calculate,success,3.29,500,200,,7.0,7.0
1774602353.151023,sess-0131-7b3d512e,plan_and_solve,SUCCESS,s4,calculate,success,3.29,500,200,,7.0,7.0
1774602353.154311,sess-0131-7b3d512e,plan_and_solve,SUCCESS,s5,calculate,success,3.77,500,200,,7.0,7.0
1774602353.158078,sess-0131-7b3d512e,plan_and_solve,SUCCESS,s6,calculate,success,11.37,500,200,,7.0,7.0
1774602353.169451,sess-0131-7b3d512e,plan_and_solve,SUCCESS,s7,web_fetch,success,158.66,500,200,,7.0,7.0
1774602352.950347,sess-0127-b9d6a786,plan_and_solve,SUCCESS,s1,web_fetch,success,172.11,500,120,,6.0,6.0
1774602353.122455,sess-0127-b9d6a786,plan_and_solve,SUCCESS,s2,calculate,success,7.81,500,160,,6.0,6.0
1774602353.130266,sess-0127-b9d6a786,plan_and_solve,SUCCESS,s3,web_fetch,success,168.05,500,200,,6.0,6.0
1774602353.298832,sess-0127-b9d6a786,plan_and_solve,SUCCESS,s4,calculate,success,17.06,500,160,,6.0,6.0
1774602353.315889,sess-0127-b9d6a786,plan_and_solve,SUCCESS,s5,calculate,success,7.47,500,160,,6.0,6.0
1774602353.324652,sess-0127-b9d6a786,plan_and_solve,SUCCESS,s6,calculate,success,12.86,500,160,,6.0,6.0
1774602353.311999,sess-0149-9a53cbf5,plan_and_solve,SUCCESS,s1,calculate,success,13.03,500,160,,5.0,5.0
1774602353.325028,sess-0149-9a53cbf5,plan_and_solve,SUCCESS,s2,calculate,success,14.17,500,160,,5.0,5.0
1774602353.339713,sess-0149-9a53cbf5,plan_and_solve,SUCCESS,s3,calculate,success,5.87,500,200,,5.0,5.0
1774602353.345579,sess-0149-9a53cbf5,plan_and_solve,SUCCESS,s4,calculate,success,4.11,500,200,,5.0,5.0
1774602353.349691,sess-0149-9a53cbf5,plan_and_solve,SUCCESS,s5,calculate,success,3.86,500,200,,5.0,5.0
1774602351.382429,sess-0042-fbf7d4ba,plan_and_solve,REJECTED_AT_STEP_0,s1,mock_heavy,error,1981.35,500,,,0.0,0.0
1774602351.375072,sess-0039-ce97b444,plan_and_solve,CASCADE_FAILED,s1,calculate,success,11.15,500,0,,2.0,0.0
1774602351.386221,sess-0039-ce97b444,plan_and_solve,CASCADE_FAILED,s2,calculate,success,5.09,500,0,,2.0,0.0
1774602351.391308,sess-0039-ce97b444,plan_and_solve,CASCADE_FAILED,s3,mock_heavy,error,2013.36,500,,,2.0,0.0
1774602351.380309,sess-0041-9ab1e922,plan_and_solve,CASCADE_FAILED,s1,calculate,success,8.03,500,0,,2.0,0.0
1774602351.388338,sess-0041-9ab1e922,plan_and_solve,CASCADE_FAILED,s2,calculate,success,6.74,500,0,,2.0,0.0
1774602351.395078,sess-0041-9ab1e922,plan_and_solve,CASCADE_FAILED,s3,mock_heavy,error,2009.59,500,,,2.0,0.0
1774602351.237092,sess-0034-293b2622,plan_and_solve,CASCADE_FAILED,s1,calculate,success,8.57,500,0,,4.0,0.0
1774602351.245663,sess-0034-293b2622,plan_and_solve,CASCADE_FAILED,s2,calculate,success,7.90,500,0,,4.0,0.0
1774602351.253562,sess-0034-293b2622,plan_and_solve,CASCADE_FAILED,s3,web_fetch,success,155.93,500,0,,4.0,0.0
1774602351.409492,sess-0034-293b2622,plan_and_solve,CASCADE_FAILED,s4,calculate,success,5.56,500,0,,4.0,0.0
1774602351.415049,sess-0034-293b2622,plan_and_solve,CASCADE_FAILED,s5,mock_heavy,error,1989.62,500,,,4.0,0.0
1774602352.914852,sess-0124-54f25f42,plan_and_solve,SUCCESS,s1,calculate,success,34.18,500,80,,5.0,5.0
1774602352.949033,sess-0124-54f25f42,plan_and_solve,SUCCESS,s2,web_fetch,success,159.65,500,120,,5.0,5.0
1774602353.108687,sess-0124-54f25f42,plan_and_solve,SUCCESS,s3,web_fetch,success,159.29,500,160,,5.0,5.0
1774602353.268034,sess-0124-54f25f42,plan_and_solve,SUCCESS,s4,calculate,success,5.62,500,200,,5.0,5.0
1774602353.273658,sess-0124-54f25f42,plan_and_solve,SUCCESS,s5,web_fetch,success,156.92,500,200,,5.0,5.0
1774602351.436797,sess-0044-58e34665,plan_and_solve,CASCADE_FAILED,s1,calculate,success,9.67,500,0,,1.0,0.0
1774602351.446466,sess-0044-58e34665,plan_and_solve,CASCADE_FAILED,s2,mock_heavy,error,2004.10,500,,,1.0,0.0
1774602351.467596,sess-0047-790a8d85,plan_and_solve,CASCADE_FAILED,s1,calculate,success,9.24,500,0,,1.0,0.0
1774602351.476831,sess-0047-790a8d85,plan_and_solve,CASCADE_FAILED,s2,mock_heavy,error,1973.73,500,,,1.0,0.0
1774602353.156441,sess-0143-81b89be7,plan_and_solve,SUCCESS,s1,calculate,success,7.88,500,200,,6.0,6.0
1774602353.164324,sess-0143-81b89be7,plan_and_solve,SUCCESS,s2,calculate,success,7.35,500,200,,6.0,6.0
1774602353.171673,sess-0143-81b89be7,plan_and_solve,SUCCESS,s3,web_fetch,success,158.97,500,200,,6.0,6.0
1774602353.330640,sess-0143-81b89be7,plan_and_solve,SUCCESS,s4,calculate,success,13.78,500,200,,6.0,6.0
1774602353.344476,sess-0143-81b89be7,plan_and_solve,SUCCESS,s5,calculate,success,4.40,500,200,,6.0,6.0
1774602353.348880,sess-0143-81b89be7,plan_and_solve,SUCCESS,s6,web_fetch,success,153.57,500,200,,6.0,6.0
1774602351.377186,sess-0040-735dadf2,plan_and_solve,CASCADE_FAILED,s1,web_fetch,success,160.16,500,0,,1.0,0.0
1774602351.537350,sess-0040-735dadf2,plan_and_solve,CASCADE_FAILED,s2,mock_heavy,error,2006.05,500,,,1.0,0.0
1774602351.437781,sess-0045-71f12600,plan_and_solve,CASCADE_FAILED,s1,web_fetch,success,159.64,500,0,,1.0,0.0
1774602351.597417,sess-0045-71f12600,plan_and_solve,CASCADE_FAILED,s2,mock_heavy,error,1990.71,500,,,1.0,0.0
1774602351.597946,sess-0052-5eaf6d32,plan_and_solve,REJECTED_AT_STEP_0,s1,mock_heavy,error,1990.21,500,,,0.0,0.0
1774602353.116564,sess-0135-8f1d0243,plan_and_solve,SUCCESS,s1,web_fetch,success,173.14,500,160,,5.0,5.0
1774602353.289701,sess-0135-8f1d0243,plan_and_solve,SUCCESS,s2,web_fetch,success,169.47,500,160,,5.0,5.0
1774602353.459233,sess-0135-8f1d0243,plan_and_solve,SUCCESS,s3,calculate,success,8.71,500,200,,5.0,5.0
1774602353.467944,sess-0135-8f1d0243,plan_and_solve,SUCCESS,s4,calculate,success,3.83,500,200,,5.0,5.0
1774602353.471778,sess-0135-8f1d0243,plan_and_solve,SUCCESS,s5,web_fetch,success,155.71,500,200,,5.0,5.0
1774602351.641402,sess-0053-1510f669,plan_and_solve,CASCADE_FAILED,s1,calculate,success,4.57,500,0,,1.0,0.0
1774602351.645967,sess-0053-1510f669,plan_and_solve,CASCADE_FAILED,s2,mock_heavy,error,2003.79,500,,,1.0,0.0
1774602353.313112,sess-0150-26e89766,plan_and_solve,SUCCESS,s1,calculate,success,16.99,500,160,,4.0,4.0
1774602353.330097,sess-0150-26e89766,plan_and_solve,SUCCESS,s2,web_fetch,success,163.14,500,200,,4.0,4.0
1774602353.493778,sess-0150-26e89766,plan_and_solve,SUCCESS,s3,calculate,success,4.39,500,240,,4.0,4.0
1774602353.498166,sess-0150-26e89766,plan_and_solve,SUCCESS,s4,web_fetch,success,154.20,500,240,,4.0,4.0
1774602351.492040,sess-0049-667acc0e,plan_and_solve,CASCADE_FAILED,s1,web_fetch,success,163.38,500,0,,2.0,0.0
1774602351.655415,sess-0049-667acc0e,plan_and_solve,CASCADE_FAILED,s2,calculate,success,6.01,500,0,,2.0,0.0
1774602351.661973,sess-0049-667acc0e,plan_and_solve,CASCADE_FAILED,s3,mock_heavy,error,1992.02,500,,,2.0,0.0
1774602351.560067,sess-0051-9dc72ff6,plan_and_solve,CASCADE_FAILED,s1,web_fetch,success,156.26,500,0,,2.0,0.0
1774602351.716331,sess-0051-9dc72ff6,plan_and_solve,CASCADE_FAILED,s2,calculate,success,5.03,500,0,,2.0,0.0
1774602351.721357,sess-0051-9dc72ff6,plan_and_solve,CASCADE_FAILED,s3,mock_heavy,error,2004.02,500,,,2.0,0.0
1774602351.774373,sess-0057-3466457d,plan_and_solve,REJECTED_AT_STEP_0,s1,mock_heavy,error,1995.75,500,,,0.0,0.0
1774602353.281035,sess-0145-c045d6b8,plan_and_solve,SUCCESS,s1,web_fetch,success,175.11,500,160,,4.0,4.0
1774602353.456149,sess-0145-c045d6b8,plan_and_solve,SUCCESS,s2,calculate,success,6.98,500,200,,4.0,4.0
1774602353.463129,sess-0145-c045d6b8,plan_and_solve,SUCCESS,s3,web_fetch,success,154.41,500,200,,4.0,4.0
1774602353.617534,sess-0145-c045d6b8,plan_and_solve,SUCCESS,s4,web_fetch,success,155.59,500,240,,4.0,4.0
1774602353.452034,sess-0162-893d2989,plan_and_solve,SUCCESS,s1,web_fetch,success,163.90,500,200,,3.0,3.0
1774602353.616459,sess-0162-893d2989,plan_and_solve,SUCCESS,s2,web_fetch,success,153.66,500,240,,3.0,3.0
1774602353.770122,sess-0162-893d2989,plan_and_solve,SUCCESS,s3,calculate,success,6.00,500,360,,3.0,3.0
1774602351.469324,sess-0048-2a3a1187,plan_and_solve,CASCADE_FAILED,s1,calculate,success,9.29,500,0,,3.0,0.0
1774602351.478609,sess-0048-2a3a1187,plan_and_solve,CASCADE_FAILED,s2,web_fetch,success,156.13,500,0,,3.0,0.0
1774602351.634742,sess-0048-2a3a1187,plan_and_solve,CASCADE_FAILED,s3,web_fetch,success,157.64,500,0,,3.0,0.0
1774602351.792386,sess-0048-2a3a1187,plan_and_solve,CASCADE_FAILED,s4,mock_heavy,error,1987.74,500,,,3.0,0.0
1774602351.772674,sess-0056-dc948d1e,plan_and_solve,CASCADE_FAILED,s1,calculate,success,13.60,500,0,,1.0,0.0
1774602351.786275,sess-0056-dc948d1e,plan_and_solve,CASCADE_FAILED,s2,mock_heavy,error,1993.85,500,,,1.0,0.0
1774602351.788107,sess-0061-2e84fdf9,plan_and_solve,REJECTED_AT_STEP_0,s1,mock_heavy,error,1992.02,500,,,0.0,0.0
1774602351.465035,sess-0046-f179b2be,plan_and_solve,CASCADE_FAILED,s1,web_fetch,success,158.17,500,0,,2.0,0.0
1774602351.623740,sess-0046-f179b2be,plan_and_solve,CASCADE_FAILED,s2,web_fetch,success,158.73,500,0,,2.0,0.0
1774602351.782468,sess-0046-f179b2be,plan_and_solve,CASCADE_FAILED,s3,mock_heavy,error,1997.65,500,,,2.0,0.0
1774602351.817362,sess-0065-f5770b22,plan_and_solve,REJECTED_AT_STEP_0,s1,mock_heavy,error,1992.76,500,,,0.0,0.0
1774602353.655090,sess-0171-c371569e,plan_and_solve,SUCCESS,s1,web_fetch,success,154.03,500,280,,3.0,3.0
1774602353.809122,sess-0171-c371569e,plan_and_solve,SUCCESS,s2,calculate,success,3.00,500,400,,3.0,3.0
1774602353.812123,sess-0171-c371569e,plan_and_solve,SUCCESS,s3,calculate,success,3.00,500,400,,3.0,3.0
1774602353.208350,sess-0144-39d26b28,plan_and_solve,SUCCESS,s1,web_fetch,success,154.89,500,240,,5.0,5.0
1774602353.363243,sess-0144-39d26b28,plan_and_solve,SUCCESS,s2,web_fetch,success,154.66,500,200,,5.0,5.0
1774602353.517900,sess-0144-39d26b28,plan_and_solve,SUCCESS,s3,web_fetch,success,154.88,500,240,,5.0,5.0
1774602353.672781,sess-0144-39d26b28,plan_and_solve,SUCCESS,s4,calculate,success,3.94,500,280,,5.0,5.0
1774602353.676724,sess-0144-39d26b28,plan_and_solve,SUCCESS,s5,web_fetch,success,155.58,500,280,,5.0,5.0
1774602351.827196,sess-0067-d5ea68bf,plan_and_solve,CASCADE_FAILED,s1,calculate,success,6.10,500,0,,1.0,0.0
1774602351.833301,sess-0067-d5ea68bf,plan_and_solve,CASCADE_FAILED,s2,mock_heavy,error,1999.59,500,,,1.0,0.0
1774602351.703507,sess-0055-0fa1c33d,plan_and_solve,CASCADE_FAILED,s1,web_fetch,success,158.71,500,0,,2.0,0.0
1774602351.862216,sess-0055-0fa1c33d,plan_and_solve,CASCADE_FAILED,s2,calculate,success,8.26,500,0,,2.0,0.0
1774602351.870480,sess-0055-0fa1c33d,plan_and_solve,CASCADE_FAILED,s3,mock_heavy,error,1993.82,500,,,2.0,0.0
1774602351.858073,sess-0068-d404957f,plan_and_solve,CASCADE_FAILED,s1,calculate,success,11.33,500,0,,1.0,0.0
1774602351.869420,sess-0068-d404957f,plan_and_solve,CASCADE_FAILED,s2,mock_heavy,error,1994.88,500,,,1.0,0.0
1774602353.783121,sess-0178-79cfb8c7,plan_and_solve,SUCCESS,s1,web_fetch,success,164.79,500,400,,3.0,3.0
1774602353.947913,sess-0178-79cfb8c7,plan_and_solve,SUCCESS,s2,calculate,success,1.60,500,440,,3.0,3.0
1774602353.949509,sess-0178-79cfb8c7,plan_and_solve,SUCCESS,s3,calculate,success,2.13,500,440,,3.0,3.0
1774602351.327445,sess-0036-aa85d679,plan_and_solve,CASCADE_FAILED,s1,calculate,success,8.13,500,0,,5.0,0.0
1774602351.335575,sess-0036-aa85d679,plan_and_solve,CASCADE_FAILED,s2,web_fetch,success,157.55,500,0,,5.0,0.0
1774602351.493639,sess-0036-aa85d679,plan_and_solve,CASCADE_FAILED,s3,web_fetch,success,155.75,500,0,,5.0,0.0
1774602351.649386,sess-0036-aa85d679,plan_and_solve,CASCADE_FAILED,s4,web_fetch,success,156.17,500,0,,5.0,0.0
1774602351.805559,sess-0036-aa85d679,plan_and_solve,CASCADE_FAILED,s5,web_fetch,success,156.88,500,0,,5.0,0.0
1774602351.962955,sess-0036-aa85d679,plan_and_solve,CASCADE_FAILED,s6,mock_heavy,error,1988.69,500,,,5.0,0.0
1774602351.790230,sess-0062-6f72a530,plan_and_solve,CASCADE_FAILED,s1,web_fetch,success,160.67,500,0,,2.0,0.0
1774602351.950896,sess-0062-6f72a530,plan_and_solve,CASCADE_FAILED,s2,calculate,success,9.40,500,0,,2.0,0.0
1774602351.960300,sess-0062-6f72a530,plan_and_solve,CASCADE_FAILED,s3,mock_heavy,error,1991.34,500,,,2.0,0.0
1774602351.953732,sess-0072-91cab584,plan_and_solve,REJECTED_AT_STEP_0,s1,mock_heavy,error,1997.91,500,,,0.0,0.0
1774602351.494805,sess-0050-70b8363f,plan_and_solve,CASCADE_FAILED,s1,web_fetch,success,162.88,500,0,,3.0,0.0
1774602351.657685,sess-0050-70b8363f,plan_and_solve,CASCADE_FAILED,s2,web_fetch,success,156.05,500,0,,3.0,0.0
1774602351.813733,sess-0050-70b8363f,plan_and_solve,CASCADE_FAILED,s3,web_fetch,success,159.58,500,0,,3.0,0.0
1774602351.973316,sess-0050-70b8363f,plan_and_solve,CASCADE_FAILED,s4,mock_heavy,error,1978.84,500,,,3.0,0.0
1774602351.951946,sess-0071-2377db11,plan_and_solve,CASCADE_FAILED,s1,calculate,success,11.53,500,0,,2.0,0.0
1774602351.964000,sess-0071-2377db11,plan_and_solve,CASCADE_FAILED,s2,calculate,success,13.19,500,0,,2.0,0.0
1774602351.977193,sess-0071-2377db11,plan_and_solve,CASCADE_FAILED,s3,mock_heavy,error,1974.98,500,,,2.0,0.0
1774602353.337509,sess-0155-c9d25859,plan_and_solve,SUCCESS,s1,calculate,success,7.52,500,200,,5.0,5.0
1774602353.345033,sess-0155-c9d25859,plan_and_solve,SUCCESS,s2,web_fetch,success,155.69,500,200,,5.0,5.0
1774602353.500723,sess-0155-c9d25859,plan_and_solve,SUCCESS,s3,web_fetch,success,154.92,500,240,,5.0,5.0
1774602353.655639,sess-0155-c9d25859,plan_and_solve,SUCCESS,s4,web_fetch,success,153.48,500,280,,5.0,5.0
1774602353.809122,sess-0155-c9d25859,plan_and_solve,SUCCESS,s5,web_fetch,success,153.88,500,400,,5.0,5.0
1774602351.986325,sess-0074-406610c8,plan_and_solve,REJECTED_AT_STEP_0,s1,mock_heavy,error,2000.01,500,,,0.0,0.0
1774602351.826118,sess-0066-9f857ad4,plan_and_solve,CASCADE_FAILED,s1,calculate,success,5.92,500,0,,2.0,0.0
1774602351.832036,sess-0066-9f857ad4,plan_and_solve,CASCADE_FAILED,s2,web_fetch,success,154.81,500,0,,2.0,0.0
1774602351.986848,sess-0066-9f857ad4,plan_and_solve,CASCADE_FAILED,s3,mock_heavy,error,1999.48,500,,,2.0,0.0
1774602351.694991,sess-0054-4488106d,plan_and_solve,CASCADE_FAILED,s1,calculate,success,7.91,500,0,,3.0,0.0
1774602351.702949,sess-0054-4488106d,plan_and_solve,CASCADE_FAILED,s2,web_fetch,success,154.60,500,0,,3.0,0.0
1774602351.857551,sess-0054-4488106d,plan_and_solve,CASCADE_FAILED,s3,web_fetch,success,155.07,500,0,,3.0,0.0
1774602352.012625,sess-0054-4488106d,plan_and_solve,CASCADE_FAILED,s4,mock_heavy,error,2008.24,500,,,3.0,0.0
1774602353.725912,sess-0172-eae1bb4b,plan_and_solve,CASCADE_FAILED,s1,web_fetch,success,154.39,500,320,,2.0,0.0
1774602353.880299,sess-0172-eae1bb4b,plan_and_solve,CASCADE_FAILED,s2,web_fetch,success,153.66,500,480,,2.0,0.0
1774602354.033959,sess-0172-eae1bb4b,plan_and_solve,CASCADE_FAILED,s3,web_fetch,rejected,0.00,500,,,2.0,0.0
1774602354.034959,sess-0196-6f8b9b03,plan_and_solve,REJECTED_AT_STEP_0,s1,calculate,rejected,0.00,500,,,0.0,0.0
1774602354.034959,sess-0197-d971c8c6,plan_and_solve,REJECTED_AT_STEP_0,s1,mock_heavy,rejected,1.00,500,,,0.0,0.0
1774602354.035959,sess-0198-9955d082,plan_and_solve,REJECTED_AT_STEP_0,s1,web_fetch,rejected,0.00,500,,,0.0,0.0
1774602354.035959,sess-0199-b927cd7d,plan_and_solve,REJECTED_AT_STEP_0,s1,calculate,rejected,1.00,500,,,0.0,0.0
1774602353.590492,sess-0167-2e2e1339,plan_and_solve,SUCCESS,s1,web_fetch,success,156.96,500,240,,3.0,3.0
1774602353.747447,sess-0167-2e2e1339,plan_and_solve,SUCCESS,s2,web_fetch,success,152.66,500,360,,3.0,3.0
1774602353.900108,sess-0167-2e2e1339,plan_and_solve,SUCCESS,s3,web_fetch,success,153.38,500,480,,3.0,3.0
1774602352.061366,sess-0076-8846dc4c,plan_and_solve,CASCADE_FAILED,s1,calculate,success,6.64,500,0,,1.0,0.0
1774602352.068004,sess-0076-8846dc4c,plan_and_solve,CASCADE_FAILED,s2,mock_heavy,error,2011.01,500,,,1.0,0.0
1774602351.777065,sess-0058-4f3f9d06,plan_and_solve,CASCADE_FAILED,s1,web_fetch,success,164.21,500,0,,4.0,0.0
1774602351.941276,sess-0058-4f3f9d06,plan_and_solve,CASCADE_FAILED,s2,calculate,success,8.02,500,0,,4.0,0.0
1774602351.949831,sess-0058-4f3f9d06,plan_and_solve,CASCADE_FAILED,s3,web_fetch,success,160.57,500,0,,4.0,0.0
1774602352.110398,sess-0058-4f3f9d06,plan_and_solve,CASCADE_FAILED,s4,calculate,success,4.81,500,0,,4.0,0.0
1774602352.115209,sess-0058-4f3f9d06,plan_and_solve,CASCADE_FAILED,s5,mock_heavy,error,1994.81,500,,,4.0,0.0
1774602352.128657,sess-0081-2915e4ca,plan_and_solve,REJECTED_AT_STEP_0,s1,mock_heavy,error,1981.36,500,,,0.0,0.0
1774602353.953901,sess-0190-c67a13cb,plan_and_solve,SUCCESS,s1,calculate,success,7.76,500,440,,3.0,3.0
1774602353.961656,sess-0190-c67a13cb,plan_and_solve,SUCCESS,s2,web_fetch,success,153.36,500,440,,3.0,3.0
1774602354.115015,sess-0190-c67a13cb,plan_and_solve,SUCCESS,s3,calculate,success,3.00,500,480,,3.0,3.0
1774602353.810123,sess-0180-03083d1e,plan_and_solve,SUCCESS,s1,calculate,success,4.00,500,400,,3.0,3.0
1774602353.814124,sess-0180-03083d1e,plan_and_solve,SUCCESS,s2,web_fetch,success,152.48,500,400,,3.0,3.0
1774602353.966605,sess-0180-03083d1e,plan_and_solve,SUCCESS,s3,web_fetch,success,152.41,500,440,,3.0,3.0
1774602352.145115,sess-0085-0c55ef44,plan_and_solve,REJECTED_AT_STEP_0,s1,mock_heavy,error,1997.90,500,,,0.0,0.0
1774602352.143490,sess-0084-03953139,plan_and_solve,REJECTED_AT_STEP_0,s1,mock_heavy,error,1999.52,500,,,0.0,0.0
1774602352.140786,sess-0083-d5d0ba87,plan_and_solve,REJECTED_AT_STEP_0,s1,mock_heavy,error,2002.23,500,,,0.0,0.0
1774602353.987412,sess-0194-22206cf5,plan_and_solve,CASCADE_FAILED,s1,web_fetch,success,155.60,500,480,,1.0,0.0
1774602354.143014,sess-0194-22206cf5,plan_and_solve,CASCADE_FAILED,s2,calculate,rejected,1.00,500,,,1.0,0.0
1774602353.833415,sess-0183-db9bffa8,plan_and_solve,CASCADE_FAILED,s1,web_fetch,success,158.56,500,440,,2.0,0.0
1774602353.991979,sess-0183-db9bffa8,plan_and_solve,CASCADE_FAILED,s2,web_fetch,success,152.03,500,480,,2.0,0.0
1774602354.144013,sess-0183-db9bffa8,plan_and_solve,CASCADE_FAILED,s3,calculate,rejected,1.00,500,,,2.0,0.0
1774602353.986844,sess-0193-55294942,plan_and_solve,CASCADE_FAILED,s1,calculate,success,4.02,500,480,,4.0,0.0
1774602353.991435,sess-0193-55294942,plan_and_solve,CASCADE_FAILED,s2,calculate,success,2.40,500,480,,4.0,0.0
1774602353.993832,sess-0193-55294942,plan_and_solve,CASCADE_FAILED,s3,calculate,success,2.24,500,480,,4.0,0.0
1774602353.996071,sess-0193-55294942,plan_and_solve,CASCADE_FAILED,s4,web_fetch,success,151.94,500,480,,4.0,0.0
1774602354.148013,sess-0193-55294942,plan_and_solve,CASCADE_FAILED,s5,calculate,rejected,1.00,500,,,4.0,0.0
1774602352.155938,sess-0087-493e4ece,plan_and_solve,REJECTED_AT_STEP_0,s1,mock_heavy,error,2014.25,500,,,0.0,0.0
1774602352.174344,sess-0088-adb9eff0,plan_and_solve,REJECTED_AT_STEP_0,s1,mock_heavy,error,1995.84,500,,,0.0,0.0
1774602352.013667,sess-0075-5a9ffbc5,plan_and_solve,CASCADE_FAILED,s1,calculate,success,4.77,500,0,,2.0,0.0
1774602352.018441,sess-0075-5a9ffbc5,plan_and_solve,CASCADE_FAILED,s2,web_fetch,success,159.89,500,0,,2.0,0.0
1774602352.178328,sess-0075-5a9ffbc5,plan_and_solve,CASCADE_FAILED,s3,mock_heavy,error,1991.86,500,,,2.0,0.0
1774602353.865301,sess-0185-e2f33f36,plan_and_solve,CASCADE_FAILED,s1,web_fetch,success,155.56,500,440,,2.0,0.0
1774602354.020863,sess-0185-e2f33f36,plan_and_solve,CASCADE_FAILED,s2,web_fetch,success,153.32,500,480,,2.0,0.0
1774602354.174186,sess-0185-e2f33f36,plan_and_solve,CASCADE_FAILED,s3,web_fetch,rejected,1.00,500,,,2.0,0.0
1774602354.021430,sess-0195-57c16ed3,plan_and_solve,CASCADE_FAILED,s1,web_fetch,success,152.76,500,480,,1.0,0.0
1774602354.174186,sess-0195-57c16ed3,plan_and_solve,CASCADE_FAILED,s2,mock_heavy,rejected,1.00,500,,,1.0,0.0
1774602352.232156,sess-0091-1d4508ab,plan_and_solve,REJECTED_AT_STEP_0,s1,mock_heavy,error,2016.10,500,,,0.0,0.0
1774602352.094919,sess-0078-2deb1008,plan_and_solve,CASCADE_FAILED,s1,web_fetch,success,161.40,500,0,,1.0,0.0
1774602352.256841,sess-0078-2deb1008,plan_and_solve,CASCADE_FAILED,s2,mock_heavy,error,1991.42,500,,,1.0,0.0
1774602352.097942,sess-0079-8d97bb60,plan_and_solve,CASCADE_FAILED,s1,web_fetch,success,159.96,500,0,,2.0,0.0
1774602352.257900,sess-0079-8d97bb60,plan_and_solve,CASCADE_FAILED,s2,calculate,success,5.75,500,0,,2.0,0.0
1774602352.263654,sess-0079-8d97bb60,plan_and_solve,CASCADE_FAILED,s3,mock_heavy,error,2002.85,500,,,2.0,0.0
1774602353.953901,sess-0191-9acb6ec0,plan_and_solve,CASCADE_FAILED,s1,web_fetch,success,158.11,500,440,,2.0,0.0
1774602354.112014,sess-0191-9acb6ec0,plan_and_solve,CASCADE_FAILED,s2,web_fetch,success,153.96,500,480,,2.0,0.0
1774602354.265971,sess-0191-9acb6ec0,plan_and_solve,CASCADE_FAILED,s3,web_fetch,rejected,0.63,500,,,2.0,0.0
1774602351.957665,sess-0073-3cbd342c,plan_and_solve,CASCADE_FAILED,s1,web_fetch,success,169.91,500,0,,3.0,0.0
1774602352.128117,sess-0073-3cbd342c,plan_and_solve,CASCADE_FAILED,s2,calculate,success,5.52,500,0,,3.0,0.0
1774602352.133640,sess-0073-3cbd342c,plan_and_solve,CASCADE_FAILED,s3,web_fetch,success,155.07,500,0,,3.0,0.0
1774602352.288707,sess-0073-3cbd342c,plan_and_solve,CASCADE_FAILED,s4,mock_heavy,error,2005.34,500,,,3.0,0.0
1774602351.785175,sess-0060-d0227c2c,plan_and_solve,CASCADE_FAILED,s1,web_fetch,success,163.00,500,0,,4.0,0.0
1774602351.948180,sess-0060-d0227c2c,plan_and_solve,CASCADE_FAILED,s2,calculate,success,11.08,500,0,,4.0,0.0
1774602351.959255,sess-0060-d0227c2c,plan_and_solve,CASCADE_FAILED,s3,web_fetch,success,161.28,500,0,,4.0,0.0
1774602352.120537,sess-0060-d0227c2c,plan_and_solve,CASCADE_FAILED,s4,web_fetch,success,159.26,500,0,,4.0,0.0
1774602352.279796,sess-0060-d0227c2c,plan_and_solve,CASCADE_FAILED,s5,mock_heavy,error,2014.26,500,,,4.0,0.0
1774602352.302004,sess-0099-2208efcb,plan_and_solve,REJECTED_AT_STEP_0,s1,mock_heavy,error,1992.05,500,,,0.0,0.0
1774602352.305647,sess-0101-051e83ea,plan_and_solve,REJECTED_AT_STEP_0,s1,mock_heavy,error,1988.40,500,,,0.0,0.0
1774602352.140235,sess-0082-07acdd87,plan_and_solve,CASCADE_FAILED,s1,web_fetch,success,154.38,500,0,,1.0,0.0
1774602352.294613,sess-0082-07acdd87,plan_and_solve,CASCADE_FAILED,s2,mock_heavy,error,1999.44,500,,,1.0,0.0
1774602352.298298,sess-0097-d0e1a3ec,plan_and_solve,CASCADE_FAILED,s1,calculate,success,16.58,500,0,,1.0,0.0
1774602352.314876,sess-0097-d0e1a3ec,plan_and_solve,CASCADE_FAILED,s2,mock_heavy,error,2010.95,500,,,1.0,0.0
1774602352.366460,sess-0107-c2a4520e,plan_and_solve,REJECTED_AT_STEP_0,s1,mock_heavy,error,1990.53,500,,,0.0,0.0
1774602352.404568,sess-0112-b7ed4030,plan_and_solve,REJECTED_AT_STEP_0,s1,mock_heavy,error,2000.42,500,,,0.0,0.0
1774602352.280953,sess-0094-eb911517,plan_and_solve,CASCADE_FAILED,s1,web_fetch,success,154.56,500,0,,1.0,0.0
1774602352.435511,sess-0094-eb911517,plan_and_solve,CASCADE_FAILED,s2,mock_heavy,error,2016.47,500,,,1.0,0.0
1774602352.295138,sess-0095-675d0d8d,plan_and_solve,CASCADE_FAILED,s1,web_fetch,success,156.44,500,0,,3.0,0.0
1774602352.451581,sess-0095-675d0d8d,plan_and_solve,CASCADE_FAILED,s2,calculate,success,5.68,500,0,,3.0,0.0
1774602352.457259,sess-0095-675d0d8d,plan_and_solve,CASCADE_FAILED,s3,calculate,success,3.99,500,0,,3.0,0.0
1774602352.461246,sess-0095-675d0d8d,plan_and_solve,CASCADE_FAILED,s4,mock_heavy,error,1990.74,500,,,3.0,0.0
1774602352.451581,sess-0113-49bb636c,plan_and_solve,REJECTED_AT_STEP_0,s1,mock_heavy,error,2000.40,500,,,0.0,0.0
1774602352.296726,sess-0096-30970862,plan_and_solve,CASCADE_FAILED,s1,web_fetch,success,161.20,500,0,,4.0,0.0
1774602352.457922,sess-0096-30970862,plan_and_solve,CASCADE_FAILED,s2,calculate,success,4.52,500,0,,4.0,0.0
1774602352.462445,sess-0096-30970862,plan_and_solve,CASCADE_FAILED,s3,calculate,success,6.69,500,0,,4.0,0.0
1774602352.469130,sess-0096-30970862,plan_and_solve,CASCADE_FAILED,s4,calculate,success,8.84,500,0,,4.0,0.0
1774602352.477969,sess-0096-30970862,plan_and_solve,CASCADE_FAILED,s5,mock_heavy,error,1974.02,500,,,4.0,0.0
1774602352.299860,sess-0098-2c061b69,plan_and_solve,CASCADE_FAILED,s1,calculate,success,15.55,500,0,,2.0,0.0
1774602352.315405,sess-0098-2c061b69,plan_and_solve,CASCADE_FAILED,s2,web_fetch,success,159.59,500,0,,2.0,0.0
1774602352.475213,sess-0098-2c061b69,plan_and_solve,CASCADE_FAILED,s3,mock_heavy,error,1976.77,500,,,2.0,0.0
1774602352.304055,sess-0100-0e82d165,plan_and_solve,CASCADE_FAILED,s1,web_fetch,success,161.73,500,0,,1.0,0.0
1774602352.465785,sess-0100-0e82d165,plan_and_solve,CASCADE_FAILED,s2,mock_heavy,error,1986.20,500,,,1.0,0.0
1774602352.311673,sess-0104-94cf1ab3,plan_and_solve,CASCADE_FAILED,s1,calculate,success,8.24,500,0,,4.0,0.0
1774602352.319918,sess-0104-94cf1ab3,plan_and_solve,CASCADE_FAILED,s2,web_fetch,success,155.84,500,0,,4.0,0.0
1774602352.476295,sess-0104-94cf1ab3,plan_and_solve,CASCADE_FAILED,s3,calculate,success,6.48,500,0,,4.0,0.0
1774602352.482779,sess-0104-94cf1ab3,plan_and_solve,CASCADE_FAILED,s4,calculate,success,3.95,500,0,,4.0,0.0
1774602352.487246,sess-0104-94cf1ab3,plan_and_solve,CASCADE_FAILED,s5,mock_heavy,error,2010.64,500,,,4.0,0.0
1774602352.365466,sess-0106-26705548,plan_and_solve,CASCADE_FAILED,s1,web_fetch,success,158.20,500,0,,1.0,0.0
1774602352.523661,sess-0106-26705548,plan_and_solve,CASCADE_FAILED,s2,mock_heavy,error,2004.84,500,,,1.0,0.0
1774602352.517271,sess-0115-a294cf5d,plan_and_solve,REJECTED_AT_STEP_0,s1,mock_heavy,error,2011.23,500,,,0.0,0.0
1774602352.586512,sess-0117-e4e7b61a,plan_and_solve,REJECTED_AT_STEP_0,s1,mock_heavy,error,2004.86,500,,,0.0,0.0
1774602352.582887,sess-0116-7ca50ba8,plan_and_solve,REJECTED_AT_STEP_0,s1,mock_heavy,error,2008.49,500,,,0.0,0.0
1774602352.251008,sess-0092-de76101f,plan_and_solve,CASCADE_FAILED,s1,calculate,success,9.24,500,0,,5.0,0.0
1774602352.260764,sess-0092-de76101f,plan_and_solve,CASCADE_FAILED,s2,web_fetch,success,158.76,500,0,,5.0,0.0
1774602352.419528,sess-0092-de76101f,plan_and_solve,CASCADE_FAILED,s3,calculate,success,11.33,500,0,,5.0,0.0
1774602352.430860,sess-0092-de76101f,plan_and_solve,CASCADE_FAILED,s4,web_fetch,success,156.83,500,0,,5.0,0.0
1774602352.587690,sess-0092-de76101f,plan_and_solve,CASCADE_FAILED,s5,calculate,success,9.27,500,0,,5.0,0.0
1774602352.596956,sess-0092-de76101f,plan_and_solve,CASCADE_FAILED,s6,mock_heavy,error,1994.42,500,,,5.0,0.0
1774602352.309928,sess-0102-d64a572f,plan_and_solve,CASCADE_FAILED,s1,web_fetch,success,158.08,500,0,,2.0,0.0
1774602352.468007,sess-0102-d64a572f,plan_and_solve,CASCADE_FAILED,s2,web_fetch,success,156.43,500,0,,2.0,0.0
1774602352.624438,sess-0102-d64a572f,plan_and_solve,CASCADE_FAILED,s3,mock_heavy,error,2016.14,500,,,2.0,0.0
1774602352.483466,sess-0114-1eba847d,plan_and_solve,CASCADE_FAILED,s1,calculate,success,8.17,500,0,,4.0,0.0
1774602352.491639,sess-0114-1eba847d,plan_and_solve,CASCADE_FAILED,s2,web_fetch,success,154.84,500,0,,4.0,0.0
1774602352.646482,sess-0114-1eba847d,plan_and_solve,CASCADE_FAILED,s3,calculate,success,4.51,500,0,,4.0,0.0
1774602352.650995,sess-0114-1eba847d,plan_and_solve,CASCADE_FAILED,s4,calculate,success,5.12,500,0,,4.0,0.0
1774602352.656628,sess-0114-1eba847d,plan_and_solve,CASCADE_FAILED,s5,mock_heavy,error,2011.01,500,,,4.0,0.0
1774602352.364928,sess-0105-53f74e1e,plan_and_solve,CASCADE_FAILED,s1,web_fetch,success,157.68,500,0,,3.0,0.0
1774602352.522607,sess-0105-53f74e1e,plan_and_solve,CASCADE_FAILED,s2,calculate,success,5.24,500,0,,3.0,0.0
1774602352.528380,sess-0105-53f74e1e,plan_and_solve,CASCADE_FAILED,s3,web_fetch,success,155.11,500,0,,3.0,0.0
1774602352.683486,sess-0105-53f74e1e,plan_and_solve,CASCADE_FAILED,s4,mock_heavy,error,1984.16,500,,,3.0,0.0
1774602352.701277,sess-0119-89121adf,plan_and_solve,REJECTED_AT_STEP_0,s1,mock_heavy,error,2028.94,500,,,0.0,0.0
1774602352.393073,sess-0109-2c4393c1,plan_and_solve,CASCADE_FAILED,s1,calculate,success,13.17,500,0,,5.0,0.0
1774602352.406239,sess-0109-2c4393c1,plan_and_solve,CASCADE_FAILED,s2,calculate,success,13.29,500,0,,5.0,0.0
1774602352.420380,sess-0109-2c4393c1,plan_and_solve,CASCADE_FAILED,s3,calculate,success,10.80,500,0,,5.0,0.0
1774602352.431708,sess-0109-2c4393c1,plan_and_solve,CASCADE_FAILED,s4,web_fetch,success,157.87,500,0,,5.0,0.0
1774602352.589579,sess-0109-2c4393c1,plan_and_solve,CASCADE_FAILED,s5,web_fetch,success,160.18,500,0,,5.0,0.0
1774602352.749759,sess-0109-2c4393c1,plan_and_solve,CASCADE_FAILED,s6,mock_heavy,error,2025.78,500,,,5.0,0.0
1774602352.264930,sess-0093-3d70be94,plan_and_solve,CASCADE_FAILED,s1,web_fetch,success,161.60,500,0,,4.0,0.0
1774602352.426532,sess-0093-3d70be94,plan_and_solve,CASCADE_FAILED,s2,web_fetch,success,158.27,500,0,,4.0,0.0
1774602352.585355,sess-0093-3d70be94,plan_and_solve,CASCADE_FAILED,s3,calculate,success,8.59,500,0,,4.0,0.0
1774602352.593950,sess-0093-3d70be94,plan_and_solve,CASCADE_FAILED,s4,web_fetch,success,157.70,500,0,,4.0,0.0
1774602352.751647,sess-0093-3d70be94,plan_and_solve,CASCADE_FAILED,s5,mock_heavy,error,2023.89,500,,,4.0,0.0
1774602352.805983,sess-0120-b7e3e594,plan_and_solve,REJECTED_AT_STEP_0,s1,mock_heavy,error,2000.85,500,,,0.0,0.0
1774602352.881366,sess-0123-498cdc42,plan_and_solve,REJECTED_AT_STEP_0,s1,mock_heavy,error,2015.85,500,,,0.0,0.0
1774602352.916524,sess-0125-c0480e19,plan_and_solve,REJECTED_AT_STEP_0,s1,mock_heavy,error,2011.46,500,,,0.0,0.0
1774602352.591385,sess-0118-c7c76444,plan_and_solve,CASCADE_FAILED,s1,calculate,success,9.03,500,0,,4.0,0.0
1774602352.600416,sess-0118-c7c76444,plan_and_solve,CASCADE_FAILED,s2,web_fetch,success,155.84,500,0,,4.0,0.0
1774602352.756254,sess-0118-c7c76444,plan_and_solve,CASCADE_FAILED,s3,web_fetch,success,156.78,500,0,,4.0,0.0
1774602352.913216,sess-0118-c7c76444,plan_and_solve,CASCADE_FAILED,s4,calculate,success,6.80,500,80,,4.0,0.0
1774602352.920011,sess-0118-c7c76444,plan_and_solve,CASCADE_FAILED,s5,mock_heavy,error,2007.97,500,,,4.0,0.0
1774602353.082680,sess-0129-86256a26,plan_and_solve,REJECTED_AT_STEP_0,s1,mock_heavy,error,2014.67,500,,,0.0,0.0
1774602353.083282,sess-0130-dfd8788f,plan_and_solve,REJECTED_AT_STEP_0,s1,mock_heavy,error,2014.09,500,,,0.0,0.0
1774602353.117829,sess-0136-6eef4a0c,plan_and_solve,REJECTED_AT_STEP_0,s1,mock_heavy,error,2009.71,500,,,0.0,0.0
1774602353.112899,sess-0132-d66bb172,plan_and_solve,REJECTED_AT_STEP_0,s1,mock_heavy,error,2014.64,500,,,0.0,0.0
1774602353.138359,sess-0139-29184a65,plan_and_solve,REJECTED_AT_STEP_0,s1,mock_heavy,error,2020.09,500,,,0.0,0.0
1774602352.851956,sess-0122-4a6ce0d6,plan_and_solve,CASCADE_FAILED,s1,web_fetch,success,156.36,500,40,,2.0,0.0
1774602353.008316,sess-0122-4a6ce0d6,plan_and_solve,CASCADE_FAILED,s2,web_fetch,success,156.55,500,160,,2.0,0.0
1774602353.164861,sess-0122-4a6ce0d6,plan_and_solve,CASCADE_FAILED,s3,mock_heavy,error,1993.58,500,,,2.0,0.0
1774602353.282163,sess-0146-15a054c4,plan_and_solve,REJECTED_AT_STEP_0,s1,mock_heavy,error,2014.88,500,,,0.0,0.0
1774602352.917902,sess-0126-d4fabaa8,plan_and_solve,CASCADE_FAILED,s1,web_fetch,success,203.01,500,120,,2.0,0.0
1774602353.120914,sess-0126-d4fabaa8,plan_and_solve,CASCADE_FAILED,s2,web_fetch,success,158.23,500,160,,2.0,0.0
1774602353.279148,sess-0126-d4fabaa8,plan_and_solve,CASCADE_FAILED,s3,mock_heavy,error,2017.90,500,,,2.0,0.0
1774602353.115488,sess-0134-24a62205,plan_and_solve,CASCADE_FAILED,s1,web_fetch,success,171.83,500,160,,1.0,0.0
1774602353.287316,sess-0134-24a62205,plan_and_solve,CASCADE_FAILED,s2,mock_heavy,error,2009.73,500,,,1.0,0.0
1774602352.806970,sess-0121-6d1952d2,plan_and_solve,CASCADE_FAILED,s1,calculate,success,8.70,500,0,,4.0,0.0
1774602352.815671,sess-0121-6d1952d2,plan_and_solve,CASCADE_FAILED,s2,web_fetch,success,156.17,500,0,,4.0,0.0
1774602352.971840,sess-0121-6d1952d2,plan_and_solve,CASCADE_FAILED,s3,web_fetch,success,161.34,500,120,,4.0,0.0
1774602353.133178,sess-0121-6d1952d2,plan_and_solve,CASCADE_FAILED,s4,web_fetch,success,166.97,500,200,,4.0,0.0
1774602353.300147,sess-0121-6d1952d2,plan_and_solve,CASCADE_FAILED,s5,mock_heavy,error,1996.90,500,,,4.0,0.0
1774602353.128632,sess-0138-a114195e,plan_and_solve,CASCADE_FAILED,s1,web_fetch,success,167.54,500,200,,1.0,0.0
1774602353.296169,sess-0138-a114195e,plan_and_solve,CASCADE_FAILED,s2,mock_heavy,error,2000.87,500,,,1.0,0.0
1774602353.114028,sess-0133-481b2c86,plan_and_solve,CASCADE_FAILED,s1,web_fetch,success,177.40,500,160,,3.0,0.0
1774602353.291426,sess-0133-481b2c86,plan_and_solve,CASCADE_FAILED,s2,calculate,success,19.46,500,160,,3.0,0.0
1774602353.310881,sess-0133-481b2c86,plan_and_solve,CASCADE_FAILED,s3,calculate,success,7.99,500,160,,3.0,0.0
1774602353.318871,sess-0133-481b2c86,plan_and_solve,CASCADE_FAILED,s4,mock_heavy,error,2008.62,500,,,3.0,0.0
1774602353.285032,sess-0148-780bc630,plan_and_solve,CASCADE_FAILED,s1,calculate,success,21.90,500,160,,2.0,0.0
1774602353.306935,sess-0148-780bc630,plan_and_solve,CASCADE_FAILED,s2,calculate,success,10.76,500,160,,2.0,0.0
1774602353.317697,sess-0148-780bc630,plan_and_solve,CASCADE_FAILED,s3,mock_heavy,error,2010.34,500,,,2.0,0.0
1774602353.314218,sess-0151-4c766eb9,plan_and_solve,REJECTED_AT_STEP_0,s1,mock_heavy,error,2013.82,500,,,0.0,0.0
1774602353.328132,sess-0154-0a8cfda2,plan_and_solve,REJECTED_AT_STEP_0,s1,mock_heavy,error,1999.90,500,,,0.0,0.0
1774602353.155353,sess-0141-21856085,plan_and_solve,CASCADE_FAILED,s1,calculate,success,10.61,500,200,,2.0,0.0
1774602353.165963,sess-0141-21856085,plan_and_solve,CASCADE_FAILED,s2,web_fetch,success,161.23,500,200,,2.0,0.0
1774602353.327191,sess-0141-21856085,plan_and_solve,CASCADE_FAILED,s3,mock_heavy,error,2001.38,500,,,2.0,0.0
1774602353.326654,sess-0153-57f25bfe,plan_and_solve,CASCADE_FAILED,s1,calculate,success,16.19,500,200,,1.0,0.0
1774602353.342843,sess-0153-57f25bfe,plan_and_solve,CASCADE_FAILED,s2,mock_heavy,error,1985.73,500,,,1.0,0.0
1774602353.353549,sess-0156-64782e44,plan_and_solve,REJECTED_AT_STEP_0,s1,mock_heavy,error,1975.02,500,,,0.0,0.0
1774602353.405038,sess-0158-3f97b9f8,plan_and_solve,REJECTED_AT_STEP_0,s1,mock_heavy,error,2014.94,500,,,0.0,0.0
1774602353.405378,sess-0159-25b6b188,plan_and_solve,REJECTED_AT_STEP_0,s1,mock_heavy,error,2015.13,500,,,0.0,0.0
1774602353.283683,sess-0147-3b9ef1e7,plan_and_solve,CASCADE_FAILED,s1,web_fetch,success,173.04,500,160,,1.0,0.0
1774602353.456723,sess-0147-3b9ef1e7,plan_and_solve,CASCADE_FAILED,s2,mock_heavy,error,2009.11,500,,,1.0,0.0
1774602353.453883,sess-0163-d3f6594d,plan_and_solve,REJECTED_AT_STEP_0,s1,mock_heavy,error,2011.95,500,,,0.0,0.0
1774602353.138942,sess-0140-dc649131,plan_and_solve,CASCADE_FAILED,s1,web_fetch,success,165.65,500,200,,4.0,0.0
1774602353.304592,sess-0140-dc649131,plan_and_solve,CASCADE_FAILED,s2,calculate,success,12.47,500,160,,4.0,0.0
1774602353.317066,sess-0140-dc649131,plan_and_solve,CASCADE_FAILED,s3,web_fetch,success,165.98,500,160,,4.0,0.0
1774602353.483047,sess-0140-dc649131,plan_and_solve,CASCADE_FAILED,s4,calculate,success,4.95,500,240,,4.0,0.0
1774602353.487996,sess-0140-dc649131,plan_and_solve,CASCADE_FAILED,s5,mock_heavy,error,2008.85,500,,,4.0,0.0
1774602353.325567,sess-0152-f7c24284,plan_and_solve,CASCADE_FAILED,s1,web_fetch,success,164.14,500,200,,1.0,0.0
1774602353.489709,sess-0152-f7c24284,plan_and_solve,CASCADE_FAILED,s2,mock_heavy,error,2007.68,500,,,1.0,0.0
1774602353.155899,sess-0142-efc53f30,plan_and_solve,CASCADE_FAILED,s1,calculate,success,6.50,500,200,,4.0,0.0
1774602353.162397,sess-0142-efc53f30,plan_and_solve,CASCADE_FAILED,s2,web_fetch,success,158.17,500,200,,4.0,0.0
1774602353.320564,sess-0142-efc53f30,plan_and_solve,CASCADE_FAILED,s3,calculate,success,15.86,500,160,,4.0,0.0
1774602353.336428,sess-0142-efc53f30,plan_and_solve,CASCADE_FAILED,s4,web_fetch,success,159.03,500,200,,4.0,0.0
1774602353.495458,sess-0142-efc53f30,plan_and_solve,CASCADE_FAILED,s5,mock_heavy,error,2001.93,500,,,4.0,0.0
1774602353.502447,sess-0164-b242dac4,plan_and_solve,CASCADE_FAILED,s1,calculate,success,3.89,500,240,,1.0,0.0
1774602353.506333,sess-0164-b242dac4,plan_and_solve,CASCADE_FAILED,s2,mock_heavy,error,1991.05,500,,,1.0,0.0
1774602353.363778,sess-0157-2eb4b172,plan_and_solve,CASCADE_FAILED,s1,calculate,success,3.75,500,200,,2.0,0.0
1774602353.367531,sess-0157-2eb4b172,plan_and_solve,CASCADE_FAILED,s2,web_fetch,success,154.78,500,200,,2.0,0.0
1774602353.522310,sess-0157-2eb4b172,plan_and_solve,CASCADE_FAILED,s3,mock_heavy,error,2005.46,500,,,2.0,0.0
1774602353.543401,sess-0165-39fe48aa,plan_and_solve,REJECTED_AT_STEP_0,s1,mock_heavy,error,1984.93,500,,,0.0,0.0
1774602353.406278,sess-0160-f578565f,plan_and_solve,CASCADE_FAILED,s1,calculate,success,4.23,500,160,,3.0,0.0
1774602353.410505,sess-0160-f578565f,plan_and_solve,CASCADE_FAILED,s2,calculate,success,1.74,500,160,,3.0,0.0
1774602353.412243,sess-0160-f578565f,plan_and_solve,CASCADE_FAILED,s3,web_fetch,success,154.46,500,160,,3.0,0.0
1774602353.566698,sess-0160-f578565f,plan_and_solve,CASCADE_FAILED,s4,mock_heavy,error,2006.90,500,,,3.0,0.0
1774602353.627485,sess-0168-1a556c14,plan_and_solve,REJECTED_AT_STEP_0,s1,mock_heavy,error,2022.53,500,,,0.0,0.0
1774602353.649757,sess-0169-14a1cdad,plan_and_solve,REJECTED_AT_STEP_0,s1,mock_heavy,error,2000.25,500,,,0.0,0.0
1774602353.589194,sess-0166-b3b458fc,plan_and_solve,CASCADE_FAILED,s1,calculate,success,8.87,500,240,,2.0,0.0
1774602353.598064,sess-0166-b3b458fc,plan_and_solve,CASCADE_FAILED,s2,web_fetch,success,155.00,500,240,,2.0,0.0
1774602353.753069,sess-0166-b3b458fc,plan_and_solve,CASCADE_FAILED,s3,mock_heavy,error,2021.48,500,,,2.0,0.0
1774602353.782123,sess-0177-ca1e9229,plan_and_solve,CASCADE_FAILED,s1,calculate,success,13.00,500,400,,1.0,0.0
1774602353.795122,sess-0177-ca1e9229,plan_and_solve,CASCADE_FAILED,s2,mock_heavy,error,2026.73,500,,,1.0,0.0
1774602353.784123,sess-0179-963c8634,plan_and_solve,CASCADE_FAILED,s1,calculate,success,12.00,500,400,,1.0,0.0
1774602353.796121,sess-0179-963c8634,plan_and_solve,CASCADE_FAILED,s2,mock_heavy,error,2026.26,500,,,1.0,0.0
1774602353.771122,sess-0173-d5beae89,plan_and_solve,CASCADE_FAILED,s1,calculate,success,9.00,500,360,,3.0,0.0
1774602353.780123,sess-0173-d5beae89,plan_and_solve,CASCADE_FAILED,s2,calculate,success,8.00,500,400,,3.0,0.0
1774602353.788123,sess-0173-d5beae89,plan_and_solve,CASCADE_FAILED,s3,calculate,success,6.00,500,400,,3.0,0.0
1774602353.794124,sess-0173-d5beae89,plan_and_solve,CASCADE_FAILED,s4,mock_heavy,error,2028.25,500,,,3.0,0.0
1774602353.815121,sess-0181-846d39f8,plan_and_solve,CASCADE_FAILED,s1,calculate,success,2.00,500,400,,1.0,0.0
1774602353.817122,sess-0181-846d39f8,plan_and_solve,CASCADE_FAILED,s2,mock_heavy,error,2005.79,500,,,1.0,0.0
1774602353.652365,sess-0170-8a3f5e4e,plan_and_solve,CASCADE_FAILED,s1,calculate,success,1.63,500,280,,3.0,0.0
1774602353.653991,sess-0170-8a3f5e4e,plan_and_solve,CASCADE_FAILED,s2,web_fetch,success,154.13,500,280,,3.0,0.0
1774602353.808123,sess-0170-8a3f5e4e,plan_and_solve,CASCADE_FAILED,s3,calculate,success,3.00,500,400,,3.0,0.0
1774602353.811123,sess-0170-8a3f5e4e,plan_and_solve,CASCADE_FAILED,s4,mock_heavy,error,2011.79,500,,,3.0,0.0
1774602353.832894,sess-0182-e2956462,plan_and_solve,CASCADE_FAILED,s1,calculate,success,8.41,500,440,,1.0,0.0
1774602353.841300,sess-0182-e2956462,plan_and_solve,CASCADE_FAILED,s2,mock_heavy,error,2010.37,500,,,1.0,0.0
1774602353.864300,sess-0184-7c43c1ad,plan_and_solve,REJECTED_AT_STEP_0,s1,mock_heavy,error,2017.95,500,,,0.0,0.0
1774602353.430576,sess-0161-be8b4e86,plan_and_solve,CASCADE_FAILED,s1,web_fetch,success,155.56,500,200,,4.0,0.0
1774602353.586141,sess-0161-be8b4e86,plan_and_solve,CASCADE_FAILED,s2,web_fetch,success,157.59,500,240,,4.0,0.0
1774602353.743732,sess-0161-be8b4e86,plan_and_solve,CASCADE_FAILED,s3,calculate,success,3.97,500,360,,4.0,0.0
1774602353.747699,sess-0161-be8b4e86,plan_and_solve,CASCADE_FAILED,s4,web_fetch,success,152.41,500,360,,4.0,0.0
1774602353.900108,sess-0161-be8b4e86,plan_and_solve,CASCADE_FAILED,s5,mock_heavy,error,2013.05,500,,,4.0,0.0
1774602353.781122,sess-0176-9cd8e2f1,plan_and_solve,CASCADE_FAILED,s1,web_fetch,success,163.38,500,400,,2.0,0.0
1774602353.944500,sess-0176-9cd8e2f1,plan_and_solve,CASCADE_FAILED,s2,calculate,success,2.88,500,440,,2.0,0.0
1774602353.947385,sess-0176-9cd8e2f1,plan_and_solve,CASCADE_FAILED,s3,mock_heavy,error,2011.69,500,,,2.0,0.0
1774602353.773122,sess-0174-21fae9a8,plan_and_solve,CASCADE_FAILED,s1,calculate,success,13.00,500,360,,2.0,0.0
1774602353.786124,sess-0174-21fae9a8,plan_and_solve,CASCADE_FAILED,s2,web_fetch,success,155.24,500,400,,2.0,0.0
1774602353.941360,sess-0174-21fae9a8,plan_and_solve,CASCADE_FAILED,s3,mock_heavy,error,2018.28,500,,,2.0,0.0
1774602353.952170,sess-0187-a02f9ff7,plan_and_solve,REJECTED_AT_STEP_0,s1,mock_heavy,error,2007.47,500,,,0.0,0.0
1774602353.776122,sess-0175-b79fb9f4,plan_and_solve,CASCADE_FAILED,s1,calculate,success,11.00,500,360,,4.0,0.0
1774602353.787122,sess-0175-b79fb9f4,plan_and_solve,CASCADE_FAILED,s2,calculate,success,6.00,500,400,,4.0,0.0
1774602353.793123,sess-0175-b79fb9f4,plan_and_solve,CASCADE_FAILED,s3,calculate,success,6.00,500,400,,4.0,0.0
1774602353.799124,sess-0175-b79fb9f4,plan_and_solve,CASCADE_FAILED,s4,web_fetch,success,155.88,500,400,,4.0,0.0
1774602353.954999,sess-0175-b79fb9f4,plan_and_solve,CASCADE_FAILED,s5,mock_heavy,error,2004.64,500,,,4.0,0.0
1774602353.963518,sess-0192-9993df2e,plan_and_solve,REJECTED_AT_STEP_0,s1,mock_heavy,error,1996.67,500,,,0.0,0.0
1774602353.953249,sess-0189-6f46f80b,plan_and_solve,CASCADE_FAILED,s1,calculate,success,7.28,500,440,,3.0,0.0
1774602353.960530,sess-0189-6f46f80b,plan_and_solve,CASCADE_FAILED,s2,calculate,success,2.32,500,440,,3.0,0.0
1774602353.963004,sess-0189-6f46f80b,plan_and_solve,CASCADE_FAILED,s3,calculate,success,2.17,500,440,,3.0,0.0
1774602353.965170,sess-0189-6f46f80b,plan_and_solve,CASCADE_FAILED,s4,mock_heavy,error,1995.02,500,,,3.0,0.0
1774602353.952170,sess-0186-fff56c15,plan_and_solve,CASCADE_FAILED,s1,web_fetch,success,156.84,500,440,,2.0,0.0
1774602354.109014,sess-0186-fff56c15,plan_and_solve,CASCADE_FAILED,s2,calculate,success,4.00,500,480,,2.0,0.0
1774602354.113013,sess-0186-fff56c15,plan_and_solve,CASCADE_FAILED,s3,mock_heavy,error,2013.42,500,,,2.0,0.0
1774602353.952718,sess-0188-a5501683,plan_and_solve,CASCADE_FAILED,s1,web_fetch,success,158.30,500,440,,2.0,0.0
1774602354.111014,sess-0188-a5501683,plan_and_solve,CASCADE_FAILED,s2,calculate,success,3.00,500,480,,2.0,0.0
1774602354.114015,sess-0188-a5501683,plan_and_solve,CASCADE_FAILED,s3,mock_heavy,error,2012.42,500,,,2.0,0.0
