timestamp,session_id,mode,session_state,step_id,tool_name,status,latency_ms,budget,locked_price,regime,raw_goodput,effective_goodput,shadow_would_reject,gateway_latency_us
1779333312.919087,sess-0020-292d6d6c,react,REJECTED_AT_STEP_0,r1,calculate,rejected,5.08,500,,,0.0,0.0,False,0.0
1779333312.922190,sess-0021-4e1ea9be,plan_and_solve,REJECTED_AT_STEP_0,s1,web_fetch,rejected,5.29,500,,,0.0,0.0,False,0.0
1779333312.925285,sess-0023-058cdd36,react,REJECTED_AT_STEP_0,r1,mock_heavy,rejected,3.35,500,,,0.0,0.0,False,0.0
1779333312.923608,sess-0022-f98800b4,plan_and_solve,REJECTED_AT_STEP_0,s1,mock_heavy,rejected,5.02,500,,,0.0,0.0,False,0.0
1779333312.928049,sess-0025-1dd42be8,plan_and_solve,REJECTED_AT_STEP_0,s1,web_fetch,rejected,1.70,500,,,0.0,0.0,False,0.0
1779333312.926660,sess-0024-ee6f306b,plan_and_solve,REJECTED_AT_STEP_0,s1,mock_heavy,rejected,3.14,500,,,0.0,0.0,False,0.0
1779333312.972798,sess-0026-765ea082,react,REJECTED_AT_STEP_0,r1,calculate,rejected,1.69,500,,,0.0,0.0,False,0.0
1779333312.973356,sess-0027-9dd1f488,plan_and_solve,REJECTED_AT_STEP_0,s1,web_fetch,rejected,1.70,500,,,0.0,0.0,False,0.0
1779333312.974488,sess-0028-2c658268,react,REJECTED_AT_STEP_0,r1,calculate,rejected,1.12,500,,,0.0,0.0,False,0.0
1779333313.003040,sess-0029-949cda90,react,REJECTED_AT_STEP_0,r1,web_fetch,rejected,2.79,500,,,0.0,0.0,False,0.0
1779333313.004335,sess-0030-227bead8,plan_and_solve,REJECTED_AT_STEP_0,s1,web_fetch,rejected,2.08,500,,,0.0,0.0,False,0.0
1779333313.022615,sess-0031-7262e8e5,plan_and_solve,REJECTED_AT_STEP_0,s1,calculate,rejected,3.10,500,,,0.0,0.0,False,0.0
1779333313.023745,sess-0032-ca98efbe,react,REJECTED_AT_STEP_0,r1,calculate,rejected,3.22,500,,,0.0,0.0,False,0.0
1779333313.025123,sess-0033-4cf4748b,react,REJECTED_AT_STEP_0,r1,calculate,rejected,1.88,500,,,0.0,0.0,False,0.0
1779333312.709532,sess-0007-6cf39f49,react,SUCCESS,r1,web_fetch,success,159.70,500,0,,2.0,2.0,False,0.0
1779333312.869236,sess-0007-6cf39f49,react,SUCCESS,r2,web_fetch,success,188.51,500,0,,2.0,2.0,False,0.0
1779333313.153963,sess-0035-5d2face8,react,REJECTED_AT_STEP_0,r1,calculate,rejected,1.85,500,,,0.0,0.0,False,0.0
1779333313.183500,sess-0036-6ecfcf79,react,REJECTED_AT_STEP_0,r1,web_fetch,rejected,3.42,500,,,0.0,0.0,False,0.0
1779333313.184657,sess-0037-0e5a01e1,plan_and_solve,REJECTED_AT_STEP_0,s1,calculate,rejected,2.37,500,,,0.0,0.0,False,0.0
1779333313.185266,sess-0038-e50c3e20,plan_and_solve,REJECTED_AT_STEP_0,s1,calculate,rejected,1.76,500,,,0.0,0.0,False,0.0
1779333313.187029,sess-0039-3100d7ac,react,REJECTED_AT_STEP_0,r1,mock_heavy,rejected,3.30,500,,,0.0,0.0,False,0.0
1779333313.187956,sess-0040-c644282e,plan_and_solve,REJECTED_AT_STEP_0,s1,web_fetch,rejected,3.47,500,,,0.0,0.0,False,0.0
1779333313.189808,sess-0041-34d3d1f2,plan_and_solve,REJECTED_AT_STEP_0,s1,mock_heavy,rejected,2.19,500,,,0.0,0.0,False,0.0
1779333313.190411,sess-0042-d7499394,react,REJECTED_AT_STEP_0,r1,mock_heavy,rejected,2.91,500,,,0.0,0.0,False,0.0
1779333313.191999,sess-0043-e3dace5a,react,REJECTED_AT_STEP_0,r1,mock_heavy,rejected,1.33,500,,,0.0,0.0,False,0.0
1779333313.243184,sess-0044-af5ff099,react,REJECTED_AT_STEP_0,r1,mock_heavy,rejected,2.99,500,,,0.0,0.0,False,0.0
1779333313.245006,sess-0045-644dad98,react,REJECTED_AT_STEP_0,r1,calculate,rejected,1.78,500,,,0.0,0.0,False,0.0
1779333313.273318,sess-0046-cf80dc42,plan_and_solve,REJECTED_AT_STEP_0,s1,web_fetch,rejected,4.05,500,,,0.0,0.0,False,0.0
1779333313.275619,sess-0047-086df8fa,plan_and_solve,REJECTED_AT_STEP_0,s1,web_fetch,rejected,2.48,500,,,0.0,0.0,False,0.0
1779333313.276744,sess-0048-d5e77cfc,react,REJECTED_AT_STEP_0,r1,mock_heavy,rejected,1.36,500,,,0.0,0.0,False,0.0
1779333313.303659,sess-0049-c34501d7,react,REJECTED_AT_STEP_0,r1,calculate,rejected,1.75,500,,,0.0,0.0,False,0.0
1779333313.304230,sess-0050-4d7cb02c,react,REJECTED_AT_STEP_0,r1,web_fetch,rejected,1.76,500,,,0.0,0.0,False,0.0
1779333313.378853,sess-0051-7b19561b,react,REJECTED_AT_STEP_0,r1,calculate,rejected,1.14,500,,,0.0,0.0,False,0.0
1779333312.909851,sess-0016-fa2d9287,react,SUCCESS,r1,calculate,success,486.34,500,0,,1.0,1.0,False,0.0
1779333313.468899,sess-0053-34f7ecf4,plan_and_solve,REJECTED_AT_STEP_0,s1,mock_heavy,rejected,1.27,500,,,0.0,0.0,False,0.0
1779333313.512226,sess-0054-365e397a,react,REJECTED_AT_STEP_0,r1,web_fetch,rejected,1.01,500,,,0.0,0.0,False,0.0
1779333313.516855,sess-0055-1a8255fd,react,REJECTED_AT_STEP_0,r1,calculate,rejected,1.09,500,,,0.0,0.0,False,0.0
1779333313.576560,sess-0056-0ceff4b8,plan_and_solve,REJECTED_AT_STEP_0,s1,calculate,rejected,1.79,500,,,0.0,0.0,False,0.0
1779333313.577702,sess-0057-8bcb74fa,plan_and_solve,REJECTED_AT_STEP_0,s1,mock_heavy,rejected,1.86,500,,,0.0,0.0,False,0.0
1779333313.578983,sess-0058-fe9d567c,react,REJECTED_AT_STEP_0,r1,web_fetch,rejected,2.35,500,,,0.0,0.0,False,0.0
1779333313.580153,sess-0059-4a6b5e3c,react,REJECTED_AT_STEP_0,r1,web_fetch,rejected,2.32,500,,,0.0,0.0,False,0.0
1779333313.581329,sess-0060-f09cbc8c,react,REJECTED_AT_STEP_0,r1,web_fetch,rejected,2.51,500,,,0.0,0.0,False,0.0
1779333313.582473,sess-0061-7877b33d,plan_and_solve,REJECTED_AT_STEP_0,s1,web_fetch,rejected,2.53,500,,,0.0,0.0,False,0.0
1779333313.583838,sess-0062-8a314d2e,react,REJECTED_AT_STEP_0,r1,mock_heavy,rejected,1.75,500,,,0.0,0.0,False,0.0
1779333313.633097,sess-0063-5f9fc160,plan_and_solve,REJECTED_AT_STEP_0,s1,web_fetch,rejected,2.30,500,,,0.0,0.0,False,0.0
1779333313.633676,sess-0064-f76c9916,react,REJECTED_AT_STEP_0,r1,calculate,rejected,2.29,500,,,0.0,0.0,False,0.0
1779333313.634818,sess-0065-0167390c,plan_and_solve,REJECTED_AT_STEP_0,s1,web_fetch,rejected,1.74,500,,,0.0,0.0,False,0.0
1779333313.645549,sess-0066-898f274b,plan_and_solve,REJECTED_AT_STEP_0,s1,web_fetch,rejected,1.71,500,,,0.0,0.0,False,0.0
1779333313.646116,sess-0067-8d57067b,plan_and_solve,REJECTED_AT_STEP_0,s1,calculate,rejected,1.66,500,,,0.0,0.0,False,0.0
1779333312.627434,sess-0002-67a46805,plan_and_solve,SUCCESS,s1,web_fetch,success,162.00,500,0,,3.0,3.0,False,0.0
1779333312.789438,sess-0002-67a46805,plan_and_solve,SUCCESS,s2,web_fetch,success,154.14,500,0,,3.0,3.0,False,0.0
1779333312.944117,sess-0002-67a46805,plan_and_solve,SUCCESS,s3,web_fetch,success,736.67,500,0,,3.0,3.0,False,0.0
1779333313.681892,sess-0069-b8901871,react,REJECTED_AT_STEP_0,r1,web_fetch,rejected,0.63,500,,,0.0,0.0,False,0.0
1779333312.571170,sess-0001-5f1fb0e4,react,SUCCESS,r1,calculate,success,6.80,500,0,,10.0,10.0,False,0.0
1779333312.577970,sess-0001-5f1fb0e4,react,SUCCESS,r2,web_fetch,success,156.08,500,0,,10.0,10.0,False,0.0
1779333312.734046,sess-0001-5f1fb0e4,react,SUCCESS,r3,calculate,success,5.68,500,0,,10.0,10.0,False,0.0
1779333312.739784,sess-0001-5f1fb0e4,react,SUCCESS,r4,calculate,success,5.29,500,0,,10.0,10.0,False,0.0
1779333312.745075,sess-0001-5f1fb0e4,react,SUCCESS,r5,web_fetch,success,156.37,500,0,,10.0,10.0,False,0.0
1779333312.901448,sess-0001-5f1fb0e4,react,SUCCESS,r6,mock_heavy,success,850.05,500,0,,10.0,10.0,False,0.0
1779333313.799075,sess-0071-a0bf1daf,react,REJECTED_AT_STEP_0,r1,mock_heavy,rejected,3.09,500,,,0.0,0.0,False,0.0
1779333313.800364,sess-0072-42b0f147,react,REJECTED_AT_STEP_0,r1,calculate,rejected,2.37,500,,,0.0,0.0,False,0.0
1779333313.801591,sess-0073-3e626c27,plan_and_solve,REJECTED_AT_STEP_0,s1,mock_heavy,rejected,1.78,500,,,0.0,0.0,False,0.0
1779333313.829238,sess-0074-9d942507,plan_and_solve,REJECTED_AT_STEP_0,s1,mock_heavy,rejected,1.59,500,,,0.0,0.0,False,0.0
1779333313.859814,sess-0075-e7613597,plan_and_solve,REJECTED_AT_STEP_0,s1,web_fetch,rejected,1.76,500,,,0.0,0.0,False,0.0
1779333313.876027,sess-0076-6c1c3581,react,REJECTED_AT_STEP_0,r1,mock_heavy,rejected,1.43,500,,,0.0,0.0,False,0.0
1779333313.920627,sess-0077-a23d8448,plan_and_solve,REJECTED_AT_STEP_0,s1,calculate,rejected,3.15,500,,,0.0,0.0,False,0.0
1779333313.921804,sess-0078-4c454a05,plan_and_solve,REJECTED_AT_STEP_0,s1,web_fetch,rejected,3.29,500,,,0.0,0.0,False,0.0
1779333313.923166,sess-0079-a9306c46,react,REJECTED_AT_STEP_0,r1,mock_heavy,rejected,3.17,500,,,0.0,0.0,False,0.0
1779333313.925327,sess-0080-c47bd135,react,REJECTED_AT_STEP_0,r1,web_fetch,rejected,1.01,500,,,0.0,0.0,False,0.0
1779333313.979660,sess-0081-a83a7e70,plan_and_solve,REJECTED_AT_STEP_0,s1,web_fetch,rejected,1.94,500,,,0.0,0.0,False,0.0
1779333313.996080,sess-0082-1aecc264,react,REJECTED_AT_STEP_0,r1,calculate,rejected,3.03,500,,,0.0,0.0,False,0.0
1779333313.996760,sess-0083-b9df0ae8,react,REJECTED_AT_STEP_0,r1,calculate,rejected,3.97,500,,,0.0,0.0,False,0.0
1779333313.998455,sess-0084-66de5d89,plan_and_solve,REJECTED_AT_STEP_0,s1,calculate,rejected,2.84,500,,,0.0,0.0,False,0.0
1779333314.000149,sess-0085-39b0e7d0,plan_and_solve,REJECTED_AT_STEP_0,s1,mock_heavy,rejected,2.86,500,,,0.0,0.0,False,0.0
1779333314.001893,sess-0086-820fe17a,react,REJECTED_AT_STEP_0,r1,calculate,rejected,1.17,500,,,0.0,0.0,False,0.0
1779333314.028311,sess-0087-e606e943,react,REJECTED_AT_STEP_0,r1,calculate,rejected,1.86,500,,,0.0,0.0,False,0.0
1779333314.033627,sess-0088-81875908,plan_and_solve,REJECTED_AT_STEP_0,s1,calculate,rejected,1.79,500,,,0.0,0.0,False,0.0
1779333314.084816,sess-0089-84c23db7,react,REJECTED_AT_STEP_0,r1,web_fetch,rejected,3.19,500,,,0.0,0.0,False,0.0
1779333314.086013,sess-0090-e137c275,plan_and_solve,REJECTED_AT_STEP_0,s1,web_fetch,rejected,3.40,500,,,0.0,0.0,False,0.0
1779333314.087404,sess-0091-debe2b0c,plan_and_solve,REJECTED_AT_STEP_0,s1,web_fetch,rejected,2.54,500,,,0.0,0.0,False,0.0
1779333314.130583,sess-0092-179ff367,react,REJECTED_AT_STEP_0,r1,web_fetch,rejected,1.49,500,,,0.0,0.0,False,0.0
1779333314.175472,sess-0093-d58c4a1f,react,REJECTED_AT_STEP_0,r1,web_fetch,rejected,1.17,500,,,0.0,0.0,False,0.0
1779333314.195714,sess-0094-988466f2,react,REJECTED_AT_STEP_0,r1,web_fetch,rejected,1.16,500,,,0.0,0.0,False,0.0
1779333313.752058,sess-0070-7b1a52cf,react,SUCCESS,r1,web_fetch,success,445.39,500,0,,1.0,1.0,False,0.0
1779333312.787330,sess-0011-6b6d2d4a,plan_and_solve,SUCCESS,s1,calculate,success,118.27,500,0,,7.0,7.0,False,0.0
1779333312.905596,sess-0011-6b6d2d4a,plan_and_solve,SUCCESS,s2,mock_heavy,success,848.82,500,0,,7.0,7.0,False,0.0
1779333313.754419,sess-0011-6b6d2d4a,plan_and_solve,SUCCESS,s3,calculate,success,458.66,500,0,,7.0,7.0,False,0.0
1779333314.212431,sess-0097-e42368a0,react,REJECTED_AT_STEP_0,r1,calculate,rejected,3.56,500,,,0.0,0.0,False,0.0
1779333314.215196,sess-0099-e50f9f03,plan_and_solve,REJECTED_AT_STEP_0,s1,web_fetch,rejected,3.70,500,,,0.0,0.0,False,0.0
1779333312.902577,sess-0013-846844f0,plan_and_solve,CASCADE_FAILED,s1,mock_heavy,success,924.27,500,0,,6.0,0.0,False,0.0
1779333313.827407,sess-0013-846844f0,plan_and_solve,CASCADE_FAILED,s2,calculate,success,388.58,500,0,,6.0,0.0,False,0.0
1779333314.215989,sess-0013-846844f0,plan_and_solve,CASCADE_FAILED,s3,mock_heavy,rejected,4.19,500,,,6.0,0.0,False,0.0
1779333314.217733,sess-0100-2af0f6c7,plan_and_solve,REJECTED_AT_STEP_0,s1,web_fetch,rejected,3.14,500,,,0.0,0.0,False,0.0
1779333314.219567,sess-0101-5c4a75ff,plan_and_solve,REJECTED_AT_STEP_0,s1,mock_heavy,rejected,1.95,500,,,0.0,0.0,False,0.0
1779333314.250879,sess-0102-5daad1d0,react,REJECTED_AT_STEP_0,r1,web_fetch,rejected,3.49,500,,,0.0,0.0,False,0.0
1779333314.252545,sess-0103-7a238c20,plan_and_solve,REJECTED_AT_STEP_0,s1,web_fetch,rejected,2.93,500,,,0.0,0.0,False,0.0
1779333314.253709,sess-0104-0296e782,plan_and_solve,REJECTED_AT_STEP_0,s1,calculate,rejected,1.84,500,,,0.0,0.0,False,0.0
1779333314.311633,sess-0105-a8d07a8b,react,REJECTED_AT_STEP_0,r1,web_fetch,rejected,3.44,500,,,0.0,0.0,False,0.0
1779333314.313191,sess-0106-3dbf3923,plan_and_solve,REJECTED_AT_STEP_0,s1,calculate,rejected,2.47,500,,,0.0,0.0,False,0.0
1779333314.314474,sess-0107-60467e5a,plan_and_solve,REJECTED_AT_STEP_0,s1,web_fetch,rejected,1.89,500,,,0.0,0.0,False,0.0
1779333314.331077,sess-0108-d35172ec,react,REJECTED_AT_STEP_0,r1,calculate,rejected,3.12,500,,,0.0,0.0,False,0.0
1779333314.332264,sess-0109-15c4e49b,react,REJECTED_AT_STEP_0,r1,web_fetch,rejected,2.54,500,,,0.0,0.0,False,0.0
1779333314.333588,sess-0110-f55b9a5f,react,REJECTED_AT_STEP_0,r1,calculate,rejected,1.82,500,,,0.0,0.0,False,0.0
1779333314.334806,sess-0111-25f65119,plan_and_solve,REJECTED_AT_STEP_0,s1,calculate,rejected,2.36,500,,,0.0,0.0,False,0.0
1779333314.335407,sess-0112-77d8119e,plan_and_solve,REJECTED_AT_STEP_0,s1,mock_heavy,rejected,1.76,500,,,0.0,0.0,False,0.0
1779333314.379530,sess-0113-0a36ca18,react,REJECTED_AT_STEP_0,r1,calculate,rejected,0.57,500,,,0.0,0.0,False,0.0
1779333314.410327,sess-0114-5c59f507,plan_and_solve,REJECTED_AT_STEP_0,s1,web_fetch,rejected,2.41,500,,,0.0,0.0,False,0.0
1779333314.447561,sess-0115-90e2fb5d,plan_and_solve,REJECTED_AT_STEP_0,s1,web_fetch,rejected,1.74,500,,,0.0,0.0,False,0.0
1779333314.479899,sess-0116-69affd30,react,REJECTED_AT_STEP_0,r1,calculate,rejected,1.81,500,,,0.0,0.0,False,0.0
1779333314.211059,sess-0096-d6b380e4,react,SUCCESS,r1,calculate,success,282.55,500,0,,1.0,1.0,False,0.0
1779333314.500472,sess-0118-91303e04,plan_and_solve,REJECTED_AT_STEP_0,s1,web_fetch,rejected,1.95,500,,,0.0,0.0,False,0.0
1779333314.552816,sess-0119-a25dd647,react,REJECTED_AT_STEP_0,r1,mock_heavy,rejected,3.15,500,,,0.0,0.0,False,0.0
1779333314.554710,sess-0120-b033fadd,plan_and_solve,REJECTED_AT_STEP_0,s1,calculate,rejected,1.86,500,,,0.0,0.0,False,0.0
1779333312.866893,sess-0012-acc24909,react,SUCCESS,r1,calculate,success,81.98,500,0,,4.0,4.0,False,0.0
1779333312.948875,sess-0012-acc24909,react,SUCCESS,r2,web_fetch,success,741.28,500,0,,4.0,4.0,False,0.0
1779333313.690157,sess-0012-acc24909,react,SUCCESS,r3,web_fetch,success,504.37,500,0,,4.0,4.0,False,0.0
1779333314.194525,sess-0012-acc24909,react,SUCCESS,r4,web_fetch,success,363.24,500,0,,4.0,4.0,False,0.0
1779333312.916899,sess-0019-cdc96aa4,react,SUCCESS,r1,mock_heavy,success,1413.02,500,0,,6.0,6.0,False,0.0
1779333314.329918,sess-0019-cdc96aa4,react,SUCCESS,r2,calculate,success,245.49,500,0,,6.0,6.0,False,0.0
1779333314.659283,sess-0123-e4fb59b3,react,REJECTED_AT_STEP_0,r1,web_fetch,rejected,4.21,500,,,0.0,0.0,False,0.0
1779333314.660580,sess-0124-034c3bf4,plan_and_solve,REJECTED_AT_STEP_0,s1,web_fetch,rejected,4.17,500,,,0.0,0.0,False,0.0
1779333314.662913,sess-0125-f3079fa5,react,REJECTED_AT_STEP_0,r1,web_fetch,rejected,3.03,500,,,0.0,0.0,False,0.0
1779333314.664772,sess-0126-1f6a1d2a,react,REJECTED_AT_STEP_0,r1,web_fetch,rejected,1.90,500,,,0.0,0.0,False,0.0
1779333312.776459,sess-0009-f45a2241,plan_and_solve,SUCCESS,s1,calculate,success,6.95,500,0,,9.0,9.0,False,0.0
1779333312.783412,sess-0009-f45a2241,plan_and_solve,SUCCESS,s2,calculate,success,8.56,500,0,,9.0,9.0,False,0.0
1779333312.791975,sess-0009-f45a2241,plan_and_solve,SUCCESS,s3,web_fetch,success,229.35,500,0,,9.0,9.0,False,0.0
1779333313.021329,sess-0009-f45a2241,plan_and_solve,SUCCESS,s4,calculate,success,554.11,500,0,,9.0,9.0,False,0.0
1779333313.576004,sess-0009-f45a2241,plan_and_solve,SUCCESS,s5,mock_heavy,success,1115.88,500,0,,9.0,9.0,False,0.0
1779333314.737861,sess-0128-de81e9a7,plan_and_solve,REJECTED_AT_STEP_0,s1,web_fetch,rejected,3.32,500,,,0.0,0.0,False,0.0
1779333314.739110,sess-0129-cc7744d4,react,REJECTED_AT_STEP_0,r1,mock_heavy,rejected,2.64,500,,,0.0,0.0,False,0.0
1779333314.740584,sess-0130-018a22ea,react,REJECTED_AT_STEP_0,r1,mock_heavy,rejected,3.05,500,,,0.0,0.0,False,0.0
1779333312.735220,sess-0008-fda3a105,react,CASCADE_FAILED,r1,mock_heavy,success,807.23,500,0,,8.0,0.0,False,0.0
1779333313.542454,sess-0008-fda3a105,react,CASCADE_FAILED,r2,calculate,success,332.48,500,0,,8.0,0.0,False,0.0
1779333313.874937,sess-0008-fda3a105,react,CASCADE_FAILED,r3,web_fetch,success,506.23,500,0,,8.0,0.0,False,0.0
1779333314.381167,sess-0008-fda3a105,react,CASCADE_FAILED,r4,web_fetch,success,362.46,500,0,,8.0,0.0,False,0.0
1779333314.744262,sess-0008-fda3a105,react,CASCADE_FAILED,r5,mock_heavy,rejected,2.59,500,,,8.0,0.0,False,0.0
1779333314.745063,sess-0132-1de5cad3,plan_and_solve,REJECTED_AT_STEP_0,s1,calculate,rejected,2.37,500,,,0.0,0.0,False,0.0
1779333314.746273,sess-0133-fc25fe7a,react,REJECTED_AT_STEP_0,r1,web_fetch,rejected,3.07,500,,,0.0,0.0,False,0.0
1779333314.747431,sess-0134-aab1c0f1,react,REJECTED_AT_STEP_0,r1,web_fetch,rejected,2.53,500,,,0.0,0.0,False,0.0
1779333314.809308,sess-0135-f82644ac,plan_and_solve,REJECTED_AT_STEP_0,s1,web_fetch,rejected,3.26,500,,,0.0,0.0,False,0.0
1779333314.810781,sess-0136-928056fd,plan_and_solve,REJECTED_AT_STEP_0,s1,web_fetch,rejected,2.37,500,,,0.0,0.0,False,0.0
1779333314.811984,sess-0137-316a3bcc,react,REJECTED_AT_STEP_0,r1,calculate,rejected,3.04,500,,,0.0,0.0,False,0.0
1779333314.813761,sess-0138-138ab8d7,plan_and_solve,REJECTED_AT_STEP_0,s1,web_fetch,rejected,2.99,500,,,0.0,0.0,False,0.0
1779333314.815645,sess-0139-67c7e47f,plan_and_solve,REJECTED_AT_STEP_0,s1,calculate,rejected,1.26,500,,,0.0,0.0,False,0.0
1779333314.900505,sess-0140-f7417531,react,REJECTED_AT_STEP_0,r1,calculate,rejected,1.86,500,,,0.0,0.0,False,0.0
1779333314.976280,sess-0141-17d934d5,plan_and_solve,REJECTED_AT_STEP_0,s1,calculate,rejected,3.78,500,,,0.0,0.0,False,0.0
1779333314.978157,sess-0142-f2e1c212,plan_and_solve,REJECTED_AT_STEP_0,s1,calculate,rejected,3.19,500,,,0.0,0.0,False,0.0
1779333314.979455,sess-0143-cf99bd9a,plan_and_solve,REJECTED_AT_STEP_0,s1,web_fetch,rejected,3.13,500,,,0.0,0.0,False,0.0
1779333314.981418,sess-0144-3c8da4fd,plan_and_solve,REJECTED_AT_STEP_0,s1,web_fetch,rejected,2.95,500,,,0.0,0.0,False,0.0
1779333314.983180,sess-0145-186fda69,react,REJECTED_AT_STEP_0,r1,calculate,rejected,2.78,500,,,0.0,0.0,False,0.0
1779333314.984436,sess-0146-a4cf5704,react,REJECTED_AT_STEP_0,r1,mock_heavy,rejected,1.78,500,,,0.0,0.0,False,0.0
1779333315.006492,sess-0147-5c4d5a25,plan_and_solve,REJECTED_AT_STEP_0,s1,web_fetch,rejected,3.47,500,,,0.0,0.0,False,0.0
1779333315.007793,sess-0148-fd714b36,react,REJECTED_AT_STEP_0,r1,web_fetch,rejected,2.75,500,,,0.0,0.0,False,0.0
1779333315.009344,sess-0149-1d4d0fd8,react,REJECTED_AT_STEP_0,r1,web_fetch,rejected,2.96,500,,,0.0,0.0,False,0.0
1779333315.011121,sess-0150-0307b3cf,plan_and_solve,REJECTED_AT_STEP_0,s1,mock_heavy,rejected,1.75,500,,,0.0,0.0,False,0.0
1779333315.066248,sess-0151-e73b230a,plan_and_solve,REJECTED_AT_STEP_0,s1,web_fetch,rejected,3.81,500,,,0.0,0.0,False,0.0
1779333315.067675,sess-0152-91a882bc,plan_and_solve,REJECTED_AT_STEP_0,s1,web_fetch,rejected,2.96,500,,,0.0,0.0,False,0.0
1779333315.069450,sess-0153-b5fe9405,plan_and_solve,REJECTED_AT_STEP_0,s1,calculate,rejected,2.98,500,,,0.0,0.0,False,0.0
1779333315.071240,sess-0154-56779847,plan_and_solve,REJECTED_AT_STEP_0,s1,web_fetch,rejected,1.19,500,,,0.0,0.0,False,0.0
1779333315.148856,sess-0155-33e5a05b,react,REJECTED_AT_STEP_0,r1,mock_heavy,rejected,2.09,500,,,0.0,0.0,False,0.0
1779333315.149526,sess-0156-f8472214,react,REJECTED_AT_STEP_0,r1,calculate,rejected,2.02,500,,,0.0,0.0,False,0.0
1779333315.165118,sess-0157-c839b9cb,react,REJECTED_AT_STEP_0,r1,calculate,rejected,1.93,500,,,0.0,0.0,False,0.0
1779333315.197180,sess-0158-69ed4ad9,plan_and_solve,REJECTED_AT_STEP_0,s1,calculate,rejected,2.59,500,,,0.0,0.0,False,0.0
1779333315.198457,sess-0159-e0519706,react,REJECTED_AT_STEP_0,r1,mock_heavy,rejected,1.84,500,,,0.0,0.0,False,0.0
1779333315.213696,sess-0161-09670af2,react,REJECTED_AT_STEP_0,r1,calculate,rejected,2.13,500,,,0.0,0.0,False,0.0
1779333314.499880,sess-0117-73ba9036,plan_and_solve,CASCADE_FAILED,s1,calculate,success,714.40,500,0,,1.0,0.0,False,0.0
1779333315.214280,sess-0117-73ba9036,plan_and_solve,CASCADE_FAILED,s2,mock_heavy,rejected,2.08,500,,,1.0,0.0,False,0.0
1779333315.224104,sess-0162-9d2e64ec,react,REJECTED_AT_STEP_0,r1,calculate,rejected,1.16,500,,,0.0,0.0,False,0.0
1779333315.262470,sess-0163-ded8bae9,react,REJECTED_AT_STEP_0,r1,mock_heavy,rejected,3.21,500,,,0.0,0.0,False,0.0
1779333315.263867,sess-0164-d72666c1,plan_and_solve,REJECTED_AT_STEP_0,s1,calculate,rejected,2.97,500,,,0.0,0.0,False,0.0
1779333315.265098,sess-0165-9173f631,plan_and_solve,REJECTED_AT_STEP_0,s1,mock_heavy,rejected,1.79,500,,,0.0,0.0,False,0.0
1779333315.293032,sess-0166-30109ff0,plan_and_solve,REJECTED_AT_STEP_0,s1,web_fetch,rejected,2.69,500,,,0.0,0.0,False,0.0
1779333315.294036,sess-0167-74118c30,react,REJECTED_AT_STEP_0,r1,calculate,rejected,2.97,500,,,0.0,0.0,False,0.0
1779333315.295149,sess-0168-d7179099,react,REJECTED_AT_STEP_0,r1,mock_heavy,rejected,3.06,500,,,0.0,0.0,False,0.0
1779333315.297040,sess-0169-5064f317,plan_and_solve,REJECTED_AT_STEP_0,s1,calculate,rejected,1.78,500,,,0.0,0.0,False,0.0
1779333314.213824,sess-0098-18095099,react,SUCCESS,r1,mock_heavy,success,1097.49,500,0,,5.0,5.0,False,0.0
1779333312.671912,sess-0003-c379629f,react,SUCCESS,r1,mock_heavy,success,809.18,500,0,,12.0,12.0,False,0.0
1779333313.481091,sess-0003-c379629f,react,SUCCESS,r2,web_fetch,success,377.25,500,0,,12.0,12.0,False,0.0
1779333313.858343,sess-0003-c379629f,react,SUCCESS,r3,calculate,success,366.62,500,0,,12.0,12.0,False,0.0
1779333314.224961,sess-0003-c379629f,react,SUCCESS,r4,mock_heavy,success,1091.18,500,0,,12.0,12.0,False,0.0
1779333315.331454,sess-0172-47f45c59,plan_and_solve,REJECTED_AT_STEP_0,s1,mock_heavy,rejected,3.37,500,,,0.0,0.0,False,0.0
1779333315.332972,sess-0173-98cd71c8,plan_and_solve,REJECTED_AT_STEP_0,s1,calculate,rejected,2.45,500,,,0.0,0.0,False,0.0
1779333315.334231,sess-0174-5f14190e,react,REJECTED_AT_STEP_0,r1,mock_heavy,rejected,1.78,500,,,0.0,0.0,False,0.0
1779333315.368044,sess-0175-71bfe8e5,plan_and_solve,REJECTED_AT_STEP_0,s1,web_fetch,rejected,3.40,500,,,0.0,0.0,False,0.0
1779333315.369866,sess-0176-d04ef815,plan_and_solve,REJECTED_AT_STEP_0,s1,calculate,rejected,1.69,500,,,0.0,0.0,False,0.0
1779333312.707060,sess-0006-57e0f2d0,plan_and_solve,CASCADE_FAILED,s1,mock_heavy,success,809.25,500,0,,11.0,0.0,False,0.0
1779333313.516307,sess-0006-57e0f2d0,plan_and_solve,CASCADE_FAILED,s2,mock_heavy,success,1054.72,500,0,,11.0,0.0,False,0.0
1779333314.571623,sess-0006-57e0f2d0,plan_and_solve,CASCADE_FAILED,s3,web_fetch,success,801.74,500,0,,11.0,0.0,False,0.0
1779333315.373365,sess-0006-57e0f2d0,plan_and_solve,CASCADE_FAILED,s4,web_fetch,rejected,1.85,500,,,11.0,0.0,False,0.0
1779333315.374579,sess-0177-351d8f45,react,REJECTED_AT_STEP_0,r1,mock_heavy,rejected,3.00,500,,,0.0,0.0,False,0.0
1779333315.376142,sess-0178-cd3cc84c,react,REJECTED_AT_STEP_0,r1,mock_heavy,rejected,1.43,500,,,0.0,0.0,False,0.0
1779333314.598288,sess-0121-f3198763,plan_and_solve,CASCADE_FAILED,s1,web_fetch,success,779.29,500,0,,1.0,0.0,False,0.0
1779333315.378588,sess-0121-f3198763,plan_and_solve,CASCADE_FAILED,s2,web_fetch,rejected,0.96,500,,,1.0,0.0,False,0.0
1779333312.904439,sess-0014-9f34eab8,plan_and_solve,CASCADE_FAILED,s1,mock_heavy,success,960.50,500,0,,11.0,0.0,False,0.0
1779333313.864936,sess-0014-9f34eab8,plan_and_solve,CASCADE_FAILED,s2,web_fetch,success,514.04,500,0,,11.0,0.0,False,0.0
1779333314.378975,sess-0014-9f34eab8,plan_and_solve,CASCADE_FAILED,s3,mock_heavy,success,1006.85,500,0,,11.0,0.0,False,0.0
1779333315.385828,sess-0014-9f34eab8,plan_and_solve,CASCADE_FAILED,s4,calculate,rejected,1.72,500,,,11.0,0.0,False,0.0
1779333315.446320,sess-0181-1f63520a,plan_and_solve,REJECTED_AT_STEP_0,s1,mock_heavy,rejected,2.44,500,,,0.0,0.0,False,0.0
1779333312.785149,sess-0010-7fcd8240,react,SUCCESS,r1,web_fetch,success,163.19,500,0,,9.0,9.0,False,0.0
1779333312.948337,sess-0010-7fcd8240,react,SUCCESS,r2,calculate,success,610.77,500,0,,9.0,9.0,False,0.0
1779333313.559668,sess-0010-7fcd8240,react,SUCCESS,r3,web_fetch,success,472.79,500,0,,9.0,9.0,False,0.0
1779333314.033038,sess-0010-7fcd8240,react,SUCCESS,r4,mock_heavy,success,1178.18,500,0,,9.0,9.0,False,0.0
1779333315.211217,sess-0010-7fcd8240,react,SUCCESS,r5,calculate,success,282.96,500,0,,9.0,9.0,False,0.0
1779333314.742349,sess-0131-32a4c7ca,plan_and_solve,CASCADE_FAILED,s1,web_fetch,success,753.14,500,0,,1.0,0.0,False,0.0
1779333315.496149,sess-0131-32a4c7ca,plan_and_solve,CASCADE_FAILED,s2,web_fetch,rejected,1.31,500,,,1.0,0.0,False,0.0
1779333315.212526,sess-0160-b9dcd7e1,plan_and_solve,CASCADE_FAILED,s1,calculate,success,298.43,500,0,,1.0,0.0,False,0.0
1779333315.510952,sess-0160-b9dcd7e1,plan_and_solve,CASCADE_FAILED,s2,mock_heavy,rejected,2.01,500,,,1.0,0.0,False,0.0
1779333315.542356,sess-0184-62b913dc,react,REJECTED_AT_STEP_0,r1,calculate,rejected,2.03,500,,,0.0,0.0,False,0.0
1779333315.543638,sess-0185-b2bb1b3e,react,REJECTED_AT_STEP_0,r1,mock_heavy,rejected,1.36,500,,,0.0,0.0,False,0.0
1779333312.704011,sess-0005-c13b2204,plan_and_solve,SUCCESS,s1,calculate,success,9.92,500,0,,14.0,14.0,False,0.0
1779333312.713927,sess-0005-c13b2204,plan_and_solve,SUCCESS,s2,calculate,success,5.19,500,0,,14.0,14.0,False,0.0
1779333312.719697,sess-0005-c13b2204,plan_and_solve,SUCCESS,s3,mock_heavy,success,804.69,500,0,,14.0,14.0,False,0.0
1779333313.524389,sess-0005-c13b2204,plan_and_solve,SUCCESS,s4,web_fetch,success,470.45,500,0,,14.0,14.0,False,0.0
1779333313.994842,sess-0005-c13b2204,plan_and_solve,SUCCESS,s5,mock_heavy,success,1152.27,500,0,,14.0,14.0,False,0.0
1779333315.147693,sess-0005-c13b2204,plan_and_solve,SUCCESS,s6,web_fetch,success,398.44,500,0,,14.0,14.0,False,0.0
1779333313.680783,sess-0068-b8b9a82a,react,CASCADE_FAILED,r1,calculate,success,346.35,500,0,,7.0,0.0,False,0.0
1779333314.027129,sess-0068-b8b9a82a,react,CASCADE_FAILED,r2,calculate,success,370.60,500,0,,7.0,0.0,False,0.0
1779333314.397734,sess-0068-b8b9a82a,react,CASCADE_FAILED,r3,mock_heavy,success,1162.17,500,0,,7.0,0.0,False,0.0
1779333315.559992,sess-0068-b8b9a82a,react,CASCADE_FAILED,r4,web_fetch,rejected,1.15,500,,,7.0,0.0,False,0.0
1779333315.625975,sess-0189-16027e36,react,REJECTED_AT_STEP_0,r1,calculate,rejected,3.36,500,,,0.0,0.0,False,0.0
1779333315.628697,sess-0191-dd54c1a2,react,REJECTED_AT_STEP_0,r1,web_fetch,rejected,1.90,500,,,0.0,0.0,False,0.0
1779333315.674042,sess-0192-cae485c0,plan_and_solve,REJECTED_AT_STEP_0,s1,calculate,rejected,1.91,500,,,0.0,0.0,False,0.0
1779333314.657990,sess-0122-6234c094,react,SUCCESS,r1,web_fetch,success,731.88,500,0,,2.0,2.0,False,0.0
1779333315.389869,sess-0122-6234c094,react,SUCCESS,r2,web_fetch,success,317.29,500,0,,2.0,2.0,False,0.0
1779333315.443357,sess-0179-7f8d75ac,react,CASCADE_FAILED,r1,web_fetch,success,280.02,500,0,,1.0,0.0,False,0.0
1779333315.723440,sess-0179-7f8d75ac,react,CASCADE_FAILED,r2,mock_heavy,rejected,2.89,500,,,1.0,0.0,False,0.0
1779333315.724595,sess-0194-1c88345a,react,REJECTED_AT_STEP_0,r1,calculate,rejected,2.89,500,,,0.0,0.0,False,0.0
1779333315.728008,sess-0196-de88a9ad,plan_and_solve,REJECTED_AT_STEP_0,s1,calculate,rejected,1.34,500,,,0.0,0.0,False,0.0
1779333315.761308,sess-0197-55310204,plan_and_solve,REJECTED_AT_STEP_0,s1,web_fetch,rejected,2.39,500,,,0.0,0.0,False,0.0
1779333315.821862,sess-0198-2f1a70f2,plan_and_solve,REJECTED_AT_STEP_0,s1,calculate,rejected,1.72,500,,,0.0,0.0,False,0.0
1779333315.876205,sess-0199-8e15b1e9,plan_and_solve,REJECTED_AT_STEP_0,s1,mock_heavy,rejected,1.85,500,,,0.0,0.0,False,0.0
1779333315.927777,sess-0200-ec38cfe2,react,REJECTED_AT_STEP_0,r1,calculate,rejected,1.79,500,,,0.0,0.0,False,0.0
1779333315.957595,sess-0201-c38955f4,plan_and_solve,REJECTED_AT_STEP_0,s1,web_fetch,rejected,2.97,500,,,0.0,0.0,False,0.0
1779333315.958759,sess-0202-bfb82413,plan_and_solve,REJECTED_AT_STEP_0,s1,web_fetch,rejected,2.39,500,,,0.0,0.0,False,0.0
1779333315.959989,sess-0203-93829b0a,plan_and_solve,REJECTED_AT_STEP_0,s1,web_fetch,rejected,1.77,500,,,0.0,0.0,False,0.0
1779333316.018224,sess-0204-8fce3d45,react,REJECTED_AT_STEP_0,r1,mock_heavy,rejected,1.40,500,,,0.0,0.0,False,0.0
1779333316.049093,sess-0205-781d657e,plan_and_solve,REJECTED_AT_STEP_0,s1,calculate,rejected,2.38,500,,,0.0,0.0,False,0.0
1779333316.050243,sess-0206-fbe779d2,react,REJECTED_AT_STEP_0,r1,mock_heavy,rejected,2.41,500,,,0.0,0.0,False,0.0
1779333316.051471,sess-0207-51c43d11,plan_and_solve,REJECTED_AT_STEP_0,s1,calculate,rejected,1.77,500,,,0.0,0.0,False,0.0
1779333316.079623,sess-0208-dc6cbfc4,plan_and_solve,REJECTED_AT_STEP_0,s1,calculate,rejected,2.99,500,,,0.0,0.0,False,0.0
1779333316.080826,sess-0209-4ae09fcd,react,REJECTED_AT_STEP_0,r1,web_fetch,rejected,2.37,500,,,0.0,0.0,False,0.0
1779333316.082031,sess-0210-c53cbbf7,react,REJECTED_AT_STEP_0,r1,web_fetch,rejected,1.78,500,,,0.0,0.0,False,0.0
1779333316.109572,sess-0211-99db3333,react,REJECTED_AT_STEP_0,r1,mock_heavy,rejected,1.24,500,,,0.0,0.0,False,0.0
1779333316.134627,sess-0212-7cf44464,plan_and_solve,REJECTED_AT_STEP_0,s1,calculate,rejected,1.80,500,,,0.0,0.0,False,0.0
1779333316.170318,sess-0213-19f6cd23,react,REJECTED_AT_STEP_0,r1,web_fetch,rejected,2.78,500,,,0.0,0.0,False,0.0
1779333316.171665,sess-0214-ddac717b,plan_and_solve,REJECTED_AT_STEP_0,s1,calculate,rejected,1.96,500,,,0.0,0.0,False,0.0
1779333316.200566,sess-0215-240348d0,plan_and_solve,REJECTED_AT_STEP_0,s1,mock_heavy,rejected,4.19,500,,,0.0,0.0,False,0.0
1779333316.201794,sess-0216-d0f26cfa,react,REJECTED_AT_STEP_0,r1,mock_heavy,rejected,4.89,500,,,0.0,0.0,False,0.0
1779333316.202965,sess-0217-5cc1f210,react,REJECTED_AT_STEP_0,r1,calculate,rejected,5.01,500,,,0.0,0.0,False,0.0
1779333312.569369,sess-0000-875d6356,plan_and_solve,SUCCESS,s1,mock_heavy,success,808.40,500,0,,17.0,17.0,False,0.0
1779333313.377767,sess-0000-875d6356,plan_and_solve,SUCCESS,s2,calculate,success,283.32,500,0,,17.0,17.0,False,0.0
1779333313.661092,sess-0000-875d6356,plan_and_solve,SUCCESS,s3,calculate,success,349.55,500,0,,17.0,17.0,False,0.0
1779333314.010640,sess-0000-875d6356,plan_and_solve,SUCCESS,s4,mock_heavy,success,1185.35,500,0,,17.0,17.0,False,0.0
1779333315.195989,sess-0000-875d6356,plan_and_solve,SUCCESS,s5,mock_heavy,success,1012.16,500,0,,17.0,17.0,False,0.0
1779333312.912205,sess-0017-05d92432,react,CASCADE_FAILED,r1,mock_heavy,success,1296.14,500,0,,12.0,0.0,False,0.0
1779333314.208345,sess-0017-05d92432,react,CASCADE_FAILED,r2,calculate,success,201.37,500,0,,12.0,0.0,False,0.0
1779333314.409716,sess-0017-05d92432,react,CASCADE_FAILED,r3,mock_heavy,success,1160.99,500,0,,12.0,0.0,False,0.0
1779333315.570709,sess-0017-05d92432,react,CASCADE_FAILED,r4,web_fetch,success,638.06,500,0,,12.0,0.0,False,0.0
1779333316.208771,sess-0017-05d92432,react,CASCADE_FAILED,r5,calculate,rejected,1.61,500,,,12.0,0.0,False,0.0
1779333315.316145,sess-0170-0620e7a9,react,CASCADE_FAILED,r1,web_fetch,success,356.22,500,0,,2.0,0.0,False,0.0
1779333315.672364,sess-0170-0620e7a9,react,CASCADE_FAILED,r2,calculate,success,553.10,500,0,,2.0,0.0,False,0.0
1779333316.226052,sess-0170-0620e7a9,react,CASCADE_FAILED,r3,calculate,rejected,2.34,500,,,2.0,0.0,False,0.0
1779333315.707164,sess-0193-84f0f8d0,plan_and_solve,CASCADE_FAILED,s1,calculate,success,533.31,500,0,,1.0,0.0,False,0.0
1779333316.240476,sess-0193-84f0f8d0,plan_and_solve,CASCADE_FAILED,s2,calculate,rejected,1.77,500,,,1.0,0.0,False,0.0
1779333316.241631,sess-0219-ef1574a1,plan_and_solve,REJECTED_AT_STEP_0,s1,mock_heavy,rejected,1.68,500,,,0.0,0.0,False,0.0
1779333314.209677,sess-0095-75fc76b5,react,SUCCESS,r1,mock_heavy,success,1013.20,500,0,,10.0,10.0,False,0.0
1779333315.222876,sess-0095-75fc76b5,react,SUCCESS,r2,mock_heavy,success,1090.86,500,0,,10.0,10.0,False,0.0
1779333316.329844,sess-0224-c9a8f9df,react,REJECTED_AT_STEP_0,r1,calculate,rejected,3.42,500,,,0.0,0.0,False,0.0
1779333316.331523,sess-0225-11c3905d,plan_and_solve,REJECTED_AT_STEP_0,s1,web_fetch,rejected,2.35,500,,,0.0,0.0,False,0.0
1779333316.332692,sess-0226-2319f715,react,REJECTED_AT_STEP_0,r1,mock_heavy,rejected,1.80,500,,,0.0,0.0,False,0.0
1779333316.408850,sess-0227-19e6f48b,react,REJECTED_AT_STEP_0,r1,mock_heavy,rejected,2.59,500,,,0.0,0.0,False,0.0
1779333316.410237,sess-0228-fbf7def3,react,REJECTED_AT_STEP_0,r1,web_fetch,rejected,1.79,500,,,0.0,0.0,False,0.0
1779333312.914604,sess-0018-03ded37f,react,CASCADE_FAILED,r1,web_fetch,success,729.80,500,0,,12.0,0.0,False,0.0
1779333313.644964,sess-0018-03ded37f,react,CASCADE_FAILED,r2,mock_heavy,success,1091.72,500,0,,12.0,0.0,False,0.0
1779333314.736687,sess-0018-03ded37f,react,CASCADE_FAILED,r3,mock_heavy,success,1396.60,500,0,,12.0,0.0,False,0.0
1779333316.133287,sess-0018-03ded37f,react,CASCADE_FAILED,r4,calculate,success,291.33,500,0,,12.0,0.0,False,0.0
1779333316.424622,sess-0018-03ded37f,react,CASCADE_FAILED,r5,calculate,rejected,1.74,500,,,12.0,0.0,False,0.0
1779333316.438520,sess-0229-27814e90,plan_and_solve,REJECTED_AT_STEP_0,s1,mock_heavy,rejected,1.34,500,,,0.0,0.0,False,0.0
1779333315.725734,sess-0195-93c97649,react,CASCADE_FAILED,r1,web_fetch,success,755.50,500,0,,1.0,0.0,False,0.0
1779333316.481237,sess-0195-93c97649,react,CASCADE_FAILED,r2,web_fetch,rejected,1.99,500,,,1.0,0.0,False,0.0
1779333316.314371,sess-0221-8a2271fa,plan_and_solve,CASCADE_FAILED,s1,calculate,success,179.11,500,0,,1.0,0.0,False,0.0
1779333316.494055,sess-0221-8a2271fa,plan_and_solve,CASCADE_FAILED,s2,calculate,rejected,1.18,500,,,1.0,0.0,False,0.0
1779333316.518887,sess-0232-66da696f,react,REJECTED_AT_STEP_0,r1,calculate,rejected,1.30,500,,,0.0,0.0,False,0.0
1779333314.692468,sess-0127-43549c51,react,CASCADE_FAILED,r1,web_fetch,success,786.29,500,0,,6.0,0.0,False,0.0
1779333315.479398,sess-0127-43549c51,react,CASCADE_FAILED,r2,mock_heavy,success,1044.28,500,0,,6.0,0.0,False,0.0
1779333316.524199,sess-0127-43549c51,react,CASCADE_FAILED,r3,web_fetch,rejected,1.24,500,,,6.0,0.0,False,0.0
1779333316.536986,sess-0233-8c95844d,plan_and_solve,REJECTED_AT_STEP_0,s1,web_fetch,rejected,3.43,500,,,0.0,0.0,False,0.0
1779333316.538655,sess-0234-53683e6d,plan_and_solve,REJECTED_AT_STEP_0,s1,web_fetch,rejected,2.99,500,,,0.0,0.0,False,0.0
1779333316.539834,sess-0235-84f8d483,react,REJECTED_AT_STEP_0,r1,mock_heavy,rejected,2.42,500,,,0.0,0.0,False,0.0
1779333316.329259,sess-0223-e94f7ed8,plan_and_solve,CASCADE_FAILED,s1,calculate,success,212.39,500,0,,1.0,0.0,False,0.0
1779333316.542251,sess-0223-e94f7ed8,plan_and_solve,CASCADE_FAILED,s2,web_fetch,rejected,0.96,500,,,1.0,0.0,False,0.0
1779333316.554332,sess-0236-132ee07c,plan_and_solve,REJECTED_AT_STEP_0,s1,calculate,rejected,3.41,500,,,0.0,0.0,False,0.0
1779333316.555467,sess-0237-9884654b,react,REJECTED_AT_STEP_0,r1,calculate,rejected,3.08,500,,,0.0,0.0,False,0.0
1779333316.557192,sess-0238-55bd8e54,plan_and_solve,REJECTED_AT_STEP_0,s1,web_fetch,rejected,1.94,500,,,0.0,0.0,False,0.0
1779333316.710653,sess-0242-4bae9f15,plan_and_solve,REJECTED_AT_STEP_0,s1,web_fetch,rejected,1.79,500,,,0.0,0.0,False,0.0
1779333316.775183,sess-0243-722c6e33,react,REJECTED_AT_STEP_0,r1,calculate,rejected,3.74,500,,,0.0,0.0,False,0.0
1779333312.907525,sess-0015-95136c5d,react,SUCCESS,r1,calculate,success,478.26,500,0,,14.0,14.0,False,0.0
1779333313.385786,sess-0015-95136c5d,react,SUCCESS,r2,mock_heavy,success,1092.96,500,0,,14.0,14.0,False,0.0
1779333314.479268,sess-0015-95136c5d,react,SUCCESS,r3,calculate,success,685.14,500,0,,14.0,14.0,False,0.0
1779333315.164509,sess-0015-95136c5d,react,SUCCESS,r4,mock_heavy,success,1041.52,500,0,,14.0,14.0,False,0.0
1779333316.206029,sess-0015-95136c5d,react,SUCCESS,r5,calculate,success,231.25,500,0,,14.0,14.0,False,0.0
1779333316.437278,sess-0015-95136c5d,react,SUCCESS,r6,web_fetch,success,341.65,500,0,,14.0,14.0,False,0.0
1779333316.778266,sess-0245-ee89528b,plan_and_solve,REJECTED_AT_STEP_0,s1,calculate,rejected,1.94,500,,,0.0,0.0,False,0.0
1779333316.820589,sess-0246-2ff671ab,plan_and_solve,REJECTED_AT_STEP_0,s1,calculate,rejected,2.94,500,,,0.0,0.0,False,0.0
1779333316.822376,sess-0247-2b60ad8b,plan_and_solve,REJECTED_AT_STEP_0,s1,calculate,rejected,1.72,500,,,0.0,0.0,False,0.0
1779333316.878721,sess-0248-7918435f,plan_and_solve,REJECTED_AT_STEP_0,s1,web_fetch,rejected,1.94,500,,,0.0,0.0,False,0.0
1779333316.943161,sess-0249-634f5f9b,plan_and_solve,REJECTED_AT_STEP_0,s1,web_fetch,rejected,1.97,500,,,0.0,0.0,False,0.0
1779333317.001070,sess-0250-76b7bf3d,react,REJECTED_AT_STEP_0,r1,web_fetch,rejected,3.40,500,,,0.0,0.0,False,0.0
1779333317.002397,sess-0251-78ac2b39,react,REJECTED_AT_STEP_0,r1,calculate,rejected,2.66,500,,,0.0,0.0,False,0.0
1779333317.003728,sess-0252-9c5c578f,plan_and_solve,REJECTED_AT_STEP_0,s1,mock_heavy,rejected,1.91,500,,,0.0,0.0,False,0.0
1779333316.290436,sess-0220-98e13e81,react,SUCCESS,r1,web_fetch,success,321.93,500,0,,2.0,2.0,False,0.0
1779333316.612371,sess-0220-98e13e81,react,SUCCESS,r2,calculate,success,426.92,500,0,,2.0,2.0,False,0.0
1779333317.041208,sess-0254-33b0f319,react,REJECTED_AT_STEP_0,r1,web_fetch,rejected,2.62,500,,,0.0,0.0,False,0.0
1779333317.042664,sess-0255-755d8376,plan_and_solve,REJECTED_AT_STEP_0,s1,calculate,rejected,1.25,500,,,0.0,0.0,False,0.0
1779333317.062472,sess-0256-b23ca0b7,react,REJECTED_AT_STEP_0,r1,web_fetch,rejected,1.40,500,,,0.0,0.0,False,0.0
1779333317.122983,sess-0257-c2021de0,plan_and_solve,REJECTED_AT_STEP_0,s1,web_fetch,rejected,2.45,500,,,0.0,0.0,False,0.0
1779333317.124835,sess-0258-d17cb8a7,plan_and_solve,REJECTED_AT_STEP_0,s1,mock_heavy,rejected,1.73,500,,,0.0,0.0,False,0.0
1779333317.145192,sess-0259-db423520,react,REJECTED_AT_STEP_0,r1,calculate,rejected,3.15,500,,,0.0,0.0,False,0.0
1779333317.145891,sess-0260-37f3b90b,react,REJECTED_AT_STEP_0,r1,mock_heavy,rejected,3.20,500,,,0.0,0.0,False,0.0
1779333317.183577,sess-0261-a970e487,plan_and_solve,REJECTED_AT_STEP_0,s1,mock_heavy,rejected,1.85,500,,,0.0,0.0,False,0.0
1779333313.396194,sess-0052-75900060,react,SUCCESS,r1,mock_heavy,success,1101.84,500,0,,13.0,13.0,False,0.0
1779333314.498034,sess-0052-75900060,react,SUCCESS,r2,web_fetch,success,830.85,500,0,,13.0,13.0,False,0.0
1779333315.328882,sess-0052-75900060,react,SUCCESS,r3,mock_heavy,success,997.26,500,0,,13.0,13.0,False,0.0
1779333316.326138,sess-0052-75900060,react,SUCCESS,r4,web_fetch,success,327.13,500,0,,13.0,13.0,False,0.0
1779333316.653263,sess-0052-75900060,react,SUCCESS,r5,web_fetch,success,553.24,500,0,,13.0,13.0,False,0.0
1779333315.445124,sess-0180-0e01e818,plan_and_solve,CASCADE_FAILED,s1,mock_heavy,success,940.74,500,0,,7.0,0.0,False,0.0
1779333316.385866,sess-0180-0e01e818,plan_and_solve,CASCADE_FAILED,s2,web_fetch,success,324.08,500,0,,7.0,0.0,False,0.0
1779333316.710050,sess-0180-0e01e818,plan_and_solve,CASCADE_FAILED,s3,calculate,success,495.30,500,0,,7.0,0.0,False,0.0
1779333317.205354,sess-0180-0e01e818,plan_and_solve,CASCADE_FAILED,s4,web_fetch,rejected,1.73,500,,,7.0,0.0,False,0.0
1779333316.226636,sess-0218-c08b1183,plan_and_solve,CASCADE_FAILED,s1,calculate,success,223.21,500,0,,3.0,0.0,False,0.0
1779333316.449845,sess-0218-c08b1183,plan_and_solve,CASCADE_FAILED,s2,web_fetch,success,369.03,500,0,,3.0,0.0,False,0.0
1779333316.818874,sess-0218-c08b1183,plan_and_solve,CASCADE_FAILED,s3,calculate,success,404.33,500,0,,3.0,0.0,False,0.0
1779333317.223204,sess-0218-c08b1183,plan_and_solve,CASCADE_FAILED,s4,calculate,rejected,1.96,500,,,3.0,0.0,False,0.0
1779333312.701671,sess-0004-3b96a063,react,SUCCESS,r1,mock_heavy,success,810.00,500,0,,19.0,19.0,False,0.0
1779333313.511670,sess-0004-3b96a063,react,SUCCESS,r2,web_fetch,success,407.89,500,0,,19.0,19.0,False,0.0
1779333313.919799,sess-0004-3b96a063,react,SUCCESS,r3,web_fetch,success,472.94,500,0,,19.0,19.0,False,0.0
1779333314.392738,sess-0004-3b96a063,react,SUCCESS,r4,mock_heavy,success,1114.57,500,0,,19.0,19.0,False,0.0
1779333315.507312,sess-0004-3b96a063,react,SUCCESS,r5,mock_heavy,success,1028.52,500,0,,19.0,19.0,False,0.0
1779333316.535836,sess-0004-3b96a063,react,SUCCESS,r6,calculate,success,354.49,500,0,,19.0,19.0,False,0.0
1779333316.890321,sess-0004-3b96a063,react,SUCCESS,r7,calculate,success,349.28,500,0,,19.0,19.0,False,0.0
1779333317.256546,sess-0263-c584878e,react,REJECTED_AT_STEP_0,r1,calculate,rejected,2.66,500,,,0.0,0.0,False,0.0
1779333317.257650,sess-0264-4db8f7c9,react,REJECTED_AT_STEP_0,r1,calculate,rejected,1.56,500,,,0.0,0.0,False,0.0
1779333317.355000,sess-0267-6e29c1b3,plan_and_solve,REJECTED_AT_STEP_0,s1,web_fetch,rejected,1.83,500,,,0.0,0.0,False,0.0
1779333317.371629,sess-0268-b78661fe,plan_and_solve,REJECTED_AT_STEP_0,s1,web_fetch,rejected,3.51,500,,,0.0,0.0,False,0.0
1779333317.373152,sess-0269-00734413,plan_and_solve,REJECTED_AT_STEP_0,s1,mock_heavy,rejected,2.65,500,,,0.0,0.0,False,0.0
1779333317.374403,sess-0270-3c048d5a,react,REJECTED_AT_STEP_0,r1,mock_heavy,rejected,2.00,500,,,0.0,0.0,False,0.0
1779333317.456783,sess-0272-e8abaa92,react,REJECTED_AT_STEP_0,r1,web_fetch,rejected,1.86,500,,,0.0,0.0,False,0.0
1779333317.495527,sess-0273-05653763,react,REJECTED_AT_STEP_0,r1,web_fetch,rejected,1.39,500,,,0.0,0.0,False,0.0
1779333315.447495,sess-0182-3cc12b04,plan_and_solve,SUCCESS,s1,mock_heavy,success,1042.52,500,0,,8.0,8.0,False,0.0
1779333316.490013,sess-0182-3cc12b04,plan_and_solve,SUCCESS,s2,web_fetch,success,452.02,500,0,,8.0,8.0,False,0.0
1779333316.942031,sess-0182-3cc12b04,plan_and_solve,SUCCESS,s3,calculate,success,312.25,500,0,,8.0,8.0,False,0.0
1779333317.254277,sess-0182-3cc12b04,plan_and_solve,SUCCESS,s4,calculate,success,248.93,500,0,,8.0,8.0,False,0.0
1779333317.547639,sess-0275-a9e00fd1,react,REJECTED_AT_STEP_0,r1,mock_heavy,rejected,2.61,500,,,0.0,0.0,False,0.0
1779333317.548911,sess-0276-061ece1f,plan_and_solve,REJECTED_AT_STEP_0,s1,calculate,rejected,1.93,500,,,0.0,0.0,False,0.0
1779333317.591582,sess-0277-47cac72a,plan_and_solve,REJECTED_AT_STEP_0,s1,web_fetch,rejected,2.60,500,,,0.0,0.0,False,0.0
1779333317.592884,sess-0278-3bae3d84,react,REJECTED_AT_STEP_0,r1,web_fetch,rejected,1.92,500,,,0.0,0.0,False,0.0
1779333317.621799,sess-0279-bb523fa4,react,REJECTED_AT_STEP_0,r1,mock_heavy,rejected,1.76,500,,,0.0,0.0,False,0.0
1779333317.652123,sess-0280-fa8007b3,react,REJECTED_AT_STEP_0,r1,web_fetch,rejected,1.91,500,,,0.0,0.0,False,0.0
1779333317.701532,sess-0281-7d34e678,react,REJECTED_AT_STEP_0,r1,web_fetch,rejected,3.44,500,,,0.0,0.0,False,0.0
1779333317.703070,sess-0282-71d26eed,react,REJECTED_AT_STEP_0,r1,web_fetch,rejected,2.50,500,,,0.0,0.0,False,0.0
1779333317.704370,sess-0283-84421f46,react,REJECTED_AT_STEP_0,r1,calculate,rejected,3.05,500,,,0.0,0.0,False,0.0
1779333317.706232,sess-0284-fe136a5e,plan_and_solve,REJECTED_AT_STEP_0,s1,web_fetch,rejected,1.43,500,,,0.0,0.0,False,0.0
1779333317.726715,sess-0285-97a29433,react,REJECTED_AT_STEP_0,r1,web_fetch,rejected,3.54,500,,,0.0,0.0,False,0.0
1779333317.727850,sess-0286-d4ea72c7,plan_and_solve,REJECTED_AT_STEP_0,s1,calculate,rejected,3.14,500,,,0.0,0.0,False,0.0
1779333317.729069,sess-0287-0c8caa6d,react,REJECTED_AT_STEP_0,r1,mock_heavy,rejected,2.45,500,,,0.0,0.0,False,0.0
1779333317.756370,sess-0288-75f32c3d,plan_and_solve,REJECTED_AT_STEP_0,s1,web_fetch,rejected,2.76,500,,,0.0,0.0,False,0.0
1779333317.757685,sess-0289-782e78ef,plan_and_solve,REJECTED_AT_STEP_0,s1,mock_heavy,rejected,2.04,500,,,0.0,0.0,False,0.0
1779333316.594889,sess-0240-d8b6698e,react,CASCADE_FAILED,r1,mock_heavy,success,1166.56,500,0,,5.0,0.0,False,0.0
1779333317.761446,sess-0240-d8b6698e,react,CASCADE_FAILED,r2,calculate,rejected,1.15,500,,,5.0,0.0,False,0.0
1779333317.770777,sess-0290-00bd767b,plan_and_solve,REJECTED_AT_STEP_0,s1,mock_heavy,rejected,2.89,500,,,0.0,0.0,False,0.0
1779333317.771888,sess-0291-6e08361a,react,REJECTED_AT_STEP_0,r1,mock_heavy,rejected,2.39,500,,,0.0,0.0,False,0.0
1779333317.773062,sess-0292-8da458ae,react,REJECTED_AT_STEP_0,r1,web_fetch,rejected,1.80,500,,,0.0,0.0,False,0.0
1779333315.624796,sess-0188-115c29dd,plan_and_solve,CASCADE_FAILED,s1,web_fetch,success,744.62,500,0,,7.0,0.0,False,0.0
1779333316.369420,sess-0188-115c29dd,plan_and_solve,CASCADE_FAILED,s2,mock_heavy,success,984.39,500,0,,7.0,0.0,False,0.0
1779333317.353808,sess-0188-115c29dd,plan_and_solve,CASCADE_FAILED,s3,calculate,success,421.64,500,0,,7.0,0.0,False,0.0
1779333317.775971,sess-0188-115c29dd,plan_and_solve,CASCADE_FAILED,s4,web_fetch,rejected,1.29,500,,,7.0,0.0,False,0.0
1779333315.330595,sess-0171-87151fb9,plan_and_solve,CASCADE_FAILED,s1,web_fetch,success,378.31,500,0,,8.0,0.0,False,0.0
1779333315.709478,sess-0171-87151fb9,plan_and_solve,CASCADE_FAILED,s2,web_fetch,success,698.68,500,0,,8.0,0.0,False,0.0
1779333316.408273,sess-0171-87151fb9,plan_and_solve,CASCADE_FAILED,s3,mock_heavy,success,962.18,500,0,,8.0,0.0,False,0.0
1779333317.370452,sess-0171-87151fb9,plan_and_solve,CASCADE_FAILED,s4,calculate,success,413.63,500,0,,8.0,0.0,False,0.0
1779333317.784144,sess-0171-87151fb9,plan_and_solve,CASCADE_FAILED,s5,calculate,rejected,1.16,500,,,8.0,0.0,False,0.0
1779333313.092650,sess-0034-6f04a0b6,react,SUCCESS,r1,mock_heavy,success,1300.65,500,0,,15.0,15.0,False,0.0
1779333314.393304,sess-0034-6f04a0b6,react,SUCCESS,r2,calculate,success,359.95,500,0,,15.0,15.0,False,0.0
1779333314.753257,sess-0034-6f04a0b6,react,SUCCESS,r3,web_fetch,success,788.55,500,0,,15.0,15.0,False,0.0
1779333315.541803,sess-0034-6f04a0b6,react,SUCCESS,r4,calculate,success,342.34,500,0,,15.0,15.0,False,0.0
1779333315.884670,sess-0034-6f04a0b6,react,SUCCESS,r5,mock_heavy,success,1302.64,500,0,,15.0,15.0,False,0.0
1779333317.187307,sess-0034-6f04a0b6,react,SUCCESS,r6,calculate,success,199.76,500,0,,15.0,15.0,False,0.0
1779333317.387069,sess-0034-6f04a0b6,react,SUCCESS,r7,calculate,success,402.66,500,0,,15.0,15.0,False,0.0
1779333317.797208,sess-0293-daa3e8f0,plan_and_solve,REJECTED_AT_STEP_0,s1,web_fetch,rejected,2.81,500,,,0.0,0.0,False,0.0
1779333317.798237,sess-0294-2df9f0e7,react,REJECTED_AT_STEP_0,r1,calculate,rejected,2.36,500,,,0.0,0.0,False,0.0
1779333317.799433,sess-0295-23ff59a6,react,REJECTED_AT_STEP_0,r1,mock_heavy,rejected,2.49,500,,,0.0,0.0,False,0.0
1779333317.800596,sess-0296-e50ad700,plan_and_solve,REJECTED_AT_STEP_0,s1,calculate,rejected,2.13,500,,,0.0,0.0,False,0.0
1779333317.411301,sess-0271-310e187f,react,CASCADE_FAILED,r1,calculate,success,391.07,500,0,,1.0,0.0,False,0.0
1779333317.802369,sess-0271-310e187f,react,CASCADE_FAILED,r2,mock_heavy,rejected,1.36,500,,,1.0,0.0,False,0.0
1779333317.811810,sess-0297-c9bdf329,react,REJECTED_AT_STEP_0,r1,calculate,rejected,1.80,500,,,0.0,0.0,False,0.0
1779333317.812439,sess-0298-91d3d0ac,react,REJECTED_AT_STEP_0,r1,mock_heavy,rejected,1.70,500,,,0.0,0.0,False,0.0
1779333317.546470,sess-0274-9c894a8d,react,CASCADE_FAILED,r1,calculate,success,271.35,500,0,,1.0,0.0,False,0.0
1779333317.817818,sess-0274-9c894a8d,react,CASCADE_FAILED,r2,mock_heavy,rejected,1.21,500,,,1.0,0.0,False,0.0
1779333317.829010,sess-0299-b505edfb,react,REJECTED_AT_STEP_0,r1,web_fetch,rejected,3.97,500,,,0.0,0.0,False,0.0
1779333316.654649,sess-0241-70c661e5,react,SUCCESS,r1,mock_heavy,success,1306.52,500,0,,5.0,5.0,False,0.0
1779333315.627380,sess-0190-69536113,plan_and_solve,SUCCESS,s1,mock_heavy,success,1397.17,500,0,,10.0,10.0,False,0.0
1779333317.025072,sess-0190-69536113,plan_and_solve,SUCCESS,s2,calculate,success,301.65,500,0,,10.0,10.0,False,0.0
1779333317.326725,sess-0190-69536113,plan_and_solve,SUCCESS,s3,web_fetch,success,537.34,500,0,,10.0,10.0,False,0.0
1779333317.864063,sess-0190-69536113,plan_and_solve,SUCCESS,s4,calculate,success,177.77,500,0,,10.0,10.0,False,0.0
1779333318.042356,sess-0190-69536113,plan_and_solve,SUCCESS,s5,calculate,success,160.03,500,0,,10.0,10.0,False,0.0
1779333318.202385,sess-0190-69536113,plan_and_solve,SUCCESS,s6,web_fetch,success,158.17,500,0,,10.0,10.0,False,0.0
1779333317.327856,sess-0266-9e88f694,react,SUCCESS,r1,calculate,success,441.66,500,0,,5.0,5.0,False,0.0
1779333317.769519,sess-0266-9e88f694,react,SUCCESS,r2,calculate,success,110.01,500,0,,5.0,5.0,False,0.0
1779333317.879533,sess-0266-9e88f694,react,SUCCESS,r3,calculate,success,164.51,500,0,,5.0,5.0,False,0.0
1779333318.044612,sess-0266-9e88f694,react,SUCCESS,r4,calculate,success,159.45,500,0,,5.0,5.0,False,0.0
1779333318.204588,sess-0266-9e88f694,react,SUCCESS,r5,web_fetch,success,261.55,500,0,,5.0,5.0,False,0.0
1779333315.546659,sess-0186-a04039f2,plan_and_solve,SUCCESS,s1,web_fetch,success,500.90,500,0,,11.0,11.0,False,0.0
1779333316.047555,sess-0186-a04039f2,plan_and_solve,SUCCESS,s2,web_fetch,success,505.04,500,0,,11.0,11.0,False,0.0
1779333316.553149,sess-0186-a04039f2,plan_and_solve,SUCCESS,s3,mock_heavy,success,1147.24,500,0,,11.0,11.0,False,0.0
1779333317.700390,sess-0186-a04039f2,plan_and_solve,SUCCESS,s4,web_fetch,success,285.52,500,0,,11.0,11.0,False,0.0
1779333317.986433,sess-0186-a04039f2,plan_and_solve,SUCCESS,s5,web_fetch,success,213.99,500,0,,11.0,11.0,False,0.0
1779333318.200419,sess-0186-a04039f2,plan_and_solve,SUCCESS,s6,web_fetch,success,157.45,500,0,,11.0,11.0,False,0.0
1779333318.358393,sess-0186-a04039f2,plan_and_solve,SUCCESS,s7,web_fetch,success,259.82,500,0,,11.0,11.0,False,0.0
1779333317.255455,sess-0262-d403c3e7,react,SUCCESS,r1,mock_heavy,success,1058.80,500,0,,9.0,9.0,False,0.0
1779333318.314256,sess-0262-d403c3e7,react,SUCCESS,r2,web_fetch,success,205.82,500,0,,9.0,9.0,False,0.0
1779333318.520072,sess-0262-d403c3e7,react,SUCCESS,r3,web_fetch,success,157.88,500,0,,9.0,9.0,False,0.0
1779333318.677957,sess-0262-d403c3e7,react,SUCCESS,r4,calculate,success,5.45,500,0,,9.0,9.0,False,0.0
1779333318.683409,sess-0262-d403c3e7,react,SUCCESS,r5,calculate,success,4.68,500,0,,9.0,9.0,False,0.0
1779333317.039910,sess-0253-5309a36a,plan_and_solve,SUCCESS,s1,web_fetch,success,454.39,500,0,,8.0,8.0,False,0.0
1779333317.494296,sess-0253-5309a36a,plan_and_solve,SUCCESS,s2,mock_heavy,success,1113.15,500,0,,8.0,8.0,False,0.0
1779333318.608011,sess-0253-5309a36a,plan_and_solve,SUCCESS,s3,calculate,success,11.43,500,0,,8.0,8.0,False,0.0
1779333318.619436,sess-0253-5309a36a,plan_and_solve,SUCCESS,s4,web_fetch,success,155.94,500,0,,8.0,8.0,False,0.0
1779333316.776451,sess-0244-c8d440d4,plan_and_solve,SUCCESS,s1,calculate,success,446.15,500,0,,11.0,11.0,False,0.0
1779333317.222600,sess-0244-c8d440d4,plan_and_solve,SUCCESS,s2,mock_heavy,success,979.69,500,0,,11.0,11.0,False,0.0
1779333318.202385,sess-0244-c8d440d4,plan_and_solve,SUCCESS,s3,calculate,success,6.33,500,0,,11.0,11.0,False,0.0
1779333318.208718,sess-0244-c8d440d4,plan_and_solve,SUCCESS,s4,calculate,success,152.98,500,0,,11.0,11.0,False,0.0
1779333318.361702,sess-0244-c8d440d4,plan_and_solve,SUCCESS,s5,web_fetch,success,278.23,500,0,,11.0,11.0,False,0.0
1779333318.639932,sess-0244-c8d440d4,plan_and_solve,SUCCESS,s6,web_fetch,success,156.75,500,0,,11.0,11.0,False,0.0
1779333318.796677,sess-0244-c8d440d4,plan_and_solve,SUCCESS,s7,web_fetch,success,156.50,500,0,,11.0,11.0,False,0.0
1779333316.327884,sess-0222-14521dd2,plan_and_solve,SUCCESS,s1,mock_heavy,success,981.73,500,0,,13.0,13.0,False,0.0
1779333317.310142,sess-0222-14521dd2,plan_and_solve,SUCCESS,s2,web_fetch,success,486.41,500,0,,13.0,13.0,False,0.0
1779333317.796556,sess-0222-14521dd2,plan_and_solve,SUCCESS,s3,web_fetch,success,239.87,500,0,,13.0,13.0,False,0.0
1779333318.036429,sess-0222-14521dd2,plan_and_solve,SUCCESS,s4,web_fetch,success,162.58,500,0,,13.0,13.0,False,0.0
1779333318.199005,sess-0222-14521dd2,plan_and_solve,SUCCESS,s5,mock_heavy,success,806.81,500,0,,13.0,13.0,False,0.0
1779333316.517656,sess-0231-71e5f3c8,react,SUCCESS,r1,mock_heavy,success,1115.61,500,0,,15.0,15.0,False,0.0
1779333317.633269,sess-0231-71e5f3c8,react,SUCCESS,r2,calculate,success,194.57,500,0,,15.0,15.0,False,0.0
1779333317.828425,sess-0231-71e5f3c8,react,SUCCESS,r3,mock_heavy,success,963.83,500,0,,15.0,15.0,False,0.0
1779333318.792254,sess-0231-71e5f3c8,react,SUCCESS,r4,calculate,success,6.18,500,0,,15.0,15.0,False,0.0
1779333318.798514,sess-0231-71e5f3c8,react,SUCCESS,r5,calculate,success,4.83,500,0,,15.0,15.0,False,0.0
1779333318.803339,sess-0231-71e5f3c8,react,SUCCESS,r6,web_fetch,success,155.55,500,0,,15.0,15.0,False,0.0
1779333318.958894,sess-0231-71e5f3c8,react,SUCCESS,r7,web_fetch,success,157.14,500,0,,15.0,15.0,False,0.0
1779333315.594613,sess-0187-0138dce9,react,SUCCESS,r1,mock_heavy,success,1352.25,500,0,,19.0,19.0,False,0.0
1779333316.946858,sess-0187-0138dce9,react,SUCCESS,r2,mock_heavy,success,1124.28,500,0,,19.0,19.0,False,0.0
1779333318.071142,sess-0187-0138dce9,react,SUCCESS,r3,calculate,success,134.25,500,0,,19.0,19.0,False,0.0
1779333318.205924,sess-0187-0138dce9,react,SUCCESS,r4,web_fetch,success,280.25,500,0,,19.0,19.0,False,0.0
1779333318.487259,sess-0187-0138dce9,react,SUCCESS,r5,calculate,success,32.17,500,0,,19.0,19.0,False,0.0
1779333318.519424,sess-0187-0138dce9,react,SUCCESS,r6,mock_heavy,success,807.11,500,0,,19.0,19.0,False,0.0
1779333319.326533,sess-0187-0138dce9,react,SUCCESS,r7,web_fetch,success,156.74,500,0,,19.0,19.0,False,0.0
1779333317.304933,sess-0265-b202b554,plan_and_solve,SUCCESS,s1,mock_heavy,success,1028.21,500,0,,14.0,14.0,False,0.0
1779333318.333146,sess-0265-b202b554,plan_and_solve,SUCCESS,s2,web_fetch,success,184.40,500,0,,14.0,14.0,False,0.0
1779333318.517545,sess-0265-b202b554,plan_and_solve,SUCCESS,s3,calculate,success,5.51,500,0,,14.0,14.0,False,0.0
1779333318.523053,sess-0265-b202b554,plan_and_solve,SUCCESS,s4,mock_heavy,success,886.76,500,0,,14.0,14.0,False,0.0
1779333319.409810,sess-0265-b202b554,plan_and_solve,SUCCESS,s5,web_fetch,success,156.28,500,0,,14.0,14.0,False,0.0
1779333319.566090,sess-0265-b202b554,plan_and_solve,SUCCESS,s6,calculate,success,6.53,500,0,,14.0,14.0,False,0.0
1779333315.494254,sess-0183-9a825d9d,react,SUCCESS,r1,web_fetch,success,380.01,500,0,,18.0,18.0,False,0.0
1779333315.874849,sess-0183-9a825d9d,react,SUCCESS,r2,mock_heavy,success,1269.10,500,0,,18.0,18.0,False,0.0
1779333317.143945,sess-0183-9a825d9d,react,SUCCESS,r3,web_fetch,success,377.93,500,0,,18.0,18.0,False,0.0
1779333317.521875,sess-0183-9a825d9d,react,SUCCESS,r4,calculate,success,289.37,500,0,,18.0,18.0,False,0.0
1779333317.811243,sess-0183-9a825d9d,react,SUCCESS,r5,mock_heavy,success,957.69,500,0,,18.0,18.0,False,0.0
1779333318.768934,sess-0183-9a825d9d,react,SUCCESS,r6,mock_heavy,success,806.04,500,0,,18.0,18.0,False,0.0
1779333316.472606,sess-0230-ff167d49,react,SUCCESS,r1,web_fetch,success,404.93,500,0,,19.0,19.0,False,0.0
1779333316.877532,sess-0230-ff167d49,react,SUCCESS,r2,mock_heavy,success,1161.32,500,0,,19.0,19.0,False,0.0
1779333318.038848,sess-0230-ff167d49,react,SUCCESS,r3,mock_heavy,success,835.70,500,0,,19.0,19.0,False,0.0
1779333318.875178,sess-0230-ff167d49,react,SUCCESS,r4,mock_heavy,success,805.18,500,0,,19.0,19.0,False,0.0
1779333319.680358,sess-0230-ff167d49,react,SUCCESS,r5,calculate,success,4.19,500,0,,19.0,19.0,False,0.0
1779333319.684549,sess-0230-ff167d49,react,SUCCESS,r6,web_fetch,success,154.73,500,0,,19.0,19.0,False,0.0
1779333319.839864,sess-0230-ff167d49,react,SUCCESS,r7,calculate,success,5.32,500,0,,19.0,19.0,False,0.0
1779333316.594083,sess-0239-1bcdd48d,react,SUCCESS,r1,mock_heavy,success,1160.76,500,0,,21.0,21.0,False,0.0
1779333317.754844,sess-0239-1bcdd48d,react,SUCCESS,r2,mock_heavy,success,891.00,500,0,,21.0,21.0,False,0.0
1779333318.645844,sess-0239-1bcdd48d,react,SUCCESS,r3,mock_heavy,success,806.54,500,0,,21.0,21.0,False,0.0
1779333319.452385,sess-0239-1bcdd48d,react,SUCCESS,r4,calculate,success,5.65,500,0,,21.0,21.0,False,0.0
1779333319.458035,sess-0239-1bcdd48d,react,SUCCESS,r5,mock_heavy,success,806.33,500,0,,21.0,21.0,False,0.0
