experiment,gateway,run_idx,sweep_key,sweep_val,raw_goodput_s,effective_goodput_s,success,rejected_s0,cascade_failed,p95_ms,e2e_p95_ms,source_csv
Exp1_Core,ng,1,,,43.81,19.72,32,295,173,1968.4,7529.5,results/exp1_core/exp1_core_summary.csv
Exp1_Core,ng,2,,,39.04,18.22,31,311,158,1996.8,7591.5,results/exp1_core/exp1_core_summary.csv
Exp1_Core,ng,3,,,40.2,16.47,29,313,158,1976.5,6818.5,results/exp1_core/exp1_core_summary.csv
Exp1_Core,ng,4,,,36.36,14.47,27,313,160,1987.6,6288.4,results/exp1_core/exp1_core_summary.csv
Exp1_Core,ng,5,,,38.47,12.86,22,310,168,1991.2,5471.6,results/exp1_core/exp1_core_summary.csv
Exp1_Core,srl,1,,,53.47,24.54,44,316,140,1908.7,6796.5,results/exp1_core/exp1_core_summary.csv
Exp1_Core,srl,2,,,53.29,25.73,46,314,140,1897.8,8331.8,results/exp1_core/exp1_core_summary.csv
Exp1_Core,srl,3,,,50.93,22.44,39,321,140,1905.9,8589.4,results/exp1_core/exp1_core_summary.csv
Exp1_Core,srl,4,,,54.42,28.31,47,307,146,1926.4,7820.6,results/exp1_core/exp1_core_summary.csv
Exp1_Core,srl,5,,,51.86,23.26,40,312,148,1927.1,8323.1,results/exp1_core/exp1_core_summary.csv
Exp1_Core,sbac,1,,,54.34,45.16,66,386,48,1381.5,5995.8,results/exp1_core/exp1_core_summary.csv
Exp1_Core,sbac,2,,,54.94,44.92,69,381,50,1338.3,4543.3,results/exp1_core/exp1_core_summary.csv
Exp1_Core,sbac,3,,,56.47,46.26,70,381,49,1359.8,5729.2,results/exp1_core/exp1_core_summary.csv
Exp1_Core,sbac,4,,,55.39,45.45,70,388,42,1417.8,6533.5,results/exp1_core/exp1_core_summary.csv
Exp1_Core,sbac,5,,,54.82,45.0,69,382,49,1398.1,6082.3,results/exp1_core/exp1_core_summary.csv
Exp1_Core,plangate_full,1,,,63.39,63.04,94,405,1,1016.1,4385.0,results/exp1_core/exp1_core_summary.csv
Exp1_Core,plangate_full,2,,,50.88,50.88,81,419,0,884.4,3356.5,results/exp1_core/exp1_core_summary.csv
Exp1_Core,plangate_full,3,,,57.59,57.59,88,412,0,807.4,2887.2,results/exp1_core/exp1_core_summary.csv
Exp1_Core,plangate_full,4,,,44.64,44.64,74,426,0,806.5,2763.8,results/exp1_core/exp1_core_summary.csv
Exp1_Core,plangate_full,5,,,57.65,57.65,85,415,0,806.6,2795.8,results/exp1_core/exp1_core_summary.csv
Exp5_ScaleConc,ng,1,conc,10,69.81,69.81,200,0,0,810.0,2759.2,results/exp5_scaleconc/exp5_scaleconc_summary.csv
Exp5_ScaleConc,ng,2,conc,10,70.02,70.02,200,0,0,810.2,2759.7,results/exp5_scaleconc/exp5_scaleconc_summary.csv
Exp5_ScaleConc,ng,3,conc,10,69.94,69.94,200,0,0,809.6,2761.8,results/exp5_scaleconc/exp5_scaleconc_summary.csv
Exp5_ScaleConc,ng,4,conc,10,69.83,69.83,200,0,0,809.6,2757.8,results/exp5_scaleconc/exp5_scaleconc_summary.csv
Exp5_ScaleConc,ng,5,conc,10,69.79,69.79,200,0,0,809.8,2760.4,results/exp5_scaleconc/exp5_scaleconc_summary.csv
Exp5_ScaleConc,srl,1,conc,10,70.06,70.06,200,0,0,809.0,2754.7,results/exp5_scaleconc/exp5_scaleconc_summary.csv
Exp5_ScaleConc,srl,2,conc,10,69.82,69.82,200,0,0,809.8,2762.0,results/exp5_scaleconc/exp5_scaleconc_summary.csv
Exp5_ScaleConc,srl,3,conc,10,69.78,69.78,200,0,0,809.7,2759.9,results/exp5_scaleconc/exp5_scaleconc_summary.csv
Exp5_ScaleConc,srl,4,conc,10,69.84,69.84,200,0,0,809.8,2762.4,results/exp5_scaleconc/exp5_scaleconc_summary.csv
Exp5_ScaleConc,srl,5,conc,10,69.77,69.77,200,0,0,809.9,2791.0,results/exp5_scaleconc/exp5_scaleconc_summary.csv
Exp5_ScaleConc,sbac,1,conc,10,69.89,69.89,200,0,0,809.7,2763.3,results/exp5_scaleconc/exp5_scaleconc_summary.csv
Exp5_ScaleConc,sbac,2,conc,10,69.84,69.84,200,0,0,809.7,2761.6,results/exp5_scaleconc/exp5_scaleconc_summary.csv
Exp5_ScaleConc,sbac,3,conc,10,69.94,69.94,200,0,0,809.4,2761.5,results/exp5_scaleconc/exp5_scaleconc_summary.csv
Exp5_ScaleConc,sbac,4,conc,10,69.76,69.76,200,0,0,810.2,2760.3,results/exp5_scaleconc/exp5_scaleconc_summary.csv
Exp5_ScaleConc,sbac,5,conc,10,69.77,69.77,200,0,0,809.8,2758.7,results/exp5_scaleconc/exp5_scaleconc_summary.csv
Exp5_ScaleConc,plangate_full,1,conc,10,35.17,35.17,46,154,0,809.9,2752.9,results/exp5_scaleconc/exp5_scaleconc_summary.csv
Exp5_ScaleConc,plangate_full,2,conc,10,38.87,38.87,54,146,0,810.6,2761.4,results/exp5_scaleconc/exp5_scaleconc_summary.csv
Exp5_ScaleConc,plangate_full,3,conc,10,54.85,54.85,79,121,0,809.6,2752.1,results/exp5_scaleconc/exp5_scaleconc_summary.csv
Exp5_ScaleConc,plangate_full,4,conc,10,58.6,58.6,84,116,0,810.6,2904.6,results/exp5_scaleconc/exp5_scaleconc_summary.csv
Exp5_ScaleConc,plangate_full,5,conc,10,31.73,31.73,44,156,0,809.9,2666.3,results/exp5_scaleconc/exp5_scaleconc_summary.csv
Exp5_ScaleConc,ng,1,conc,20,68.03,68.03,200,0,0,1214.8,4932.6,results/exp5_scaleconc/exp5_scaleconc_summary.csv
Exp5_ScaleConc,ng,2,conc,20,67.63,67.63,199,1,0,1268.3,4989.0,results/exp5_scaleconc/exp5_scaleconc_summary.csv
Exp5_ScaleConc,ng,3,conc,20,68.29,68.29,200,0,0,1213.3,4997.1,results/exp5_scaleconc/exp5_scaleconc_summary.csv
Exp5_ScaleConc,ng,4,conc,20,67.95,67.95,200,0,0,1215.0,4957.0,results/exp5_scaleconc/exp5_scaleconc_summary.csv
Exp5_ScaleConc,ng,5,conc,20,68.36,68.36,200,0,0,1193.8,4784.9,results/exp5_scaleconc/exp5_scaleconc_summary.csv
Exp5_ScaleConc,srl,1,conc,20,68.14,68.14,200,0,0,1222.6,5009.6,results/exp5_scaleconc/exp5_scaleconc_summary.csv
Exp5_ScaleConc,srl,2,conc,20,67.96,67.96,200,0,0,1205.9,4956.5,results/exp5_scaleconc/exp5_scaleconc_summary.csv
Exp5_ScaleConc,srl,3,conc,20,68.15,68.15,200,0,0,1203.0,4996.7,results/exp5_scaleconc/exp5_scaleconc_summary.csv
Exp5_ScaleConc,srl,4,conc,20,67.95,67.95,200,0,0,1227.0,4879.1,results/exp5_scaleconc/exp5_scaleconc_summary.csv
Exp5_ScaleConc,srl,5,conc,20,68.37,68.37,200,0,0,1221.9,4787.5,results/exp5_scaleconc/exp5_scaleconc_summary.csv
Exp5_ScaleConc,sbac,1,conc,20,68.29,68.29,200,0,0,1198.9,4972.3,results/exp5_scaleconc/exp5_scaleconc_summary.csv
Exp5_ScaleConc,sbac,2,conc,20,67.92,67.92,200,0,0,1235.7,4952.7,results/exp5_scaleconc/exp5_scaleconc_summary.csv
Exp5_ScaleConc,sbac,3,conc,20,68.19,68.19,200,0,0,1217.3,4913.4,results/exp5_scaleconc/exp5_scaleconc_summary.csv
Exp5_ScaleConc,sbac,4,conc,20,68.0,68.0,200,0,0,1234.5,4878.5,results/exp5_scaleconc/exp5_scaleconc_summary.csv
Exp5_ScaleConc,sbac,5,conc,20,68.03,68.03,200,0,0,1200.1,4817.0,results/exp5_scaleconc/exp5_scaleconc_summary.csv
Exp5_ScaleConc,plangate_full,1,conc,20,32.81,32.81,48,152,0,809.8,2911.0,results/exp5_scaleconc/exp5_scaleconc_summary.csv
Exp5_ScaleConc,plangate_full,2,conc,20,41.87,41.87,59,141,0,809.6,3251.0,results/exp5_scaleconc/exp5_scaleconc_summary.csv
Exp5_ScaleConc,plangate_full,3,conc,20,49.01,49.01,61,139,0,811.1,2757.1,results/exp5_scaleconc/exp5_scaleconc_summary.csv
Exp5_ScaleConc,plangate_full,4,conc,20,34.65,34.65,50,150,0,809.8,2760.7,results/exp5_scaleconc/exp5_scaleconc_summary.csv
Exp5_ScaleConc,plangate_full,5,conc,20,49.76,49.76,65,135,0,810.6,2748.5,results/exp5_scaleconc/exp5_scaleconc_summary.csv
Exp5_ScaleConc,ng,1,conc,40,58.38,43.51,105,30,65,1853.4,8221.3,results/exp5_scaleconc/exp5_scaleconc_summary.csv
Exp5_ScaleConc,ng,2,conc,40,58.28,41.88,96,24,80,1839.9,8644.4,results/exp5_scaleconc/exp5_scaleconc_summary.csv
Exp5_ScaleConc,ng,3,conc,40,57.65,43.74,96,31,73,1851.3,9049.9,results/exp5_scaleconc/exp5_scaleconc_summary.csv
Exp5_ScaleConc,ng,4,conc,40,58.02,45.54,97,35,68,1850.1,8874.0,results/exp5_scaleconc/exp5_scaleconc_summary.csv
Exp5_ScaleConc,ng,5,conc,40,57.99,41.34,101,25,74,1842.5,8243.6,results/exp5_scaleconc/exp5_scaleconc_summary.csv
Exp5_ScaleConc,srl,1,conc,40,57.22,39.85,96,28,76,1843.4,8562.1,results/exp5_scaleconc/exp5_scaleconc_summary.csv
Exp5_ScaleConc,srl,2,conc,40,57.6,37.42,74,31,95,1839.0,8507.1,results/exp5_scaleconc/exp5_scaleconc_summary.csv
Exp5_ScaleConc,srl,3,conc,40,58.09,40.87,93,28,79,1832.1,8435.9,results/exp5_scaleconc/exp5_scaleconc_summary.csv
Exp5_ScaleConc,srl,4,conc,40,57.7,41.8,91,31,78,1808.1,7723.7,results/exp5_scaleconc/exp5_scaleconc_summary.csv
Exp5_ScaleConc,srl,5,conc,40,58.25,44.91,102,30,68,1831.0,8525.5,results/exp5_scaleconc/exp5_scaleconc_summary.csv
Exp5_ScaleConc,sbac,1,conc,40,57.72,38.47,88,28,84,1855.4,8528.2,results/exp5_scaleconc/exp5_scaleconc_summary.csv
Exp5_ScaleConc,sbac,2,conc,40,58.21,43.25,101,26,73,1837.4,8383.7,results/exp5_scaleconc/exp5_scaleconc_summary.csv
Exp5_ScaleConc,sbac,3,conc,40,57.91,44.26,106,33,61,1844.8,8454.0,results/exp5_scaleconc/exp5_scaleconc_summary.csv
Exp5_ScaleConc,sbac,4,conc,40,58.04,43.53,97,30,73,1855.6,8251.4,results/exp5_scaleconc/exp5_scaleconc_summary.csv
Exp5_ScaleConc,sbac,5,conc,40,57.56,42.44,100,37,63,1850.8,8833.1,results/exp5_scaleconc/exp5_scaleconc_summary.csv
Exp5_ScaleConc,plangate_full,1,conc,40,35.45,35.45,53,147,0,809.8,2774.7,results/exp5_scaleconc/exp5_scaleconc_summary.csv
Exp5_ScaleConc,plangate_full,2,conc,40,35.42,35.42,49,151,0,810.2,2765.1,results/exp5_scaleconc/exp5_scaleconc_summary.csv
Exp5_ScaleConc,plangate_full,3,conc,40,41.36,41.36,51,149,0,826.4,3257.8,results/exp5_scaleconc/exp5_scaleconc_summary.csv
Exp5_ScaleConc,plangate_full,4,conc,40,46.16,46.16,61,139,0,810.5,2765.1,results/exp5_scaleconc/exp5_scaleconc_summary.csv
Exp5_ScaleConc,plangate_full,5,conc,40,48.2,48.2,59,141,0,810.5,3019.7,results/exp5_scaleconc/exp5_scaleconc_summary.csv
Exp5_ScaleConc,ng,1,conc,60,54.65,30.44,56,60,84,1882.5,7957.1,results/exp5_scaleconc/exp5_scaleconc_summary.csv
Exp5_ScaleConc,ng,2,conc,60,55.9,31.75,51,60,89,1892.7,7429.0,results/exp5_scaleconc/exp5_scaleconc_summary.csv
Exp5_ScaleConc,ng,3,conc,60,54.36,30.75,51,60,89,1895.0,8873.4,results/exp5_scaleconc/exp5_scaleconc_summary.csv
Exp5_ScaleConc,ng,4,conc,60,55.65,33.96,58,65,77,1879.4,8700.5,results/exp5_scaleconc/exp5_scaleconc_summary.csv
Exp5_ScaleConc,ng,5,conc,60,55.68,35.69,61,62,77,1874.0,7978.4,results/exp5_scaleconc/exp5_scaleconc_summary.csv
Exp5_ScaleConc,srl,1,conc,60,56.15,33.14,57,56,87,1893.8,7708.3,results/exp5_scaleconc/exp5_scaleconc_summary.csv
Exp5_ScaleConc,srl,2,conc,60,56.19,35.71,57,68,75,1904.6,8063.8,results/exp5_scaleconc/exp5_scaleconc_summary.csv
Exp5_ScaleConc,srl,3,conc,60,55.94,33.88,59,60,81,1890.9,8130.7,results/exp5_scaleconc/exp5_scaleconc_summary.csv
Exp5_ScaleConc,srl,4,conc,60,55.01,31.68,53,64,83,1888.7,8511.9,results/exp5_scaleconc/exp5_scaleconc_summary.csv
Exp5_ScaleConc,srl,5,conc,60,55.21,31.58,52,59,89,1902.9,8391.9,results/exp5_scaleconc/exp5_scaleconc_summary.csv
Exp5_ScaleConc,sbac,1,conc,60,55.58,32.48,52,73,75,1883.3,8171.0,results/exp5_scaleconc/exp5_scaleconc_summary.csv
Exp5_ScaleConc,sbac,2,conc,60,55.81,33.19,50,73,77,1874.9,8169.1,results/exp5_scaleconc/exp5_scaleconc_summary.csv
Exp5_ScaleConc,sbac,3,conc,60,55.64,33.99,54,64,82,1882.1,8046.6,results/exp5_scaleconc/exp5_scaleconc_summary.csv
Exp5_ScaleConc,sbac,4,conc,60,55.87,33.01,51,73,76,1883.9,8088.0,results/exp5_scaleconc/exp5_scaleconc_summary.csv
Exp5_ScaleConc,sbac,5,conc,60,55.81,36.12,58,67,75,1883.2,8436.0,results/exp5_scaleconc/exp5_scaleconc_summary.csv
Exp5_ScaleConc,plangate_full,1,conc,60,33.55,33.55,48,152,0,809.6,2597.8,results/exp5_scaleconc/exp5_scaleconc_summary.csv
Exp5_ScaleConc,plangate_full,2,conc,60,38.74,38.74,55,145,0,810.4,3392.4,results/exp5_scaleconc/exp5_scaleconc_summary.csv
Exp5_ScaleConc,plangate_full,3,conc,60,49.32,49.32,61,139,0,811.6,2913.2,results/exp5_scaleconc/exp5_scaleconc_summary.csv
Exp5_ScaleConc,plangate_full,4,conc,60,42.67,42.67,54,146,0,811.2,2913.7,results/exp5_scaleconc/exp5_scaleconc_summary.csv
Exp5_ScaleConc,plangate_full,5,conc,60,37.01,37.01,56,144,0,808.6,2760.6,results/exp5_scaleconc/exp5_scaleconc_summary.csv
Exp6_ScaleConcReact,ng,1,conc,10,67.24,67.24,200,0,0,809.5,3263.9,results/exp6_scaleconcreact/exp6_scaleconcreact_summary.csv
Exp6_ScaleConcReact,ng,2,conc,10,67.08,67.08,200,0,0,809.6,3262.9,results/exp6_scaleconcreact/exp6_scaleconcreact_summary.csv
Exp6_ScaleConcReact,ng,3,conc,10,67.14,67.14,200,0,0,809.7,3268.9,results/exp6_scaleconcreact/exp6_scaleconcreact_summary.csv
Exp6_ScaleConcReact,ng,4,conc,10,67.16,67.16,200,0,0,809.6,3262.6,results/exp6_scaleconcreact/exp6_scaleconcreact_summary.csv
Exp6_ScaleConcReact,ng,5,conc,10,67.13,67.13,200,0,0,809.7,3252.7,results/exp6_scaleconcreact/exp6_scaleconcreact_summary.csv
Exp6_ScaleConcReact,srl,1,conc,10,67.15,67.15,200,0,0,809.7,3258.8,results/exp6_scaleconcreact/exp6_scaleconcreact_summary.csv
Exp6_ScaleConcReact,srl,2,conc,10,67.21,67.21,200,0,0,809.8,3255.6,results/exp6_scaleconcreact/exp6_scaleconcreact_summary.csv
Exp6_ScaleConcReact,srl,3,conc,10,67.26,67.26,200,0,0,809.6,3263.1,results/exp6_scaleconcreact/exp6_scaleconcreact_summary.csv
Exp6_ScaleConcReact,srl,4,conc,10,67.16,67.16,200,0,0,809.7,3258.1,results/exp6_scaleconcreact/exp6_scaleconcreact_summary.csv
Exp6_ScaleConcReact,srl,5,conc,10,67.19,67.19,200,0,0,809.5,3262.0,results/exp6_scaleconcreact/exp6_scaleconcreact_summary.csv
Exp6_ScaleConcReact,sbac,1,conc,10,66.6,66.6,179,21,0,809.6,3261.3,results/exp6_scaleconcreact/exp6_scaleconcreact_summary.csv
Exp6_ScaleConcReact,sbac,2,conc,10,66.47,66.47,179,21,0,810.5,3265.3,results/exp6_scaleconcreact/exp6_scaleconcreact_summary.csv
Exp6_ScaleConcReact,sbac,3,conc,10,66.54,66.54,179,21,0,809.9,3264.5,results/exp6_scaleconcreact/exp6_scaleconcreact_summary.csv
Exp6_ScaleConcReact,sbac,4,conc,10,66.45,66.45,179,21,0,809.7,3312.9,results/exp6_scaleconcreact/exp6_scaleconcreact_summary.csv
Exp6_ScaleConcReact,sbac,5,conc,10,66.65,66.65,179,21,0,809.7,3257.3,results/exp6_scaleconcreact/exp6_scaleconcreact_summary.csv
Exp6_ScaleConcReact,plangate_full,1,conc,10,20.75,20.75,30,170,0,808.4,2765.2,results/exp6_scaleconcreact/exp6_scaleconcreact_summary.csv
Exp6_ScaleConcReact,plangate_full,2,conc,10,23.54,23.54,30,170,0,809.8,2612.0,results/exp6_scaleconcreact/exp6_scaleconcreact_summary.csv
Exp6_ScaleConcReact,plangate_full,3,conc,10,21.42,21.42,30,170,0,808.4,2605.0,results/exp6_scaleconcreact/exp6_scaleconcreact_summary.csv
Exp6_ScaleConcReact,plangate_full,4,conc,10,22.52,22.52,30,170,0,809.2,3406.4,results/exp6_scaleconcreact/exp6_scaleconcreact_summary.csv
Exp6_ScaleConcReact,plangate_full,5,conc,10,21.59,21.59,30,170,0,809.2,2609.8,results/exp6_scaleconcreact/exp6_scaleconcreact_summary.csv
Exp6_ScaleConcReact,ng,1,conc,20,65.29,65.03,199,0,1,1257.0,4936.2,results/exp6_scaleconcreact/exp6_scaleconcreact_summary.csv
Exp6_ScaleConcReact,ng,2,conc,20,65.7,65.7,200,0,0,1234.6,5084.8,results/exp6_scaleconcreact/exp6_scaleconcreact_summary.csv
Exp6_ScaleConcReact,ng,3,conc,20,65.0,65.0,200,0,0,1231.6,5116.7,results/exp6_scaleconcreact/exp6_scaleconcreact_summary.csv
Exp6_ScaleConcReact,ng,4,conc,20,66.02,66.02,200,0,0,1222.9,4981.2,results/exp6_scaleconcreact/exp6_scaleconcreact_summary.csv
Exp6_ScaleConcReact,ng,5,conc,20,65.56,65.56,200,0,0,1206.7,4919.0,results/exp6_scaleconcreact/exp6_scaleconcreact_summary.csv
Exp6_ScaleConcReact,srl,1,conc,20,65.75,65.75,200,0,0,1247.3,4972.2,results/exp6_scaleconcreact/exp6_scaleconcreact_summary.csv
Exp6_ScaleConcReact,srl,2,conc,20,65.81,65.81,200,0,0,1230.9,4997.9,results/exp6_scaleconcreact/exp6_scaleconcreact_summary.csv
Exp6_ScaleConcReact,srl,3,conc,20,65.69,65.69,200,0,0,1229.2,5051.8,results/exp6_scaleconcreact/exp6_scaleconcreact_summary.csv
Exp6_ScaleConcReact,srl,4,conc,20,65.89,65.89,200,0,0,1234.0,4926.4,results/exp6_scaleconcreact/exp6_scaleconcreact_summary.csv
Exp6_ScaleConcReact,srl,5,conc,20,65.25,65.25,200,0,0,1234.9,5056.9,results/exp6_scaleconcreact/exp6_scaleconcreact_summary.csv
Exp6_ScaleConcReact,sbac,1,conc,20,65.75,65.75,176,24,0,1214.0,4806.5,results/exp6_scaleconcreact/exp6_scaleconcreact_summary.csv
Exp6_ScaleConcReact,sbac,2,conc,20,65.19,65.19,176,24,0,1237.0,4729.7,results/exp6_scaleconcreact/exp6_scaleconcreact_summary.csv
Exp6_ScaleConcReact,sbac,3,conc,20,65.53,65.53,176,24,0,1231.4,4764.6,results/exp6_scaleconcreact/exp6_scaleconcreact_summary.csv
Exp6_ScaleConcReact,sbac,4,conc,20,65.89,65.89,176,24,0,1189.6,4862.3,results/exp6_scaleconcreact/exp6_scaleconcreact_summary.csv
Exp6_ScaleConcReact,sbac,5,conc,20,65.53,65.53,176,24,0,1201.1,4781.4,results/exp6_scaleconcreact/exp6_scaleconcreact_summary.csv
Exp6_ScaleConcReact,plangate_full,1,conc,20,20.36,20.36,30,170,0,810.4,2850.4,results/exp6_scaleconcreact/exp6_scaleconcreact_summary.csv
Exp6_ScaleConcReact,plangate_full,2,conc,20,22.14,22.06,30,169,1,812.2,2924.2,results/exp6_scaleconcreact/exp6_scaleconcreact_summary.csv
Exp6_ScaleConcReact,plangate_full,3,conc,20,17.6,17.6,30,170,0,813.1,2155.0,results/exp6_scaleconcreact/exp6_scaleconcreact_summary.csv
Exp6_ScaleConcReact,plangate_full,4,conc,20,22.64,22.64,30,170,0,809.5,2772.8,results/exp6_scaleconcreact/exp6_scaleconcreact_summary.csv
Exp6_ScaleConcReact,plangate_full,5,conc,20,23.81,23.81,30,170,0,813.3,2790.5,results/exp6_scaleconcreact/exp6_scaleconcreact_summary.csv
Exp6_ScaleConcReact,ng,1,conc,40,57.23,40.75,109,28,63,1835.7,7413.7,results/exp6_scaleconcreact/exp6_scaleconcreact_summary.csv
Exp6_ScaleConcReact,ng,2,conc,40,57.74,44.49,117,26,57,1844.8,8008.5,results/exp6_scaleconcreact/exp6_scaleconcreact_summary.csv
Exp6_ScaleConcReact,ng,3,conc,40,57.02,44.07,117,27,56,1849.9,8289.3,results/exp6_scaleconcreact/exp6_scaleconcreact_summary.csv
Exp6_ScaleConcReact,ng,4,conc,40,56.33,44.47,124,23,53,1827.5,8556.4,results/exp6_scaleconcreact/exp6_scaleconcreact_summary.csv
Exp6_ScaleConcReact,ng,5,conc,40,58.34,39.04,104,27,69,1824.1,8010.4,results/exp6_scaleconcreact/exp6_scaleconcreact_summary.csv
Exp6_ScaleConcReact,srl,1,conc,40,57.73,47.65,133,30,37,1816.8,7744.5,results/exp6_scaleconcreact/exp6_scaleconcreact_summary.csv
Exp6_ScaleConcReact,srl,2,conc,40,57.31,42.85,114,22,64,1834.7,7887.9,results/exp6_scaleconcreact/exp6_scaleconcreact_summary.csv
Exp6_ScaleConcReact,srl,3,conc,40,56.1,41.53,119,23,58,1848.4,7955.4,results/exp6_scaleconcreact/exp6_scaleconcreact_summary.csv
Exp6_ScaleConcReact,srl,4,conc,40,56.2,43.02,120,23,57,1850.0,7623.3,results/exp6_scaleconcreact/exp6_scaleconcreact_summary.csv
Exp6_ScaleConcReact,srl,5,conc,40,56.61,42.06,113,24,63,1831.8,7954.1,results/exp6_scaleconcreact/exp6_scaleconcreact_summary.csv
Exp6_ScaleConcReact,sbac,1,conc,40,57.34,44.64,99,54,47,1825.1,7282.0,results/exp6_scaleconcreact/exp6_scaleconcreact_summary.csv
Exp6_ScaleConcReact,sbac,2,conc,40,57.29,43.86,97,59,44,1827.2,7995.4,results/exp6_scaleconcreact/exp6_scaleconcreact_summary.csv
Exp6_ScaleConcReact,sbac,3,conc,40,57.26,46.37,103,55,42,1816.9,6775.6,results/exp6_scaleconcreact/exp6_scaleconcreact_summary.csv
Exp6_ScaleConcReact,sbac,4,conc,40,58.19,38.47,89,59,52,1825.0,7314.7,results/exp6_scaleconcreact/exp6_scaleconcreact_summary.csv
Exp6_ScaleConcReact,sbac,5,conc,40,55.93,39.14,75,67,58,1864.0,8136.4,results/exp6_scaleconcreact/exp6_scaleconcreact_summary.csv
Exp6_ScaleConcReact,plangate_full,1,conc,40,22.51,22.51,30,170,0,814.1,2887.9,results/exp6_scaleconcreact/exp6_scaleconcreact_summary.csv
Exp6_ScaleConcReact,plangate_full,2,conc,40,16.34,16.34,30,170,0,809.9,1944.3,results/exp6_scaleconcreact/exp6_scaleconcreact_summary.csv
Exp6_ScaleConcReact,plangate_full,3,conc,40,19.38,19.38,30,170,0,809.7,2611.0,results/exp6_scaleconcreact/exp6_scaleconcreact_summary.csv
Exp6_ScaleConcReact,plangate_full,4,conc,40,21.52,21.52,30,170,0,809.7,3261.0,results/exp6_scaleconcreact/exp6_scaleconcreact_summary.csv
Exp6_ScaleConcReact,plangate_full,5,conc,40,22.14,22.14,30,170,0,809.7,3329.1,results/exp6_scaleconcreact/exp6_scaleconcreact_summary.csv
Exp6_ScaleConcReact,ng,1,conc,60,54.51,37.44,90,42,68,1842.0,7186.6,results/exp6_scaleconcreact/exp6_scaleconcreact_summary.csv
Exp6_ScaleConcReact,ng,2,conc,60,56.85,39.35,93,46,61,1861.4,7068.7,results/exp6_scaleconcreact/exp6_scaleconcreact_summary.csv
Exp6_ScaleConcReact,ng,3,conc,60,56.14,38.34,93,42,65,1865.3,8178.6,results/exp6_scaleconcreact/exp6_scaleconcreact_summary.csv
Exp6_ScaleConcReact,ng,4,conc,60,55.46,35.77,87,49,64,1880.1,7435.2,results/exp6_scaleconcreact/exp6_scaleconcreact_summary.csv
Exp6_ScaleConcReact,ng,5,conc,60,56.05,36.43,95,40,65,1846.5,6819.7,results/exp6_scaleconcreact/exp6_scaleconcreact_summary.csv
Exp6_ScaleConcReact,srl,1,conc,60,55.34,37.73,91,47,62,1815.5,7772.0,results/exp6_scaleconcreact/exp6_scaleconcreact_summary.csv
Exp6_ScaleConcReact,srl,2,conc,60,57.08,37.56,91,45,64,1854.4,6830.8,results/exp6_scaleconcreact/exp6_scaleconcreact_summary.csv
Exp6_ScaleConcReact,srl,3,conc,60,54.96,37.45,87,48,65,1863.4,7221.0,results/exp6_scaleconcreact/exp6_scaleconcreact_summary.csv
Exp6_ScaleConcReact,srl,4,conc,60,56.81,42.25,101,44,55,1846.6,6912.8,results/exp6_scaleconcreact/exp6_scaleconcreact_summary.csv
Exp6_ScaleConcReact,srl,5,conc,60,53.92,36.52,94,38,68,1868.2,7180.9,results/exp6_scaleconcreact/exp6_scaleconcreact_summary.csv
Exp6_ScaleConcReact,sbac,1,conc,60,56.86,41.75,82,74,44,1831.0,6843.9,results/exp6_scaleconcreact/exp6_scaleconcreact_summary.csv
Exp6_ScaleConcReact,sbac,2,conc,60,55.71,37.69,75,76,49,1846.7,6694.4,results/exp6_scaleconcreact/exp6_scaleconcreact_summary.csv
Exp6_ScaleConcReact,sbac,3,conc,60,54.42,40.7,81,73,46,1848.2,7939.3,results/exp6_scaleconcreact/exp6_scaleconcreact_summary.csv
Exp6_ScaleConcReact,sbac,4,conc,60,55.71,37.76,78,73,49,1853.6,6991.0,results/exp6_scaleconcreact/exp6_scaleconcreact_summary.csv
Exp6_ScaleConcReact,sbac,5,conc,60,56.49,40.16,83,68,49,1836.9,6676.7,results/exp6_scaleconcreact/exp6_scaleconcreact_summary.csv
Exp6_ScaleConcReact,plangate_full,1,conc,60,22.93,22.93,30,170,0,896.2,3395.6,results/exp6_scaleconcreact/exp6_scaleconcreact_summary.csv
Exp6_ScaleConcReact,plangate_full,2,conc,60,18.88,18.88,30,170,0,809.4,2757.9,results/exp6_scaleconcreact/exp6_scaleconcreact_summary.csv
Exp6_ScaleConcReact,plangate_full,3,conc,60,21.23,21.23,30,170,0,810.2,3416.4,results/exp6_scaleconcreact/exp6_scaleconcreact_summary.csv
Exp6_ScaleConcReact,plangate_full,4,conc,60,20.02,20.02,30,170,0,808.9,2454.4,results/exp6_scaleconcreact/exp6_scaleconcreact_summary.csv
Exp6_ScaleConcReact,plangate_full,5,conc,60,24.39,24.39,30,170,0,810.1,3264.7,results/exp6_scaleconcreact/exp6_scaleconcreact_summary.csv
Exp10_Adversarial,ng,1,,,39.52,18.8,31,312,157,1978.9,9236.6,results/exp10_adversarial/exp10_adversarial_summary.csv
Exp10_Adversarial,ng,2,,,36.12,15.88,31,303,166,1978.5,8194.6,results/exp10_adversarial/exp10_adversarial_summary.csv
Exp10_Adversarial,ng,3,,,36.64,16.27,28,312,160,1983.5,9339.7,results/exp10_adversarial/exp10_adversarial_summary.csv
Exp10_Adversarial,ng,4,,,39.15,19.82,26,309,165,1977.2,9753.6,results/exp10_adversarial/exp10_adversarial_summary.csv
Exp10_Adversarial,ng,5,,,38.02,20.16,36,308,156,1945.5,9431.2,results/exp10_adversarial/exp10_adversarial_summary.csv
Exp10_Adversarial,srl,1,,,48.18,23.57,37,327,136,1905.8,9774.6,results/exp10_adversarial/exp10_adversarial_summary.csv
Exp10_Adversarial,srl,2,,,47.57,23.05,38,328,134,1919.2,9789.9,results/exp10_adversarial/exp10_adversarial_summary.csv
Exp10_Adversarial,srl,3,,,48.45,22.78,39,314,147,1906.8,9896.0,results/exp10_adversarial/exp10_adversarial_summary.csv
Exp10_Adversarial,srl,4,,,46.37,21.58,33,319,148,1919.0,12379.4,results/exp10_adversarial/exp10_adversarial_summary.csv
Exp10_Adversarial,srl,5,,,47.34,24.36,50,321,129,1930.5,10341.7,results/exp10_adversarial/exp10_adversarial_summary.csv
Exp10_Adversarial,sbac,1,,,51.44,43.91,62,392,46,1417.6,13061.5,results/exp10_adversarial/exp10_adversarial_summary.csv
Exp10_Adversarial,sbac,2,,,55.94,44.88,62,384,54,1363.5,6265.7,results/exp10_adversarial/exp10_adversarial_summary.csv
Exp10_Adversarial,sbac,3,,,54.79,45.13,61,389,50,1399.5,7456.3,results/exp10_adversarial/exp10_adversarial_summary.csv
Exp10_Adversarial,sbac,4,,,55.38,46.84,61,388,51,1287.5,8369.3,results/exp10_adversarial/exp10_adversarial_summary.csv
Exp10_Adversarial,sbac,5,,,51.49,42.75,68,381,51,1441.2,7759.4,results/exp10_adversarial/exp10_adversarial_summary.csv
Exp10_Adversarial,plangate_full,1,,,58.46,58.46,86,414,0,827.5,6425.0,results/exp10_adversarial/exp10_adversarial_summary.csv
Exp10_Adversarial,plangate_full,2,,,57.73,57.73,84,416,0,1109.9,8115.2,results/exp10_adversarial/exp10_adversarial_summary.csv
Exp10_Adversarial,plangate_full,3,,,53.4,52.92,85,413,2,1127.4,9968.5,results/exp10_adversarial/exp10_adversarial_summary.csv
Exp10_Adversarial,plangate_full,4,,,61.57,61.57,91,409,0,1324.9,12723.0,results/exp10_adversarial/exp10_adversarial_summary.csv
Exp10_Adversarial,plangate_full,5,,,55.72,55.72,70,430,0,809.7,6495.7,results/exp10_adversarial/exp10_adversarial_summary.csv
