timestamp,session_id,mode,session_state,step_id,tool_name,status,latency_ms,budget,locked_price,regime,raw_goodput,effective_goodput,shadow_would_reject,gateway_latency_us,gateway_url,state_miss,duplicate_admission
1779348771.081215,sess-0015-7f1bc03b,plan_and_solve,REJECTED_AT_STEP_0,s1,mock_heavy,rejected,3.54,500,,,0.0,0.0,False,0.0,http://127.0.0.1:9601,False,False
1779348771.112243,sess-0017-4181b6a1,plan_and_solve,REJECTED_AT_STEP_0,s1,web_fetch,rejected,3.59,500,,,0.0,0.0,False,0.0,http://127.0.0.1:9601,False,False
1779348771.143053,sess-0019-b05a2c0f,plan_and_solve,REJECTED_AT_STEP_0,s1,web_fetch,rejected,2.04,500,,,0.0,0.0,False,550.0,http://127.0.0.1:9601,False,False
1779348771.189264,sess-0022-c28316dd,plan_and_solve,REJECTED_AT_STEP_0,s1,mock_heavy,rejected,1.75,500,,,0.0,0.0,False,664.0,http://127.0.0.1:9601,False,False
1779348771.204150,sess-0023-0cf7f8bf,plan_and_solve,REJECTED_AT_STEP_0,s1,mock_heavy,rejected,1.77,500,,,0.0,0.0,False,0.0,http://127.0.0.1:9601,False,False
1779348771.290820,sess-0026-654bb6f6,plan_and_solve,REJECTED_AT_STEP_0,s1,mock_heavy,rejected,3.60,500,,,0.0,0.0,False,0.0,http://127.0.0.1:9602,False,False
1779348771.310504,sess-0027-21e94bba,plan_and_solve,REJECTED_AT_STEP_0,s1,mock_heavy,rejected,1.76,500,,,0.0,0.0,False,648.0,http://127.0.0.1:9601,False,False
1779348771.326653,sess-0028-08034182,plan_and_solve,REJECTED_AT_STEP_0,s1,calculate,rejected,1.94,500,,,0.0,0.0,False,0.0,http://127.0.0.1:9601,False,False
1779348771.356802,sess-0029-871d1095,plan_and_solve,REJECTED_AT_STEP_0,s1,calculate,rejected,2.39,500,,,0.0,0.0,False,539.0,http://127.0.0.1:9602,False,False
1779348771.410520,sess-0033-29550904,plan_and_solve,REJECTED_AT_STEP_0,s1,mock_heavy,rejected,3.47,500,,,0.0,0.0,False,146.0,http://127.0.0.1:9602,False,False
1779348771.472675,sess-0034-2828d1f5,plan_and_solve,REJECTED_AT_STEP_0,s1,mock_heavy,rejected,1.80,500,,,0.0,0.0,False,0.0,http://127.0.0.1:9602,False,False
1779348771.550323,sess-0035-111c0768,plan_and_solve,REJECTED_AT_STEP_0,s1,web_fetch,rejected,3.30,500,,,0.0,0.0,False,0.0,http://127.0.0.1:9602,False,False
1779348771.596828,sess-0036-d4aea8b4,plan_and_solve,REJECTED_AT_STEP_0,s1,mock_heavy,rejected,1.88,500,,,0.0,0.0,False,0.0,http://127.0.0.1:9602,False,False
1779348771.612843,sess-0037-9e815139,plan_and_solve,REJECTED_AT_STEP_0,s1,calculate,rejected,1.81,500,,,0.0,0.0,False,0.0,http://127.0.0.1:9602,False,False
1779348771.615075,sess-0038-006a9061,plan_and_solve,REJECTED_AT_STEP_0,s1,web_fetch,rejected,1.68,500,,,0.0,0.0,False,0.0,http://127.0.0.1:9602,False,False
1779348771.643399,sess-0039-d50bc64b,plan_and_solve,REJECTED_AT_STEP_0,s1,calculate,rejected,3.42,500,,,0.0,0.0,False,521.0,http://127.0.0.1:9601,False,False
1779348771.660290,sess-0040-933540c8,plan_and_solve,REJECTED_AT_STEP_0,s1,mock_heavy,rejected,1.53,500,,,0.0,0.0,False,0.0,http://127.0.0.1:9602,False,False
1779348771.667195,sess-0041-9bfb2fdd,plan_and_solve,REJECTED_AT_STEP_0,s1,web_fetch,rejected,1.72,500,,,0.0,0.0,False,138.0,http://127.0.0.1:9601,False,False
1779348770.821748,sess-0004-f2cf9ab0,plan_and_solve,SUCCESS,s1,calculate,success,20.36,500,0,,7.0,7.0,False,16338.0,http://127.0.0.1:9602,False,False
1779348770.842285,sess-0004-f2cf9ab0,plan_and_solve,SUCCESS,s2,calculate,success,28.81,500,0,,7.0,7.0,False,24194.0,http://127.0.0.1:9601,False,False
1779348770.871232,sess-0004-f2cf9ab0,plan_and_solve,SUCCESS,s3,mock_heavy,success,820.00,500,0,,7.0,7.0,False,817907.0,http://127.0.0.1:9601,False,False
1779348771.689814,sess-0042-3dbb8722,plan_and_solve,REJECTED_AT_STEP_0,s1,calculate,rejected,3.11,500,,,0.0,0.0,False,586.0,http://127.0.0.1:9602,False,False
1779348771.691685,sess-0043-74d2303f,plan_and_solve,REJECTED_AT_STEP_0,s1,web_fetch,rejected,1.70,500,,,0.0,0.0,False,0.0,http://127.0.0.1:9601,False,False
1779348771.749686,sess-0044-2b6699c5,plan_and_solve,REJECTED_AT_STEP_0,s1,calculate,rejected,2.31,500,,,0.0,0.0,False,0.0,http://127.0.0.1:9602,False,False
1779348771.760014,sess-0045-0a84e798,plan_and_solve,REJECTED_AT_STEP_0,s1,web_fetch,rejected,1.35,500,,,0.0,0.0,False,0.0,http://127.0.0.1:9601,False,False
1779348771.796726,sess-0046-a4601430,plan_and_solve,REJECTED_AT_STEP_0,s1,mock_heavy,rejected,0.99,500,,,0.0,0.0,False,67.0,http://127.0.0.1:9602,False,False
1779348771.811319,sess-0047-2571bcb0,plan_and_solve,REJECTED_AT_STEP_0,s1,mock_heavy,rejected,1.22,500,,,0.0,0.0,False,0.0,http://127.0.0.1:9601,False,False
1779348771.841783,sess-0048-7f89a43c,plan_and_solve,REJECTED_AT_STEP_0,s1,mock_heavy,rejected,0.78,500,,,0.0,0.0,False,515.0,http://127.0.0.1:9602,False,False
1779348771.868761,sess-0049-905810dd,plan_and_solve,REJECTED_AT_STEP_0,s1,web_fetch,rejected,0.75,500,,,0.0,0.0,False,111.0,http://127.0.0.1:9602,False,False
1779348771.887156,sess-0050-f1038e30,plan_and_solve,REJECTED_AT_STEP_0,s1,web_fetch,rejected,1.12,500,,,0.0,0.0,False,0.0,http://127.0.0.1:9601,False,False
1779348771.965320,sess-0051-bfb933d8,plan_and_solve,REJECTED_AT_STEP_0,s1,calculate,rejected,1.83,500,,,0.0,0.0,False,168.0,http://127.0.0.1:9602,False,False
1779348771.995583,sess-0052-26804b6a,plan_and_solve,REJECTED_AT_STEP_0,s1,web_fetch,rejected,1.82,500,,,0.0,0.0,False,0.0,http://127.0.0.1:9601,False,False
1779348772.057344,sess-0053-5d3ceea8,plan_and_solve,REJECTED_AT_STEP_0,s1,mock_heavy,rejected,1.73,500,,,0.0,0.0,False,0.0,http://127.0.0.1:9602,False,False
1779348772.205068,sess-0056-18492ff7,plan_and_solve,REJECTED_AT_STEP_0,s1,calculate,rejected,0.98,500,,,0.0,0.0,False,0.0,http://127.0.0.1:9602,False,False
1779348772.281497,sess-0062-a750c549,plan_and_solve,REJECTED_AT_STEP_0,s1,web_fetch,rejected,5.83,500,,,0.0,0.0,False,2769.0,http://127.0.0.1:9601,False,False
1779348772.327080,sess-0063-a3cc2d40,plan_and_solve,REJECTED_AT_STEP_0,s1,web_fetch,rejected,4.52,500,,,0.0,0.0,False,3192.0,http://127.0.0.1:9601,False,False
1779348772.342782,sess-0064-03b06e07,plan_and_solve,REJECTED_AT_STEP_0,s1,calculate,rejected,4.15,500,,,0.0,0.0,False,2694.0,http://127.0.0.1:9602,False,False
1779348772.361696,sess-0065-cc2a8161,plan_and_solve,REJECTED_AT_STEP_0,s1,calculate,rejected,4.47,500,,,0.0,0.0,False,2161.0,http://127.0.0.1:9602,False,False
1779348772.385500,sess-0066-bfc4d3c0,plan_and_solve,REJECTED_AT_STEP_0,s1,mock_heavy,rejected,3.65,500,,,0.0,0.0,False,2390.0,http://127.0.0.1:9601,False,False
1779348772.389437,sess-0067-44eae520,plan_and_solve,REJECTED_AT_STEP_0,s1,calculate,rejected,3.91,500,,,0.0,0.0,False,2540.0,http://127.0.0.1:9602,False,False
1779348772.422984,sess-0068-ce74d709,plan_and_solve,REJECTED_AT_STEP_0,s1,mock_heavy,rejected,4.26,500,,,0.0,0.0,False,2174.0,http://127.0.0.1:9601,False,False
1779348772.427455,sess-0069-f4f69b7f,plan_and_solve,REJECTED_AT_STEP_0,s1,mock_heavy,rejected,3.39,500,,,0.0,0.0,False,2523.0,http://127.0.0.1:9602,False,False
1779348772.527345,sess-0070-9175715c,plan_and_solve,REJECTED_AT_STEP_0,s1,mock_heavy,rejected,6.91,500,,,0.0,0.0,False,2520.0,http://127.0.0.1:9601,False,False
1779348770.847269,sess-0007-ebf02b8b,plan_and_solve,SUCCESS,s1,web_fetch,success,184.40,500,0,,4.0,4.0,False,181255.0,http://127.0.0.1:9601,False,False
1779348771.031797,sess-0007-ebf02b8b,plan_and_solve,SUCCESS,s2,web_fetch,success,303.81,500,0,,4.0,4.0,False,302441.0,http://127.0.0.1:9601,False,False
1779348771.335746,sess-0007-ebf02b8b,plan_and_solve,SUCCESS,s3,web_fetch,success,566.68,500,0,,4.0,4.0,False,565457.0,http://127.0.0.1:9601,False,False
1779348771.902517,sess-0007-ebf02b8b,plan_and_solve,SUCCESS,s4,calculate,success,654.03,500,0,,4.0,4.0,False,653324.0,http://127.0.0.1:9601,False,False
1779348772.579766,sess-0072-71a91400,plan_and_solve,REJECTED_AT_STEP_0,s1,web_fetch,rejected,4.45,500,,,0.0,0.0,False,3542.0,http://127.0.0.1:9602,False,False
1779348772.582561,sess-0073-b7d7cfe0,plan_and_solve,REJECTED_AT_STEP_0,s1,calculate,rejected,3.69,500,,,0.0,0.0,True,2521.0,http://127.0.0.1:9601,False,False
1779348772.626118,sess-0074-29e6e8fb,plan_and_solve,REJECTED_AT_STEP_0,s1,web_fetch,rejected,3.94,500,,,0.0,0.0,True,3542.0,http://127.0.0.1:9602,False,False
1779348772.657016,sess-0075-47aa1451,plan_and_solve,REJECTED_AT_STEP_0,s1,web_fetch,rejected,1.76,500,,,0.0,0.0,False,0.0,http://127.0.0.1:9601,False,False
1779348772.688133,sess-0076-984f5397,plan_and_solve,REJECTED_AT_STEP_0,s1,mock_heavy,rejected,1.46,500,,,0.0,0.0,False,187.0,http://127.0.0.1:9601,False,False
1779348772.719282,sess-0077-c6bfa87d,plan_and_solve,REJECTED_AT_STEP_0,s1,calculate,rejected,4.84,500,,,0.0,0.0,True,3109.0,http://127.0.0.1:9602,False,False
1779348772.724510,sess-0078-7f3e4787,plan_and_solve,REJECTED_AT_STEP_0,s1,web_fetch,rejected,3.83,500,,,0.0,0.0,True,2692.0,http://127.0.0.1:9602,False,False
1779348772.734244,sess-0079-87e427c7,plan_and_solve,REJECTED_AT_STEP_0,s1,calculate,rejected,1.13,500,,,0.0,0.0,True,0.0,http://127.0.0.1:9601,False,False
1779348772.749370,sess-0080-1058e9e1,plan_and_solve,REJECTED_AT_STEP_0,s1,mock_heavy,rejected,5.42,500,,,0.0,0.0,True,3888.0,http://127.0.0.1:9602,False,False
1779348772.795817,sess-0081-d85a4875,plan_and_solve,REJECTED_AT_STEP_0,s1,calculate,rejected,4.32,500,,,0.0,0.0,False,2293.0,http://127.0.0.1:9602,False,False
1779348772.827006,sess-0082-7e3511d3,plan_and_solve,REJECTED_AT_STEP_0,s1,mock_heavy,rejected,4.68,500,,,0.0,0.0,False,2107.0,http://127.0.0.1:9602,False,False
1779348772.842288,sess-0083-e23bfd94,plan_and_solve,REJECTED_AT_STEP_0,s1,calculate,rejected,4.40,500,,,0.0,0.0,False,3187.0,http://127.0.0.1:9602,False,False
1779348772.847060,sess-0084-33769b10,plan_and_solve,REJECTED_AT_STEP_0,s1,web_fetch,rejected,4.25,500,,,0.0,0.0,False,2896.0,http://127.0.0.1:9602,False,False
1779348772.855837,sess-0085-657d1eb7,plan_and_solve,REJECTED_AT_STEP_0,s1,mock_heavy,rejected,0.60,500,,,0.0,0.0,False,59.0,http://127.0.0.1:9601,False,False
1779348772.872785,sess-0086-1d6aea15,plan_and_solve,REJECTED_AT_STEP_0,s1,calculate,rejected,4.48,500,,,0.0,0.0,False,3296.0,http://127.0.0.1:9602,False,False
1779348772.903014,sess-0087-6b28406e,plan_and_solve,REJECTED_AT_STEP_0,s1,web_fetch,rejected,3.26,500,,,0.0,0.0,False,1933.0,http://127.0.0.1:9602,False,False
1779348772.928043,sess-0088-351e983f,plan_and_solve,REJECTED_AT_STEP_0,s1,mock_heavy,rejected,1.67,500,,,0.0,0.0,False,581.0,http://127.0.0.1:9601,False,False
1779348772.973455,sess-0089-8f902000,plan_and_solve,REJECTED_AT_STEP_0,s1,calculate,rejected,5.15,500,,,0.0,0.0,False,3382.0,http://127.0.0.1:9602,False,False
1779348772.995858,sess-0090-8a314ac4,plan_and_solve,REJECTED_AT_STEP_0,s1,mock_heavy,rejected,1.76,500,,,0.0,0.0,False,0.0,http://127.0.0.1:9601,False,False
1779348773.012496,sess-0091-8a6afdc8,plan_and_solve,REJECTED_AT_STEP_0,s1,calculate,rejected,1.79,500,,,0.0,0.0,False,0.0,http://127.0.0.1:9601,False,False
1779348773.043979,sess-0092-e0c636b9,plan_and_solve,REJECTED_AT_STEP_0,s1,web_fetch,rejected,5.51,500,,,0.0,0.0,False,3935.0,http://127.0.0.1:9602,False,False
1779348773.073861,sess-0093-3a9cb1bd,plan_and_solve,REJECTED_AT_STEP_0,s1,calculate,rejected,5.23,500,,,0.0,0.0,False,3339.0,http://127.0.0.1:9602,False,False
1779348773.104265,sess-0094-61e06dd7,plan_and_solve,REJECTED_AT_STEP_0,s1,web_fetch,rejected,1.79,500,,,0.0,0.0,False,0.0,http://127.0.0.1:9601,False,False
1779348773.146076,sess-0095-4fa05f9a,plan_and_solve,REJECTED_AT_STEP_0,s1,mock_heavy,rejected,5.02,500,,,0.0,0.0,False,3840.0,http://127.0.0.1:9602,False,False
1779348773.161321,sess-0096-85d35793,plan_and_solve,REJECTED_AT_STEP_0,s1,mock_heavy,rejected,5.17,500,,,0.0,0.0,False,3176.0,http://127.0.0.1:9602,False,False
1779348773.176947,sess-0097-81dcad85,plan_and_solve,REJECTED_AT_STEP_0,s1,web_fetch,rejected,1.82,500,,,0.0,0.0,False,551.0,http://127.0.0.1:9601,False,False
1779348773.192384,sess-0098-47da15c5,plan_and_solve,REJECTED_AT_STEP_0,s1,web_fetch,rejected,2.44,500,,,0.0,0.0,False,0.0,http://127.0.0.1:9601,False,False
1779348773.193614,sess-0099-d585e9ae,plan_and_solve,REJECTED_AT_STEP_0,s1,web_fetch,rejected,5.25,500,,,0.0,0.0,False,3197.0,http://127.0.0.1:9602,False,False
1779348773.197364,sess-0100-e62daa2b,plan_and_solve,REJECTED_AT_STEP_0,s1,calculate,rejected,3.11,500,,,0.0,0.0,False,175.0,http://127.0.0.1:9601,False,False
1779348773.199310,sess-0101-6a69dd82,plan_and_solve,REJECTED_AT_STEP_0,s1,calculate,rejected,1.64,500,,,0.0,0.0,False,553.0,http://127.0.0.1:9601,False,False
1779348773.227494,sess-0102-b15a69ff,plan_and_solve,REJECTED_AT_STEP_0,s1,calculate,rejected,1.78,500,,,0.0,0.0,False,560.0,http://127.0.0.1:9601,False,False
1779348773.242837,sess-0103-7d61f0a6,plan_and_solve,REJECTED_AT_STEP_0,s1,calculate,rejected,1.33,500,,,0.0,0.0,False,1054.0,http://127.0.0.1:9601,False,False
1779348773.258344,sess-0104-3a06f474,plan_and_solve,REJECTED_AT_STEP_0,s1,calculate,rejected,1.50,500,,,0.0,0.0,False,136.0,http://127.0.0.1:9601,False,False
1779348773.306536,sess-0105-23306fdb,plan_and_solve,REJECTED_AT_STEP_0,s1,web_fetch,rejected,1.41,500,,,0.0,0.0,False,0.0,http://127.0.0.1:9601,False,False
1779348773.318889,sess-0106-3f606732,plan_and_solve,REJECTED_AT_STEP_0,s1,web_fetch,rejected,1.18,500,,,0.0,0.0,False,0.0,http://127.0.0.1:9601,False,False
1779348773.330739,sess-0107-13876f66,plan_and_solve,REJECTED_AT_STEP_0,s1,mock_heavy,rejected,3.71,500,,,0.0,0.0,False,2617.0,http://127.0.0.1:9602,False,False
1779348773.364434,sess-0108-b64a3875,plan_and_solve,REJECTED_AT_STEP_0,s1,calculate,rejected,1.67,500,,,0.0,0.0,False,0.0,http://127.0.0.1:9601,False,False
1779348773.379168,sess-0109-f4b65e98,plan_and_solve,REJECTED_AT_STEP_0,s1,mock_heavy,rejected,1.85,500,,,0.0,0.0,False,674.0,http://127.0.0.1:9601,False,False
1779348773.381415,sess-0110-00322210,plan_and_solve,REJECTED_AT_STEP_0,s1,mock_heavy,rejected,5.54,500,,,0.0,0.0,False,4126.0,http://127.0.0.1:9602,False,False
1779348771.066586,sess-0014-26f93e07,plan_and_solve,SUCCESS,s1,calculate,success,600.09,500,30,,7.0,7.0,False,597536.0,http://127.0.0.1:9601,False,False
1779348771.666739,sess-0014-26f93e07,plan_and_solve,SUCCESS,s2,mock_heavy,success,1011.17,500,150,,7.0,7.0,False,1010440.0,http://127.0.0.1:9601,False,False
1779348772.678049,sess-0014-26f93e07,plan_and_solve,SUCCESS,s3,calculate,success,724.81,500,30,,7.0,7.0,False,723206.0,http://127.0.0.1:9602,False,False
1779348773.403293,sess-0112-735830c4,plan_and_solve,REJECTED_AT_STEP_0,s1,calculate,rejected,1.74,500,,,0.0,0.0,False,0.0,http://127.0.0.1:9601,False,False
1779348773.459620,sess-0113-ce277da1,plan_and_solve,REJECTED_AT_STEP_0,s1,calculate,rejected,4.76,500,,,0.0,0.0,True,3089.0,http://127.0.0.1:9602,False,False
1779348773.505558,sess-0114-700c0925,plan_and_solve,REJECTED_AT_STEP_0,s1,mock_heavy,rejected,1.38,500,,,0.0,0.0,False,0.0,http://127.0.0.1:9601,False,False
1779348773.536509,sess-0115-afc6507a,plan_and_solve,REJECTED_AT_STEP_0,s1,mock_heavy,rejected,5.63,500,,,0.0,0.0,True,3215.0,http://127.0.0.1:9602,False,False
1779348771.184103,sess-0021-8aede8c5,plan_and_solve,SUCCESS,s1,calculate,success,527.48,500,0,,7.0,7.0,False,524596.0,http://127.0.0.1:9602,False,False
1779348771.711714,sess-0021-8aede8c5,plan_and_solve,SUCCESS,s2,mock_heavy,success,1049.45,500,0,,7.0,7.0,False,1048443.0,http://127.0.0.1:9602,False,False
1779348772.761301,sess-0021-8aede8c5,plan_and_solve,SUCCESS,s3,calculate,success,800.50,500,0,,7.0,7.0,False,798873.0,http://127.0.0.1:9601,False,False
1779348773.581394,sess-0116-9c917f06,plan_and_solve,REJECTED_AT_STEP_0,s1,web_fetch,rejected,1.91,500,,,0.0,0.0,False,85.0,http://127.0.0.1:9601,False,False
1779348773.622314,sess-0118-26baaa5a,plan_and_solve,REJECTED_AT_STEP_0,s1,web_fetch,rejected,6.02,500,,,0.0,0.0,False,3348.0,http://127.0.0.1:9601,False,False
1779348773.678869,sess-0119-bcc0b95e,plan_and_solve,REJECTED_AT_STEP_0,s1,mock_heavy,rejected,5.33,500,,,0.0,0.0,False,3932.0,http://127.0.0.1:9601,False,False
1779348773.695328,sess-0120-f7321862,plan_and_solve,REJECTED_AT_STEP_0,s1,mock_heavy,rejected,5.18,500,,,0.0,0.0,False,3436.0,http://127.0.0.1:9601,False,False
1779348773.740310,sess-0121-abbc26dc,plan_and_solve,REJECTED_AT_STEP_0,s1,web_fetch,rejected,6.21,500,,,0.0,0.0,False,4786.0,http://127.0.0.1:9602,False,False
1779348773.788731,sess-0122-d1b46c71,plan_and_solve,REJECTED_AT_STEP_0,s1,mock_heavy,rejected,4.75,500,,,0.0,0.0,False,3319.0,http://127.0.0.1:9602,False,False
1779348773.798191,sess-0123-9b9e6157,plan_and_solve,REJECTED_AT_STEP_0,s1,calculate,rejected,4.48,500,,,0.0,0.0,False,2626.0,http://127.0.0.1:9601,False,False
1779348773.803077,sess-0124-feb41971,plan_and_solve,REJECTED_AT_STEP_0,s1,calculate,rejected,4.57,500,,,0.0,0.0,False,2228.0,http://127.0.0.1:9601,False,False
1779348773.813507,sess-0125-09bb2fa0,plan_and_solve,REJECTED_AT_STEP_0,s1,web_fetch,rejected,3.57,500,,,0.0,0.0,False,2831.0,http://127.0.0.1:9601,False,False
1779348773.838923,sess-0126-d1a10a6f,plan_and_solve,REJECTED_AT_STEP_0,s1,calculate,rejected,6.59,500,,,0.0,0.0,False,5416.0,http://127.0.0.1:9601,False,False
1779348773.885520,sess-0127-ab9111c7,plan_and_solve,REJECTED_AT_STEP_0,s1,web_fetch,rejected,4.76,500,,,0.0,0.0,False,3053.0,http://127.0.0.1:9602,False,False
1779348773.929291,sess-0128-5a0cd5b1,plan_and_solve,REJECTED_AT_STEP_0,s1,web_fetch,rejected,5.36,500,,,0.0,0.0,False,2908.0,http://127.0.0.1:9602,False,False
1779348773.930839,sess-0129-f5c42132,plan_and_solve,REJECTED_AT_STEP_0,s1,calculate,rejected,4.29,500,,,0.0,0.0,False,2075.0,http://127.0.0.1:9601,False,False
1779348773.960840,sess-0130-025ecce7,plan_and_solve,REJECTED_AT_STEP_0,s1,calculate,rejected,4.08,500,,,0.0,0.0,False,2890.0,http://127.0.0.1:9601,False,False
1779348773.977241,sess-0131-f399ccc8,plan_and_solve,REJECTED_AT_STEP_0,s1,web_fetch,rejected,4.91,500,,,0.0,0.0,False,3370.0,http://127.0.0.1:9601,False,False
1779348773.982624,sess-0132-ff9b50de,plan_and_solve,REJECTED_AT_STEP_0,s1,calculate,rejected,6.27,500,,,0.0,0.0,False,3378.0,http://127.0.0.1:9602,False,False
1779348773.985404,sess-0133-e7a0f219,plan_and_solve,REJECTED_AT_STEP_0,s1,mock_heavy,rejected,6.95,500,,,0.0,0.0,False,3965.0,http://127.0.0.1:9602,False,False
1779348774.002812,sess-0134-a5842a9d,plan_and_solve,REJECTED_AT_STEP_0,s1,mock_heavy,rejected,5.67,500,,,0.0,0.0,False,4050.0,http://127.0.0.1:9601,False,False
1779348774.063058,sess-0135-ad2b3b31,plan_and_solve,REJECTED_AT_STEP_0,s1,mock_heavy,rejected,5.30,500,,,0.0,0.0,False,4156.0,http://127.0.0.1:9602,False,False
1779348774.078092,sess-0136-7068199b,plan_and_solve,REJECTED_AT_STEP_0,s1,calculate,rejected,5.34,500,,,0.0,0.0,False,3442.0,http://127.0.0.1:9601,False,False
1779348774.107920,sess-0137-8efe4141,plan_and_solve,REJECTED_AT_STEP_0,s1,calculate,rejected,5.59,500,,,0.0,0.0,False,3837.0,http://127.0.0.1:9601,False,False
1779348771.387727,sess-0031-c28b6af5,plan_and_solve,SUCCESS,s1,web_fetch,success,549.58,500,90,,4.0,4.0,False,546678.0,http://127.0.0.1:9601,False,False
1779348771.937446,sess-0031-c28b6af5,plan_and_solve,SUCCESS,s2,calculate,success,643.47,500,90,,4.0,4.0,False,640804.0,http://127.0.0.1:9602,False,False
1779348772.581036,sess-0031-c28b6af5,plan_and_solve,SUCCESS,s3,calculate,success,815.03,500,90,,4.0,4.0,False,813749.0,http://127.0.0.1:9601,False,False
1779348773.396183,sess-0031-c28b6af5,plan_and_solve,SUCCESS,s4,web_fetch,success,742.90,500,90,,4.0,4.0,False,740907.0,http://127.0.0.1:9602,False,False
1779348774.154753,sess-0139-9e785066,plan_and_solve,REJECTED_AT_STEP_0,s1,web_fetch,rejected,5.39,500,,,0.0,0.0,False,4060.0,http://127.0.0.1:9601,False,False
1779348774.239087,sess-0140-b2e569e1,plan_and_solve,REJECTED_AT_STEP_0,s1,calculate,rejected,4.45,500,,,0.0,0.0,False,3005.0,http://127.0.0.1:9602,False,False
1779348771.096659,sess-0016-720fc5ef,plan_and_solve,SUCCESS,s1,calculate,success,579.49,500,60,,8.0,8.0,False,578616.0,http://127.0.0.1:9601,False,False
1779348771.676277,sess-0016-720fc5ef,plan_and_solve,SUCCESS,s2,mock_heavy,success,1019.45,500,300,,8.0,8.0,False,1018028.0,http://127.0.0.1:9602,False,False
1779348772.695771,sess-0016-720fc5ef,plan_and_solve,SUCCESS,s3,web_fetch,success,919.05,500,60,,8.0,8.0,False,917840.0,http://127.0.0.1:9602,False,False
1779348773.614953,sess-0016-720fc5ef,plan_and_solve,SUCCESS,s4,web_fetch,success,708.19,500,60,,8.0,8.0,False,707018.0,http://127.0.0.1:9601,False,False
1779348774.323302,sess-0142-07948b50,plan_and_solve,REJECTED_AT_STEP_0,s1,calculate,rejected,5.68,500,,,0.0,0.0,True,4431.0,http://127.0.0.1:9601,False,False
1779348774.347327,sess-0143-adf8261b,plan_and_solve,REJECTED_AT_STEP_0,s1,web_fetch,rejected,9.93,500,,,0.0,0.0,True,8582.0,http://127.0.0.1:9602,False,False
1779348774.356074,sess-0144-cd7b49a0,plan_and_solve,REJECTED_AT_STEP_0,s1,calculate,rejected,7.90,500,,,0.0,0.0,False,6550.0,http://127.0.0.1:9602,False,False
1779348774.364338,sess-0145-f64437f5,plan_and_solve,REJECTED_AT_STEP_0,s1,web_fetch,rejected,4.94,500,,,0.0,0.0,False,3699.0,http://127.0.0.1:9602,False,False
1779348774.365453,sess-0146-f04dda99,plan_and_solve,REJECTED_AT_STEP_0,s1,web_fetch,rejected,6.82,500,,,0.0,0.0,True,5511.0,http://127.0.0.1:9602,False,False
1779348774.392926,sess-0147-798f80b5,plan_and_solve,REJECTED_AT_STEP_0,s1,calculate,rejected,6.15,500,,,0.0,0.0,True,3321.0,http://127.0.0.1:9602,False,False
1779348774.409403,sess-0149-1395c433,plan_and_solve,REJECTED_AT_STEP_0,s1,calculate,rejected,4.06,500,,,0.0,0.0,False,2719.0,http://127.0.0.1:9602,False,False
1779348774.408193,sess-0148-732335ed,plan_and_solve,REJECTED_AT_STEP_0,s1,mock_heavy,rejected,5.74,500,,,0.0,0.0,False,3510.0,http://127.0.0.1:9601,False,False
1779348774.423646,sess-0150-05e6fafb,plan_and_solve,REJECTED_AT_STEP_0,s1,web_fetch,rejected,5.07,500,,,0.0,0.0,False,3261.0,http://127.0.0.1:9601,False,False
1779348770.683362,sess-0001-e332f5e9,plan_and_solve,SUCCESS,s1,web_fetch,success,170.40,500,0,,15.0,15.0,False,168029.0,http://127.0.0.1:9602,False,False
1779348770.853974,sess-0001-e332f5e9,plan_and_solve,SUCCESS,s2,calculate,success,25.12,500,0,,15.0,15.0,False,22201.0,http://127.0.0.1:9601,False,False
1779348770.879202,sess-0001-e332f5e9,plan_and_solve,SUCCESS,s3,calculate,success,9.72,500,0,,15.0,15.0,False,8050.0,http://127.0.0.1:9602,False,False
1779348770.889065,sess-0001-e332f5e9,plan_and_solve,SUCCESS,s4,web_fetch,success,164.49,500,0,,15.0,15.0,False,162670.0,http://127.0.0.1:9601,False,False
1779348771.053694,sess-0001-e332f5e9,plan_and_solve,SUCCESS,s5,mock_heavy,success,1083.48,500,0,,15.0,15.0,False,1081823.0,http://127.0.0.1:9601,False,False
1779348772.137312,sess-0001-e332f5e9,plan_and_solve,SUCCESS,s6,web_fetch,success,718.02,500,0,,15.0,15.0,False,717222.0,http://127.0.0.1:9602,False,False
1779348772.855389,sess-0001-e332f5e9,plan_and_solve,SUCCESS,s7,mock_heavy,success,1595.45,500,0,,15.0,15.0,False,1593805.0,http://127.0.0.1:9601,False,False
1779348770.913672,sess-0009-4fd9841f,plan_and_solve,SUCCESS,s1,mock_heavy,success,817.66,500,0,,12.0,12.0,False,814737.0,http://127.0.0.1:9601,False,False
1779348771.731467,sess-0009-4fd9841f,plan_and_solve,SUCCESS,s2,calculate,success,429.63,500,0,,12.0,12.0,False,425096.0,http://127.0.0.1:9602,False,False
1779348772.161226,sess-0009-4fd9841f,plan_and_solve,SUCCESS,s3,web_fetch,success,714.29,500,0,,12.0,12.0,False,712684.0,http://127.0.0.1:9602,False,False
1779348772.875633,sess-0009-4fd9841f,plan_and_solve,SUCCESS,s4,mock_heavy,success,1577.27,500,0,,12.0,12.0,False,1575795.0,http://127.0.0.1:9601,False,False
1779348774.512708,sess-0153-facae3e1,plan_and_solve,REJECTED_AT_STEP_0,s1,calculate,rejected,13.02,500,,,0.0,0.0,False,3238.0,http://127.0.0.1:9602,False,False
1779348771.128227,sess-0018-12b71f7a,plan_and_solve,SUCCESS,s1,mock_heavy,success,1349.91,500,0,,8.0,8.0,False,1347741.0,http://127.0.0.1:9602,False,False
1779348772.478198,sess-0018-12b71f7a,plan_and_solve,SUCCESS,s2,calculate,success,851.31,500,0,,8.0,8.0,False,850275.0,http://127.0.0.1:9601,False,False
1779348773.329641,sess-0018-12b71f7a,plan_and_solve,SUCCESS,s3,calculate,success,557.60,500,0,,8.0,8.0,False,556197.0,http://127.0.0.1:9601,False,False
1779348773.887652,sess-0018-12b71f7a,plan_and_solve,SUCCESS,s4,calculate,success,645.15,500,0,,8.0,8.0,False,644029.0,http://127.0.0.1:9601,False,False
1779348774.621449,sess-0155-895ba27c,plan_and_solve,REJECTED_AT_STEP_0,s1,web_fetch,rejected,1.90,500,,,0.0,0.0,False,0.0,http://127.0.0.1:9601,False,False
1779348771.020652,sess-0012-9d2828c2,plan_and_solve,SUCCESS,s1,mock_heavy,success,832.58,500,0,,12.0,12.0,False,831628.0,http://127.0.0.1:9601,False,False
1779348771.853271,sess-0012-9d2828c2,plan_and_solve,SUCCESS,s2,mock_heavy,success,1451.24,500,0,,12.0,12.0,False,1449819.0,http://127.0.0.1:9601,False,False
1779348773.304647,sess-0012-9d2828c2,plan_and_solve,SUCCESS,s3,calculate,success,535.89,500,0,,12.0,12.0,False,533966.0,http://127.0.0.1:9601,False,False
1779348773.840666,sess-0012-9d2828c2,plan_and_solve,SUCCESS,s4,web_fetch,success,794.64,500,0,,12.0,12.0,False,793843.0,http://127.0.0.1:9602,False,False
1779348774.635830,sess-0156-a5792463,plan_and_solve,REJECTED_AT_STEP_0,s1,calculate,rejected,1.92,500,,,0.0,0.0,False,0.0,http://127.0.0.1:9601,False,False
1779348770.790226,sess-0003-2e6ef9a5,plan_and_solve,SUCCESS,s1,web_fetch,success,167.68,500,0,,16.0,16.0,False,164804.0,http://127.0.0.1:9601,False,False
1779348770.957961,sess-0003-2e6ef9a5,plan_and_solve,SUCCESS,s2,mock_heavy,success,894.78,500,0,,16.0,16.0,False,893780.0,http://127.0.0.1:9602,False,False
1779348771.852793,sess-0003-2e6ef9a5,plan_and_solve,SUCCESS,s3,mock_heavy,success,1435.18,500,0,,16.0,16.0,False,1434496.0,http://127.0.0.1:9601,False,False
1779348773.288031,sess-0003-2e6ef9a5,plan_and_solve,SUCCESS,s4,mock_heavy,success,1350.23,500,0,,16.0,16.0,False,1348728.0,http://127.0.0.1:9601,False,False
1779348771.358004,sess-0030-550edc03,plan_and_solve,SUCCESS,s1,calculate,success,411.44,500,75,,5.0,5.0,False,410840.0,http://127.0.0.1:9601,False,False
1779348771.769495,sess-0030-550edc03,plan_and_solve,SUCCESS,s2,web_fetch,success,614.85,500,75,,5.0,5.0,False,613300.0,http://127.0.0.1:9601,False,False
1779348772.384463,sess-0030-550edc03,plan_and_solve,SUCCESS,s3,web_fetch,success,746.92,500,75,,5.0,5.0,False,745257.0,http://127.0.0.1:9601,False,False
1779348773.131539,sess-0030-550edc03,plan_and_solve,SUCCESS,s4,web_fetch,success,827.81,500,75,,5.0,5.0,False,825985.0,http://127.0.0.1:9602,False,False
1779348773.959490,sess-0030-550edc03,plan_and_solve,SUCCESS,s5,calculate,success,688.95,500,75,,5.0,5.0,False,687894.0,http://127.0.0.1:9602,False,False
1779348774.666924,sess-0157-ec488b9e,plan_and_solve,REJECTED_AT_STEP_0,s1,calculate,rejected,1.80,500,,,0.0,0.0,False,59.0,http://127.0.0.1:9602,False,False
1779348771.219508,sess-0024-5e13076f,plan_and_solve,SUCCESS,s1,mock_heavy,success,1310.05,500,150,,8.0,8.0,False,1307233.0,http://127.0.0.1:9602,False,False
1779348772.529701,sess-0024-5e13076f,plan_and_solve,SUCCESS,s2,calculate,success,826.01,500,30,,8.0,8.0,False,824510.0,http://127.0.0.1:9602,False,False
1779348773.355830,sess-0024-5e13076f,plan_and_solve,SUCCESS,s3,calculate,success,620.18,500,30,,8.0,8.0,False,618945.0,http://127.0.0.1:9602,False,False
1779348773.976134,sess-0024-5e13076f,plan_and_solve,SUCCESS,s4,calculate,success,706.36,500,30,,8.0,8.0,False,704547.0,http://127.0.0.1:9602,False,False
1779348771.395184,sess-0032-bca19d08,plan_and_solve,SUCCESS,s1,calculate,success,400.57,500,60,,8.0,8.0,False,399047.0,http://127.0.0.1:9602,False,False
1779348771.795853,sess-0032-bca19d08,plan_and_solve,SUCCESS,s2,web_fetch,success,668.96,500,60,,8.0,8.0,False,668212.0,http://127.0.0.1:9601,False,False
1779348772.464890,sess-0032-bca19d08,plan_and_solve,SUCCESS,s3,web_fetch,success,860.13,500,60,,8.0,8.0,False,859249.0,http://127.0.0.1:9602,False,False
1779348773.325109,sess-0032-bca19d08,plan_and_solve,SUCCESS,s4,mock_heavy,success,1370.22,500,300,,8.0,8.0,False,1367754.0,http://127.0.0.1:9602,False,False
1779348774.695832,sess-0158-7f9e1159,plan_and_solve,REJECTED_AT_STEP_0,s1,mock_heavy,rejected,2.23,500,,,0.0,0.0,True,513.0,http://127.0.0.1:9601,False,False
1779348774.708757,sess-0159-ef59fc35,plan_and_solve,REJECTED_AT_STEP_0,s1,calculate,rejected,1.63,500,,,0.0,0.0,True,146.0,http://127.0.0.1:9602,False,False
1779348774.742723,sess-0160-87a4a29e,plan_and_solve,REJECTED_AT_STEP_0,s1,calculate,rejected,1.78,500,,,0.0,0.0,True,0.0,http://127.0.0.1:9601,False,False
1779348774.758654,sess-0161-ac004a0d,plan_and_solve,REJECTED_AT_STEP_0,s1,calculate,rejected,1.73,500,,,0.0,0.0,True,0.0,http://127.0.0.1:9602,False,False
1779348774.789028,sess-0162-ed7c61e4,plan_and_solve,REJECTED_AT_STEP_0,s1,web_fetch,rejected,1.83,500,,,0.0,0.0,False,676.0,http://127.0.0.1:9601,False,False
1779348774.819133,sess-0163-efd60eb8,plan_and_solve,REJECTED_AT_STEP_0,s1,web_fetch,rejected,1.82,500,,,0.0,0.0,True,0.0,http://127.0.0.1:9601,False,False
1779348774.850002,sess-0164-1c41f414,plan_and_solve,REJECTED_AT_STEP_0,s1,calculate,rejected,1.79,500,,,0.0,0.0,True,0.0,http://127.0.0.1:9602,False,False
1779348774.852244,sess-0165-6efa7238,plan_and_solve,REJECTED_AT_STEP_0,s1,mock_heavy,rejected,1.48,500,,,0.0,0.0,True,0.0,http://127.0.0.1:9602,False,False
1779348774.895330,sess-0166-153ee12b,plan_and_solve,REJECTED_AT_STEP_0,s1,calculate,rejected,1.55,500,,,0.0,0.0,False,0.0,http://127.0.0.1:9602,False,False
1779348774.910286,sess-0167-9898020d,plan_and_solve,REJECTED_AT_STEP_0,s1,calculate,rejected,1.56,500,,,0.0,0.0,False,552.0,http://127.0.0.1:9601,False,False
1779348774.919369,sess-0168-1c59d0ac,plan_and_solve,REJECTED_AT_STEP_0,s1,mock_heavy,rejected,1.29,500,,,0.0,0.0,False,0.0,http://127.0.0.1:9601,False,False
1779348774.920914,sess-0169-0ad5d6ba,plan_and_solve,REJECTED_AT_STEP_0,s1,mock_heavy,rejected,1.52,500,,,0.0,0.0,False,0.0,http://127.0.0.1:9601,False,False
1779348774.940799,sess-0170-bd77a4a2,plan_and_solve,REJECTED_AT_STEP_0,s1,web_fetch,rejected,1.58,500,,,0.0,0.0,False,0.0,http://127.0.0.1:9602,False,False
1779348774.967212,sess-0171-06ed24f4,plan_and_solve,REJECTED_AT_STEP_0,s1,mock_heavy,rejected,2.36,500,,,0.0,0.0,False,0.0,http://127.0.0.1:9602,False,False
1779348774.968381,sess-0172-6d2ca273,plan_and_solve,REJECTED_AT_STEP_0,s1,mock_heavy,rejected,1.70,500,,,0.0,0.0,False,520.0,http://127.0.0.1:9601,False,False
1779348774.985849,sess-0173-cd1f96a5,plan_and_solve,REJECTED_AT_STEP_0,s1,web_fetch,rejected,1.94,500,,,0.0,0.0,False,0.0,http://127.0.0.1:9601,False,False
1779348775.000915,sess-0174-802a8a97,plan_and_solve,REJECTED_AT_STEP_0,s1,mock_heavy,rejected,1.78,500,,,0.0,0.0,False,0.0,http://127.0.0.1:9602,False,False
1779348775.031312,sess-0175-5d1c1782,plan_and_solve,REJECTED_AT_STEP_0,s1,web_fetch,rejected,1.81,500,,,0.0,0.0,True,520.0,http://127.0.0.1:9601,False,False
1779348775.046380,sess-0176-63952d9c,plan_and_solve,REJECTED_AT_STEP_0,s1,web_fetch,rejected,1.90,500,,,0.0,0.0,True,1055.0,http://127.0.0.1:9601,False,False
1779348771.058513,sess-0013-2aa42c90,plan_and_solve,SUCCESS,s1,web_fetch,success,674.48,500,0,,12.0,12.0,False,671350.0,http://127.0.0.1:9602,False,False
1779348771.733120,sess-0013-2aa42c90,plan_and_solve,SUCCESS,s2,mock_heavy,success,1163.34,500,0,,12.0,12.0,False,1162217.0,http://127.0.0.1:9602,False,False
1779348772.896511,sess-0013-2aa42c90,plan_and_solve,SUCCESS,s3,calculate,success,749.59,500,0,,12.0,12.0,False,748589.0,http://127.0.0.1:9601,False,False
1779348773.646235,sess-0013-2aa42c90,plan_and_solve,SUCCESS,s4,mock_heavy,success,1403.31,500,0,,12.0,12.0,False,1401398.0,http://127.0.0.1:9601,False,False
1779348775.080342,sess-0177-d2e77a0b,plan_and_solve,REJECTED_AT_STEP_0,s1,web_fetch,rejected,1.79,500,,,0.0,0.0,False,0.0,http://127.0.0.1:9601,False,False
1779348775.095898,sess-0178-d891a678,plan_and_solve,REJECTED_AT_STEP_0,s1,mock_heavy,rejected,1.60,500,,,0.0,0.0,False,33.0,http://127.0.0.1:9601,False,False
1779348775.157085,sess-0179-b0803b45,plan_and_solve,REJECTED_AT_STEP_0,s1,calculate,rejected,2.64,500,,,0.0,0.0,False,0.0,http://127.0.0.1:9601,False,False
1779348775.160172,sess-0180-646598be,plan_and_solve,REJECTED_AT_STEP_0,s1,web_fetch,rejected,2.59,500,,,0.0,0.0,False,0.0,http://127.0.0.1:9601,False,False
1779348775.172888,sess-0181-a333e29d,plan_and_solve,REJECTED_AT_STEP_0,s1,calculate,rejected,2.20,500,,,0.0,0.0,False,0.0,http://127.0.0.1:9602,False,False
1779348775.175747,sess-0182-70078640,plan_and_solve,REJECTED_AT_STEP_0,s1,web_fetch,rejected,4.60,500,,,0.0,0.0,False,0.0,http://127.0.0.1:9602,False,False
1779348771.158313,sess-0020-b792ef18,plan_and_solve,SUCCESS,s1,mock_heavy,success,1325.02,500,0,,9.0,9.0,False,1322442.0,http://127.0.0.1:9602,False,False
1779348772.483392,sess-0020-b792ef18,plan_and_solve,SUCCESS,s2,calculate,success,866.89,500,0,,9.0,9.0,False,865843.0,http://127.0.0.1:9601,False,False
1779348773.350413,sess-0020-b792ef18,plan_and_solve,SUCCESS,s3,calculate,success,581.38,500,0,,9.0,9.0,False,578769.0,http://127.0.0.1:9601,False,False
1779348773.931922,sess-0020-b792ef18,plan_and_solve,SUCCESS,s4,web_fetch,success,775.47,500,0,,9.0,9.0,False,771929.0,http://127.0.0.1:9602,False,False
1779348774.707528,sess-0020-b792ef18,plan_and_solve,SUCCESS,s5,calculate,success,486.31,500,0,,9.0,9.0,False,485449.0,http://127.0.0.1:9601,False,False
1779348775.234158,sess-0183-b6228a9e,plan_and_solve,REJECTED_AT_STEP_0,s1,calculate,rejected,1.32,500,,,0.0,0.0,False,0.0,http://127.0.0.1:9602,False,False
1779348770.668172,sess-0000-e057aabe,plan_and_solve,SUCCESS,s1,mock_heavy,success,818.86,500,0,,17.0,17.0,False,816740.0,http://127.0.0.1:9601,False,False
1779348771.487184,sess-0000-e057aabe,plan_and_solve,SUCCESS,s2,calculate,success,334.92,500,0,,17.0,17.0,False,333549.0,http://127.0.0.1:9602,False,False
1779348771.822182,sess-0000-e057aabe,plan_and_solve,SUCCESS,s3,calculate,success,586.95,500,0,,17.0,17.0,False,585754.0,http://127.0.0.1:9601,False,False
1779348772.409268,sess-0000-e057aabe,plan_and_solve,SUCCESS,s4,mock_heavy,success,1403.03,500,0,,17.0,17.0,False,1401123.0,http://127.0.0.1:9601,False,False
1779348773.812416,sess-0000-e057aabe,plan_and_solve,SUCCESS,s5,mock_heavy,success,1447.54,500,0,,17.0,17.0,False,1446142.0,http://127.0.0.1:9602,False,False
1779348775.289163,sess-0185-522f1eb6,plan_and_solve,REJECTED_AT_STEP_0,s1,mock_heavy,rejected,1.58,500,,,0.0,0.0,False,104.0,http://127.0.0.1:9601,False,False
1779348770.843870,sess-0006-1a9805fa,plan_and_solve,SUCCESS,s1,mock_heavy,success,830.34,500,0,,14.0,14.0,False,826195.0,http://127.0.0.1:9601,False,False
1779348771.674384,sess-0006-1a9805fa,plan_and_solve,SUCCESS,s2,mock_heavy,success,1004.91,500,0,,14.0,14.0,False,1002758.0,http://127.0.0.1:9602,False,False
1779348772.679430,sess-0006-1a9805fa,plan_and_solve,SUCCESS,s3,web_fetch,success,921.80,500,0,,14.0,14.0,False,920296.0,http://127.0.0.1:9602,False,False
1779348773.601362,sess-0006-1a9805fa,plan_and_solve,SUCCESS,s4,web_fetch,success,753.48,500,0,,14.0,14.0,False,751811.0,http://127.0.0.1:9602,False,False
1779348774.354973,sess-0006-1a9805fa,plan_and_solve,SUCCESS,s5,calculate,success,563.43,500,0,,14.0,14.0,False,562169.0,http://127.0.0.1:9602,False,False
1779348774.918497,sess-0006-1a9805fa,plan_and_solve,SUCCESS,s6,calculate,success,400.50,500,0,,14.0,14.0,False,399073.0,http://127.0.0.1:9602,False,False
1779348775.319356,sess-0186-7eeed335,plan_and_solve,REJECTED_AT_STEP_0,s1,web_fetch,rejected,1.18,500,,,0.0,0.0,False,0.0,http://127.0.0.1:9602,False,False
1779348775.356998,sess-0187-18aa0163,plan_and_solve,REJECTED_AT_STEP_0,s1,calculate,rejected,1.79,500,,,0.0,0.0,False,0.0,http://127.0.0.1:9602,False,False
1779348775.386688,sess-0188-14a59584,plan_and_solve,REJECTED_AT_STEP_0,s1,mock_heavy,rejected,1.75,500,,,0.0,0.0,False,513.0,http://127.0.0.1:9602,False,False
1779348775.417759,sess-0190-843ffbdd,plan_and_solve,REJECTED_AT_STEP_0,s1,web_fetch,rejected,1.83,500,,,0.0,0.0,False,566.0,http://127.0.0.1:9601,False,False
1779348775.420038,sess-0191-3e63697e,plan_and_solve,REJECTED_AT_STEP_0,s1,calculate,rejected,1.67,500,,,0.0,0.0,False,0.0,http://127.0.0.1:9602,False,False
1779348775.479393,sess-0192-ed912b15,plan_and_solve,REJECTED_AT_STEP_0,s1,calculate,rejected,2.06,500,,,0.0,0.0,False,550.0,http://127.0.0.1:9602,False,False
1779348771.244098,sess-0025-513e02d9,plan_and_solve,SUCCESS,s1,calculate,success,504.74,500,45,,10.0,10.0,False,501765.0,http://127.0.0.1:9602,False,False
1779348771.748937,sess-0025-513e02d9,plan_and_solve,SUCCESS,s2,calculate,success,435.88,500,45,,10.0,10.0,False,434755.0,http://127.0.0.1:9602,False,False
1779348772.184874,sess-0025-513e02d9,plan_and_solve,SUCCESS,s3,calculate,success,597.67,500,45,,10.0,10.0,False,596444.0,http://127.0.0.1:9601,False,False
1779348772.782675,sess-0025-513e02d9,plan_and_solve,SUCCESS,s4,calculate,success,838.42,500,45,,10.0,10.0,False,836982.0,http://127.0.0.1:9602,False,False
1779348773.621216,sess-0025-513e02d9,plan_and_solve,SUCCESS,s5,mock_heavy,success,1393.38,500,225,,10.0,10.0,False,1391409.0,http://127.0.0.1:9602,False,False
1779348775.014794,sess-0025-513e02d9,plan_and_solve,SUCCESS,s6,web_fetch,success,485.36,500,45,,10.0,10.0,False,483584.0,http://127.0.0.1:9602,False,False
1779348770.944322,sess-0010-e0ff5880,plan_and_solve,SUCCESS,s1,mock_heavy,success,815.08,500,0,,17.0,17.0,False,814071.0,http://127.0.0.1:9602,False,False
1779348771.759469,sess-0010-e0ff5880,plan_and_solve,SUCCESS,s2,calculate,success,449.21,500,0,,17.0,17.0,False,448277.0,http://127.0.0.1:9602,False,False
1779348772.208714,sess-0010-e0ff5880,plan_and_solve,SUCCESS,s3,mock_heavy,success,1389.84,500,0,,17.0,17.0,False,1388625.0,http://127.0.0.1:9602,False,False
1779348773.598687,sess-0010-e0ff5880,plan_and_solve,SUCCESS,s4,calculate,success,439.69,500,0,,17.0,17.0,False,436763.0,http://127.0.0.1:9602,False,False
1779348774.038516,sess-0010-e0ff5880,plan_and_solve,SUCCESS,s5,mock_heavy,success,1486.01,500,0,,17.0,17.0,False,1484987.0,http://127.0.0.1:9602,False,False
1779348775.537386,sess-0193-6c60a210,plan_and_solve,REJECTED_AT_STEP_0,s1,web_fetch,rejected,0.75,500,,,0.0,0.0,False,0.0,http://127.0.0.1:9601,False,False
1779348775.571121,sess-0194-82989096,plan_and_solve,REJECTED_AT_STEP_0,s1,calculate,rejected,1.39,500,,,0.0,0.0,False,616.0,http://127.0.0.1:9602,False,False
1779348775.585952,sess-0195-b19aa9a0,plan_and_solve,REJECTED_AT_STEP_0,s1,mock_heavy,rejected,1.04,500,,,0.0,0.0,False,0.0,http://127.0.0.1:9602,False,False
1779348775.595437,sess-0196-81c5fc62,plan_and_solve,REJECTED_AT_STEP_0,s1,web_fetch,rejected,1.04,500,,,0.0,0.0,True,0.0,http://127.0.0.1:9602,False,False
1779348775.632007,sess-0197-5cd8b72a,plan_and_solve,REJECTED_AT_STEP_0,s1,mock_heavy,rejected,1.87,500,,,0.0,0.0,False,160.0,http://127.0.0.1:9602,False,False
1779348775.678855,sess-0198-bb455b3c,plan_and_solve,REJECTED_AT_STEP_0,s1,calculate,rejected,1.79,500,,,0.0,0.0,False,99.0,http://127.0.0.1:9602,False,False
1779348775.799439,sess-0201-18792ab3,plan_and_solve,REJECTED_AT_STEP_0,s1,web_fetch,rejected,2.04,500,,,0.0,0.0,False,111.0,http://127.0.0.1:9601,False,False
1779348775.801862,sess-0202-dafd3b83,plan_and_solve,REJECTED_AT_STEP_0,s1,mock_heavy,rejected,1.63,500,,,0.0,0.0,True,0.0,http://127.0.0.1:9602,False,False
1779348775.814876,sess-0203-7f1dd16f,plan_and_solve,REJECTED_AT_STEP_0,s1,web_fetch,rejected,1.90,500,,,0.0,0.0,True,552.0,http://127.0.0.1:9601,False,False
1779348775.889136,sess-0205-f0ec4e05,plan_and_solve,REJECTED_AT_STEP_0,s1,mock_heavy,rejected,1.36,500,,,0.0,0.0,True,517.0,http://127.0.0.1:9602,False,False
1779348775.889482,sess-0206-ee5ad60d,plan_and_solve,REJECTED_AT_STEP_0,s1,web_fetch,rejected,1.47,500,,,0.0,0.0,False,55.0,http://127.0.0.1:9601,False,False
1779348775.905461,sess-0207-50e6b408,plan_and_solve,REJECTED_AT_STEP_0,s1,web_fetch,rejected,1.77,500,,,0.0,0.0,False,58.0,http://127.0.0.1:9602,False,False
1779348775.932195,sess-0208-b662dda9,plan_and_solve,REJECTED_AT_STEP_0,s1,mock_heavy,rejected,2.40,500,,,0.0,0.0,False,0.0,http://127.0.0.1:9602,False,False
1779348775.933343,sess-0209-b1a8da4e,plan_and_solve,REJECTED_AT_STEP_0,s1,web_fetch,rejected,1.68,500,,,0.0,0.0,False,527.0,http://127.0.0.1:9602,False,False
1779348775.948079,sess-0210-5c4fb5fb,plan_and_solve,REJECTED_AT_STEP_0,s1,calculate,rejected,2.00,500,,,0.0,0.0,False,0.0,http://127.0.0.1:9601,False,False
1779348776.009332,sess-0212-bf9c09e3,plan_and_solve,REJECTED_AT_STEP_0,s1,mock_heavy,rejected,1.73,500,,,0.0,0.0,False,576.0,http://127.0.0.1:9602,False,False
1779348770.890203,sess-0008-03b586f7,plan_and_solve,SUCCESS,s1,web_fetch,success,165.53,500,0,,15.0,15.0,False,163975.0,http://127.0.0.1:9602,False,False
1779348771.055859,sess-0008-03b586f7,plan_and_solve,SUCCESS,s2,mock_heavy,success,1236.01,500,0,,15.0,15.0,False,1232112.0,http://127.0.0.1:9601,False,False
1779348772.291994,sess-0008-03b586f7,plan_and_solve,SUCCESS,s3,mock_heavy,success,1473.00,500,0,,15.0,15.0,False,1471371.0,http://127.0.0.1:9601,False,False
1779348773.765126,sess-0008-03b586f7,plan_and_solve,SUCCESS,s4,web_fetch,success,746.87,500,0,,15.0,15.0,False,745293.0,http://127.0.0.1:9601,False,False
1779348774.512054,sess-0008-03b586f7,plan_and_solve,SUCCESS,s5,calculate,success,615.58,500,0,,15.0,15.0,False,605151.0,http://127.0.0.1:9602,False,False
1779348775.127766,sess-0008-03b586f7,plan_and_solve,SUCCESS,s6,calculate,success,408.95,500,0,,15.0,15.0,False,406905.0,http://127.0.0.1:9602,False,False
1779348775.536786,sess-0008-03b586f7,plan_and_solve,SUCCESS,s7,web_fetch,success,477.14,500,0,,15.0,15.0,False,476318.0,http://127.0.0.1:9602,False,False
1779348776.036750,sess-0213-927fee50,plan_and_solve,REJECTED_AT_STEP_0,s1,mock_heavy,rejected,1.61,500,,,0.0,0.0,True,0.0,http://127.0.0.1:9602,False,False
1779348770.945618,sess-0011-aed463e5,plan_and_solve,SUCCESS,s1,web_fetch,success,237.21,500,0,,15.0,15.0,False,234191.0,http://127.0.0.1:9601,False,False
1779348771.182970,sess-0011-aed463e5,plan_and_solve,SUCCESS,s2,calculate,success,514.65,500,0,,15.0,15.0,False,513019.0,http://127.0.0.1:9601,False,False
1779348771.697764,sess-0011-aed463e5,plan_and_solve,SUCCESS,s3,web_fetch,success,379.76,500,0,,15.0,15.0,False,377798.0,http://127.0.0.1:9602,False,False
1779348772.077666,sess-0011-aed463e5,plan_and_solve,SUCCESS,s4,web_fetch,success,674.67,500,0,,15.0,15.0,False,672791.0,http://127.0.0.1:9602,False,False
1779348772.752456,sess-0011-aed463e5,plan_and_solve,SUCCESS,s5,web_fetch,success,855.90,500,0,,15.0,15.0,False,854437.0,http://127.0.0.1:9602,False,False
1779348773.608491,sess-0011-aed463e5,plan_and_solve,SUCCESS,s6,mock_heavy,success,1265.02,500,0,,15.0,15.0,False,1263240.0,http://127.0.0.1:9601,False,False
1779348774.873645,sess-0011-aed463e5,plan_and_solve,SUCCESS,s7,mock_heavy,success,1177.06,500,0,,15.0,15.0,False,1175091.0,http://127.0.0.1:9601,False,False
1779348776.051113,sess-0214-9af8a6bf,plan_and_solve,REJECTED_AT_STEP_0,s1,calculate,rejected,1.58,500,,,0.0,0.0,False,0.0,http://127.0.0.1:9601,False,False
1779348772.113718,sess-0054-a5226a29,plan_and_solve,SUCCESS,s1,mock_heavy,success,1293.01,500,40,,10.0,10.0,False,1292148.0,http://127.0.0.1:9601,False,False
1779348773.406852,sess-0054-a5226a29,plan_and_solve,SUCCESS,s2,calculate,success,594.57,500,8,,10.0,10.0,False,592833.0,http://127.0.0.1:9601,False,False
1779348774.001575,sess-0054-a5226a29,plan_and_solve,SUCCESS,s3,calculate,success,674.56,500,8,,10.0,10.0,False,673074.0,http://127.0.0.1:9601,False,False
1779348774.676269,sess-0054-a5226a29,plan_and_solve,SUCCESS,s4,calculate,success,482.13,500,8,,10.0,10.0,False,480489.0,http://127.0.0.1:9601,False,False
1779348775.158532,sess-0054-a5226a29,plan_and_solve,SUCCESS,s5,web_fetch,success,537.75,500,8,,10.0,10.0,False,536101.0,http://127.0.0.1:9601,False,False
1779348775.696408,sess-0054-a5226a29,plan_and_solve,SUCCESS,s6,calculate,success,362.22,500,8,,10.0,10.0,False,360196.0,http://127.0.0.1:9602,False,False
1779348776.101469,sess-0216-9b4eab7f,plan_and_solve,REJECTED_AT_STEP_0,s1,calculate,rejected,1.78,500,,,0.0,0.0,False,131.0,http://127.0.0.1:9601,False,False
1779348776.116328,sess-0217-85952fc2,plan_and_solve,REJECTED_AT_STEP_0,s1,web_fetch,rejected,1.65,500,,,0.0,0.0,False,0.0,http://127.0.0.1:9601,False,False
1779348776.147552,sess-0218-fb3e9d46,plan_and_solve,REJECTED_AT_STEP_0,s1,mock_heavy,rejected,2.00,500,,,0.0,0.0,False,542.0,http://127.0.0.1:9602,False,False
1779348776.170419,sess-0219-eac19286,plan_and_solve,REJECTED_AT_STEP_0,s1,web_fetch,rejected,1.73,500,,,0.0,0.0,False,516.0,http://127.0.0.1:9601,False,False
1779348776.216533,sess-0220-7428858c,plan_and_solve,REJECTED_AT_STEP_0,s1,calculate,rejected,2.06,500,,,0.0,0.0,True,0.0,http://127.0.0.1:9601,False,False
1779348776.247122,sess-0221-be871a88,plan_and_solve,REJECTED_AT_STEP_0,s1,mock_heavy,rejected,1.36,500,,,0.0,0.0,True,0.0,http://127.0.0.1:9601,False,False
1779348773.394817,sess-0111-60acc8bc,plan_and_solve,SUCCESS,s1,web_fetch,success,779.84,500,8,,8.0,8.0,False,778636.0,http://127.0.0.1:9602,False,False
1779348774.174807,sess-0111-60acc8bc,plan_and_solve,SUCCESS,s2,mock_heavy,success,1372.89,500,40,,8.0,8.0,False,1372020.0,http://127.0.0.1:9602,False,False
1779348775.547747,sess-0111-60acc8bc,plan_and_solve,SUCCESS,s3,calculate,success,336.72,500,8,,8.0,8.0,False,336084.0,http://127.0.0.1:9601,False,False
1779348775.884520,sess-0111-60acc8bc,plan_and_solve,SUCCESS,s4,calculate,success,403.08,500,8,,8.0,8.0,False,402472.0,http://127.0.0.1:9602,False,False
1779348776.308351,sess-0224-02a55390,plan_and_solve,REJECTED_AT_STEP_0,s1,calculate,rejected,1.60,500,,,0.0,0.0,True,0.0,http://127.0.0.1:9602,False,False
1779348776.415171,sess-0227-95449101,plan_and_solve,REJECTED_AT_STEP_0,s1,web_fetch,rejected,1.81,500,,,0.0,0.0,False,0.0,http://127.0.0.1:9602,False,False
1779348770.759074,sess-0002-f4761819,plan_and_solve,SUCCESS,s1,mock_heavy,success,818.71,500,0,,19.0,19.0,False,816581.0,http://127.0.0.1:9602,False,False
1779348771.577936,sess-0002-f4761819,plan_and_solve,SUCCESS,s2,calculate,success,270.98,500,0,,19.0,19.0,False,270144.0,http://127.0.0.1:9601,False,False
1779348771.848967,sess-0002-f4761819,plan_and_solve,SUCCESS,s3,web_fetch,success,729.14,500,0,,19.0,19.0,False,727909.0,http://127.0.0.1:9601,False,False
1779348772.578247,sess-0002-f4761819,plan_and_solve,SUCCESS,s4,mock_heavy,success,1587.62,500,0,,19.0,19.0,False,1585927.0,http://127.0.0.1:9602,False,False
1779348774.166016,sess-0002-f4761819,plan_and_solve,SUCCESS,s5,web_fetch,success,709.01,500,0,,19.0,19.0,False,707703.0,http://127.0.0.1:9601,False,False
1779348774.875076,sess-0002-f4761819,plan_and_solve,SUCCESS,s6,calculate,success,412.91,500,0,,19.0,19.0,False,410863.0,http://127.0.0.1:9601,False,False
1779348775.288122,sess-0002-f4761819,plan_and_solve,SUCCESS,s7,mock_heavy,success,1137.20,500,0,,19.0,19.0,False,1135388.0,http://127.0.0.1:9601,False,False
1779348776.425751,sess-0228-0812d73a,plan_and_solve,REJECTED_AT_STEP_0,s1,mock_heavy,rejected,1.91,500,,,0.0,0.0,False,0.0,http://127.0.0.1:9602,False,False
1779348772.220503,sess-0058-11e5fbb0,plan_and_solve,SUCCESS,s1,calculate,success,668.98,500,10,,7.0,7.0,False,667793.0,http://127.0.0.1:9601,False,False
1779348772.889542,sess-0058-11e5fbb0,plan_and_solve,SUCCESS,s2,web_fetch,success,897.89,500,10,,7.0,7.0,False,897371.0,http://127.0.0.1:9601,False,False
1779348773.787566,sess-0058-11e5fbb0,plan_and_solve,SUCCESS,s3,calculate,success,610.16,500,10,,7.0,7.0,False,608239.0,http://127.0.0.1:9601,False,False
1779348774.397889,sess-0058-11e5fbb0,plan_and_solve,SUCCESS,s4,web_fetch,success,714.37,500,10,,7.0,7.0,False,712743.0,http://127.0.0.1:9602,False,False
1779348775.112427,sess-0058-11e5fbb0,plan_and_solve,SUCCESS,s5,calculate,success,396.85,500,10,,7.0,7.0,False,394874.0,http://127.0.0.1:9601,False,False
1779348775.509400,sess-0058-11e5fbb0,plan_and_solve,SUCCESS,s6,web_fetch,success,408.53,500,10,,7.0,7.0,False,406704.0,http://127.0.0.1:9601,False,False
1779348775.918051,sess-0058-11e5fbb0,plan_and_solve,SUCCESS,s7,web_fetch,success,604.57,500,10,,7.0,7.0,False,603013.0,http://127.0.0.1:9601,False,False
1779348776.553467,sess-0231-2d7116f6,plan_and_solve,REJECTED_AT_STEP_0,s1,calculate,rejected,1.81,500,,,0.0,0.0,False,0.0,http://127.0.0.1:9602,False,False
1779348776.596859,sess-0233-cca697ab,plan_and_solve,REJECTED_AT_STEP_0,s1,calculate,rejected,1.82,500,,,0.0,0.0,False,567.0,http://127.0.0.1:9602,False,False
1779348776.615618,sess-0234-4d672a32,plan_and_solve,REJECTED_AT_STEP_0,s1,mock_heavy,rejected,1.58,500,,,0.0,0.0,False,0.0,http://127.0.0.1:9602,False,False
1779348772.209090,sess-0057-9fcb0288,plan_and_solve,SUCCESS,s1,web_fetch,success,757.78,500,8,,7.0,7.0,False,756853.0,http://127.0.0.1:9601,False,False
1779348772.967005,sess-0057-9fcb0288,plan_and_solve,SUCCESS,s2,web_fetch,success,976.55,500,8,,7.0,7.0,False,974794.0,http://127.0.0.1:9601,False,False
1779348773.943690,sess-0057-9fcb0288,plan_and_solve,SUCCESS,s3,web_fetch,success,781.53,500,8,,7.0,7.0,False,780305.0,http://127.0.0.1:9602,False,False
1779348774.725321,sess-0057-9fcb0288,plan_and_solve,SUCCESS,s4,web_fetch,success,613.21,500,8,,7.0,7.0,False,612103.0,http://127.0.0.1:9601,False,False
1779348775.338669,sess-0057-9fcb0288,plan_and_solve,SUCCESS,s5,calculate,success,354.83,500,8,,7.0,7.0,False,352966.0,http://127.0.0.1:9602,False,False
1779348775.693641,sess-0057-9fcb0288,plan_and_solve,SUCCESS,s6,web_fetch,success,500.03,500,8,,7.0,7.0,False,497668.0,http://127.0.0.1:9602,False,False
1779348776.193815,sess-0057-9fcb0288,plan_and_solve,SUCCESS,s7,calculate,success,431.74,500,8,,7.0,7.0,False,430457.0,http://127.0.0.1:9601,False,False
1779348776.661981,sess-0236-a924356a,plan_and_solve,REJECTED_AT_STEP_0,s1,web_fetch,rejected,1.78,500,,,0.0,0.0,False,0.0,http://127.0.0.1:9602,False,False
1779348776.678819,sess-0238-33cf7060,plan_and_solve,REJECTED_AT_STEP_0,s1,mock_heavy,rejected,1.72,500,,,0.0,0.0,False,159.0,http://127.0.0.1:9602,False,False
1779348775.402482,sess-0189-08696acb,plan_and_solve,SUCCESS,s1,calculate,success,315.58,500,105,,3.0,3.0,False,313987.0,http://127.0.0.1:9601,False,False
1779348775.718212,sess-0189-08696acb,plan_and_solve,SUCCESS,s2,calculate,success,347.17,500,105,,3.0,3.0,False,345800.0,http://127.0.0.1:9601,False,False
1779348776.065467,sess-0189-08696acb,plan_and_solve,SUCCESS,s3,web_fetch,success,633.01,500,105,,3.0,3.0,False,631822.0,http://127.0.0.1:9601,False,False
1779348772.138462,sess-0055-97140542,plan_and_solve,SUCCESS,s1,mock_heavy,success,1371.21,500,40,,16.0,16.0,False,1370046.0,http://127.0.0.1:9601,False,False
1779348773.509800,sess-0055-97140542,plan_and_solve,SUCCESS,s2,web_fetch,success,687.46,500,8,,16.0,16.0,False,685484.0,http://127.0.0.1:9601,False,False
1779348774.197391,sess-0055-97140542,plan_and_solve,SUCCESS,s3,mock_heavy,success,1372.41,500,40,,16.0,16.0,False,1370751.0,http://127.0.0.1:9602,False,False
1779348775.569946,sess-0055-97140542,plan_and_solve,SUCCESS,s4,mock_heavy,success,1139.40,500,40,,16.0,16.0,False,1137260.0,http://127.0.0.1:9602,False,False
1779348776.707878,sess-0239-357b7f0f,plan_and_solve,REJECTED_AT_STEP_0,s1,web_fetch,rejected,1.93,500,,,0.0,0.0,False,0.0,http://127.0.0.1:9602,False,False
1779348772.251554,sess-0060-1feec510,plan_and_solve,SUCCESS,s1,calculate,success,680.90,500,12,,10.0,10.0,False,677749.0,http://127.0.0.1:9601,False,False
1779348772.932516,sess-0060-1feec510,plan_and_solve,SUCCESS,s2,web_fetch,success,910.04,500,12,,10.0,10.0,False,909204.0,http://127.0.0.1:9601,False,False
1779348773.842616,sess-0060-1feec510,plan_and_solve,SUCCESS,s3,calculate,success,640.49,500,12,,10.0,10.0,False,639806.0,http://127.0.0.1:9602,False,False
1779348774.483172,sess-0060-1feec510,plan_and_solve,SUCCESS,s4,web_fetch,success,719.72,500,12,,10.0,10.0,False,717994.0,http://127.0.0.1:9602,False,False
1779348775.203006,sess-0060-1feec510,plan_and_solve,SUCCESS,s5,calculate,success,373.13,500,12,,10.0,10.0,False,372027.0,http://127.0.0.1:9602,False,False
1779348775.576183,sess-0060-1feec510,plan_and_solve,SUCCESS,s6,mock_heavy,success,1138.37,500,60,,10.0,10.0,False,1136127.0,http://127.0.0.1:9601,False,False
1779348774.530553,sess-0154-7577554a,plan_and_solve,SUCCESS,s1,web_fetch,success,773.60,500,20,,4.0,4.0,False,772246.0,http://127.0.0.1:9602,False,False
1779348775.304218,sess-0154-7577554a,plan_and_solve,SUCCESS,s2,web_fetch,success,532.98,500,20,,4.0,4.0,False,531378.0,http://127.0.0.1:9601,False,False
1779348775.837387,sess-0154-7577554a,plan_and_solve,SUCCESS,s3,web_fetch,success,505.15,500,20,,4.0,4.0,False,503631.0,http://127.0.0.1:9601,False,False
1779348776.342677,sess-0154-7577554a,plan_and_solve,SUCCESS,s4,calculate,success,410.14,500,20,,4.0,4.0,False,408296.0,http://127.0.0.1:9602,False,False
1779348776.775511,sess-0241-79f64ba8,plan_and_solve,REJECTED_AT_STEP_0,s1,mock_heavy,rejected,1.68,500,,,0.0,0.0,True,62.0,http://127.0.0.1:9602,False,False
1779348776.847928,sess-0242-ec3183ff,plan_and_solve,REJECTED_AT_STEP_0,s1,mock_heavy,rejected,1.81,500,,,0.0,0.0,True,0.0,http://127.0.0.1:9602,False,False
1779348776.909334,sess-0243-a63910b0,plan_and_solve,REJECTED_AT_STEP_0,s1,mock_heavy,rejected,1.90,500,,,0.0,0.0,True,52.0,http://127.0.0.1:9602,False,False
1779348775.280543,sess-0184-870c6b06,plan_and_solve,SUCCESS,s1,calculate,success,314.33,500,105,,4.0,4.0,False,313318.0,http://127.0.0.1:9601,False,False
1779348775.594930,sess-0184-870c6b06,plan_and_solve,SUCCESS,s2,web_fetch,success,491.92,500,105,,4.0,4.0,False,490566.0,http://127.0.0.1:9602,False,False
1779348776.086960,sess-0184-870c6b06,plan_and_solve,SUCCESS,s3,calculate,success,514.60,500,105,,4.0,4.0,False,513073.0,http://127.0.0.1:9601,False,False
1779348776.601687,sess-0184-870c6b06,plan_and_solve,SUCCESS,s4,calculate,success,325.53,500,105,,4.0,4.0,False,323784.0,http://127.0.0.1:9601,False,False
1779348776.925752,sess-0245-26b4db3f,plan_and_solve,REJECTED_AT_STEP_0,s1,mock_heavy,rejected,1.93,500,,,0.0,0.0,True,0.0,http://127.0.0.1:9602,False,False
1779348772.235977,sess-0059-b5c3f6c3,plan_and_solve,SUCCESS,s1,calculate,success,677.12,500,12,,10.0,10.0,False,674564.0,http://127.0.0.1:9601,False,False
1779348772.913144,sess-0059-b5c3f6c3,plan_and_solve,SUCCESS,s2,web_fetch,success,883.75,500,12,,10.0,10.0,False,882319.0,http://127.0.0.1:9601,False,False
1779348773.797014,sess-0059-b5c3f6c3,plan_and_solve,SUCCESS,s3,web_fetch,success,796.66,500,12,,10.0,10.0,False,794746.0,http://127.0.0.1:9601,False,False
1779348774.593833,sess-0059-b5c3f6c3,plan_and_solve,SUCCESS,s4,mock_heavy,success,1363.24,500,60,,10.0,10.0,False,1361492.0,http://127.0.0.1:9601,False,False
1779348775.957201,sess-0059-b5c3f6c3,plan_and_solve,SUCCESS,s5,calculate,success,435.85,500,12,,10.0,10.0,False,434552.0,http://127.0.0.1:9601,False,False
1779348776.393188,sess-0059-b5c3f6c3,plan_and_solve,SUCCESS,s6,web_fetch,success,572.47,500,12,,10.0,10.0,False,570672.0,http://127.0.0.1:9602,False,False
1779348776.983415,sess-0246-ff36004f,plan_and_solve,REJECTED_AT_STEP_0,s1,mock_heavy,rejected,2.11,500,,,0.0,0.0,True,515.0,http://127.0.0.1:9602,False,False
1779348776.996155,sess-0247-43974b00,plan_and_solve,REJECTED_AT_STEP_0,s1,calculate,rejected,1.62,500,,,0.0,0.0,True,151.0,http://127.0.0.1:9602,False,False
1779348777.078944,sess-0248-bd31d195,plan_and_solve,REJECTED_AT_STEP_0,s1,web_fetch,rejected,2.06,500,,,0.0,0.0,False,0.0,http://127.0.0.1:9602,False,False
1779348770.837037,sess-0005-c335b153,plan_and_solve,SUCCESS,s1,mock_heavy,success,821.80,500,0,,23.0,23.0,False,818341.0,http://127.0.0.1:9602,False,False
1779348771.658980,sess-0005-c335b153,plan_and_solve,SUCCESS,s2,calculate,success,209.31,500,0,,23.0,23.0,False,207909.0,http://127.0.0.1:9601,False,False
1779348771.868341,sess-0005-c335b153,plan_and_solve,SUCCESS,s3,mock_heavy,success,1440.79,500,0,,23.0,23.0,False,1439918.0,http://127.0.0.1:9601,False,False
1779348773.309252,sess-0005-c335b153,plan_and_solve,SUCCESS,s4,web_fetch,success,702.47,500,0,,23.0,23.0,False,700805.0,http://127.0.0.1:9601,False,False
1779348774.011832,sess-0005-c335b153,plan_and_solve,SUCCESS,s5,mock_heavy,success,1476.96,500,0,,23.0,23.0,False,1475340.0,http://127.0.0.1:9602,False,False
1779348775.488956,sess-0005-c335b153,plan_and_solve,SUCCESS,s6,web_fetch,success,399.73,500,0,,23.0,23.0,False,398509.0,http://127.0.0.1:9601,False,False
1779348775.888734,sess-0005-c335b153,plan_and_solve,SUCCESS,s7,mock_heavy,success,1231.70,500,0,,23.0,23.0,False,1230025.0,http://127.0.0.1:9601,False,False
1779348775.978177,sess-0211-a5f33fd9,plan_and_solve,SUCCESS,s1,web_fetch,success,595.26,500,120,,3.0,3.0,False,593787.0,http://127.0.0.1:9602,False,False
1779348776.573575,sess-0211-a5f33fd9,plan_and_solve,SUCCESS,s2,web_fetch,success,413.68,500,120,,3.0,3.0,False,412250.0,http://127.0.0.1:9601,False,False
1779348776.987388,sess-0211-a5f33fd9,plan_and_solve,SUCCESS,s3,web_fetch,success,199.65,500,120,,3.0,3.0,False,197866.0,http://127.0.0.1:9601,False,False
1779348775.723751,sess-0199-a3f3ef81,plan_and_solve,SUCCESS,s1,web_fetch,success,502.10,500,135,,3.0,3.0,False,500437.0,http://127.0.0.1:9602,False,False
1779348776.225996,sess-0199-a3f3ef81,plan_and_solve,SUCCESS,s2,web_fetch,success,555.30,500,135,,3.0,3.0,False,553748.0,http://127.0.0.1:9602,False,False
1779348776.781424,sess-0199-a3f3ef81,plan_and_solve,SUCCESS,s3,web_fetch,success,515.21,500,135,,3.0,3.0,False,514107.0,http://127.0.0.1:9601,False,False
1779348772.266400,sess-0061-d8f08ae8,plan_and_solve,SUCCESS,s1,mock_heavy,success,1482.97,500,40,,14.0,14.0,False,1481347.0,http://127.0.0.1:9602,False,False
1779348773.749516,sess-0061-d8f08ae8,plan_and_solve,SUCCESS,s2,web_fetch,success,662.05,500,8,,14.0,14.0,False,660077.0,http://127.0.0.1:9601,False,False
1779348774.411703,sess-0061-d8f08ae8,plan_and_solve,SUCCESS,s3,web_fetch,success,749.81,500,8,,14.0,14.0,False,747844.0,http://127.0.0.1:9602,False,False
1779348775.161628,sess-0061-d8f08ae8,plan_and_solve,SUCCESS,s4,mock_heavy,success,1205.11,500,40,,14.0,14.0,False,1203680.0,http://127.0.0.1:9601,False,False
1779348776.366877,sess-0061-d8f08ae8,plan_and_solve,SUCCESS,s5,calculate,success,438.69,500,8,,14.0,14.0,False,436628.0,http://127.0.0.1:9602,False,False
1779348776.805695,sess-0061-d8f08ae8,plan_and_solve,SUCCESS,s6,calculate,success,513.85,500,8,,14.0,14.0,False,512630.0,http://127.0.0.1:9601,False,False
1779348775.867897,sess-0204-dfab8c8a,plan_and_solve,SUCCESS,s1,web_fetch,success,535.83,500,135,,3.0,3.0,False,534830.0,http://127.0.0.1:9602,False,False
1779348776.403861,sess-0204-dfab8c8a,plan_and_solve,SUCCESS,s2,calculate,success,407.40,500,135,,3.0,3.0,False,405861.0,http://127.0.0.1:9602,False,False
1779348776.811363,sess-0204-dfab8c8a,plan_and_solve,SUCCESS,s3,calculate,success,536.40,500,135,,3.0,3.0,False,534891.0,http://127.0.0.1:9602,False,False
1779348775.769226,sess-0200-1b5b62ab,plan_and_solve,SUCCESS,s1,web_fetch,success,490.51,500,135,,3.0,3.0,False,489698.0,http://127.0.0.1:9602,False,False
1779348776.259789,sess-0200-1b5b62ab,plan_and_solve,SUCCESS,s2,web_fetch,success,539.85,500,135,,3.0,3.0,False,538869.0,http://127.0.0.1:9601,False,False
1779348776.799754,sess-0200-1b5b62ab,plan_and_solve,SUCCESS,s3,web_fetch,success,560.69,500,135,,3.0,3.0,False,559270.0,http://127.0.0.1:9602,False,False
1779348777.486978,sess-0261-af011692,plan_and_solve,REJECTED_AT_STEP_0,s1,calculate,rejected,4.65,500,,,0.0,0.0,False,2678.0,http://127.0.0.1:9602,False,False
1779348777.580748,sess-0262-ae33a9e8,plan_and_solve,REJECTED_AT_STEP_0,s1,calculate,rejected,6.28,500,,,0.0,0.0,True,4724.0,http://127.0.0.1:9602,False,False
1779348777.587436,sess-0263-1beb9910,plan_and_solve,REJECTED_AT_STEP_0,s1,web_fetch,rejected,4.74,500,,,0.0,0.0,False,3182.0,http://127.0.0.1:9602,False,False
1779348776.085814,sess-0215-fbf8b714,plan_and_solve,SUCCESS,s1,calculate,success,516.89,500,120,,3.0,3.0,False,514317.0,http://127.0.0.1:9602,False,False
1779348776.602825,sess-0215-fbf8b714,plan_and_solve,SUCCESS,s2,web_fetch,success,504.04,500,120,,3.0,3.0,False,502760.0,http://127.0.0.1:9602,False,False
1779348777.107026,sess-0215-fbf8b714,plan_and_solve,SUCCESS,s3,calculate,success,503.73,500,120,,3.0,3.0,False,502296.0,http://127.0.0.1:9602,False,False
1779348777.658287,sess-0265-6da6a97b,plan_and_solve,REJECTED_AT_STEP_0,s1,calculate,rejected,1.92,500,,,0.0,0.0,False,0.0,http://127.0.0.1:9602,False,False
1779348777.698846,sess-0266-f4a70811,plan_and_solve,REJECTED_AT_STEP_0,s1,web_fetch,rejected,1.91,500,,,0.0,0.0,False,0.0,http://127.0.0.1:9602,False,False
1779348772.573282,sess-0071-3856046e,plan_and_solve,SUCCESS,s1,mock_heavy,success,1604.45,500,50,,17.0,17.0,True,1602386.0,http://127.0.0.1:9602,False,False
1779348774.177866,sess-0071-3856046e,plan_and_solve,SUCCESS,s2,calculate,success,591.10,500,10,,17.0,17.0,True,589086.0,http://127.0.0.1:9601,False,False
1779348774.769104,sess-0071-3856046e,plan_and_solve,SUCCESS,s3,mock_heavy,success,1266.32,500,50,,17.0,17.0,True,1264601.0,http://127.0.0.1:9601,False,False
1779348776.035563,sess-0071-3856046e,plan_and_solve,SUCCESS,s4,web_fetch,success,560.04,500,10,,17.0,17.0,True,558353.0,http://127.0.0.1:9601,False,False
1779348776.595737,sess-0071-3856046e,plan_and_solve,SUCCESS,s5,mock_heavy,success,1125.57,500,50,,17.0,17.0,True,1124369.0,http://127.0.0.1:9602,False,False
1779348777.725556,sess-0267-0cccf6f0,plan_and_solve,REJECTED_AT_STEP_0,s1,calculate,rejected,1.80,500,,,0.0,0.0,True,0.0,http://127.0.0.1:9602,False,False
1779348773.616075,sess-0117-972337e4,plan_and_solve,SUCCESS,s1,calculate,success,601.70,500,8,,10.0,10.0,False,600115.0,http://127.0.0.1:9602,False,False
1779348774.217921,sess-0117-972337e4,plan_and_solve,SUCCESS,s2,web_fetch,success,748.05,500,8,,10.0,10.0,False,746206.0,http://127.0.0.1:9602,False,False
1779348774.966111,sess-0117-972337e4,plan_and_solve,SUCCESS,s3,web_fetch,success,524.85,500,8,,10.0,10.0,False,523412.0,http://127.0.0.1:9602,False,False
1779348775.491092,sess-0117-972337e4,plan_and_solve,SUCCESS,s4,web_fetch,success,376.20,500,8,,10.0,10.0,False,374370.0,http://127.0.0.1:9602,False,False
1779348775.867364,sess-0117-972337e4,plan_and_solve,SUCCESS,s5,mock_heavy,success,1148.76,500,40,,10.0,10.0,False,1148213.0,http://127.0.0.1:9602,False,False
1779348777.016174,sess-0117-972337e4,plan_and_solve,SUCCESS,s6,web_fetch,success,729.96,500,8,,10.0,10.0,False,728177.0,http://127.0.0.1:9602,False,False
1779348777.750816,sess-0268-b0ed6f11,plan_and_solve,REJECTED_AT_STEP_0,s1,web_fetch,rejected,1.73,500,,,0.0,0.0,True,0.0,http://127.0.0.1:9602,False,False
1779348777.763177,sess-0269-78f15029,plan_and_solve,REJECTED_AT_STEP_0,s1,calculate,rejected,1.87,500,,,0.0,0.0,False,905.0,http://127.0.0.1:9602,False,False
1779348777.778153,sess-0270-2b4880b2,plan_and_solve,REJECTED_AT_STEP_0,s1,calculate,rejected,1.78,500,,,0.0,0.0,True,0.0,http://127.0.0.1:9602,False,False
1779348777.898963,sess-0273-066abd7c,plan_and_solve,REJECTED_AT_STEP_0,s1,web_fetch,rejected,1.10,500,,,0.0,0.0,True,0.0,http://127.0.0.1:9602,False,False
1779348777.959553,sess-0274-d57ccf77,plan_and_solve,REJECTED_AT_STEP_0,s1,calculate,rejected,1.75,500,,,0.0,0.0,False,545.0,http://127.0.0.1:9602,False,False
1779348777.975651,sess-0275-be82af15,plan_and_solve,REJECTED_AT_STEP_0,s1,mock_heavy,rejected,1.71,500,,,0.0,0.0,True,0.0,http://127.0.0.1:9602,False,False
1779348777.990698,sess-0276-8b70e3d0,plan_and_solve,REJECTED_AT_STEP_0,s1,calculate,rejected,1.84,500,,,0.0,0.0,False,0.0,http://127.0.0.1:9602,False,False
1779348778.028898,sess-0277-e74d02c1,plan_and_solve,REJECTED_AT_STEP_0,s1,calculate,rejected,1.42,500,,,0.0,0.0,True,0.0,http://127.0.0.1:9602,False,False
1779348778.051253,sess-0278-639973d4,plan_and_solve,REJECTED_AT_STEP_0,s1,calculate,rejected,1.78,500,,,0.0,0.0,True,33.0,http://127.0.0.1:9602,False,False
1779348778.081808,sess-0279-a6da7f97,plan_and_solve,REJECTED_AT_STEP_0,s1,calculate,rejected,5.74,500,,,0.0,0.0,True,4093.0,http://127.0.0.1:9601,False,False
1779348778.127002,sess-0280-7ff4a859,plan_and_solve,REJECTED_AT_STEP_0,s1,web_fetch,rejected,2.00,500,,,0.0,0.0,True,0.0,http://127.0.0.1:9602,False,False
1779348778.174968,sess-0281-41033beb,plan_and_solve,REJECTED_AT_STEP_0,s1,calculate,rejected,2.02,500,,,0.0,0.0,False,1006.0,http://127.0.0.1:9602,False,False
1779348778.188842,sess-0282-c3cac8e5,plan_and_solve,REJECTED_AT_STEP_0,s1,web_fetch,rejected,6.13,500,,,0.0,0.0,False,4662.0,http://127.0.0.1:9601,False,False
1779348778.203448,sess-0283-bc89e9fd,plan_and_solve,REJECTED_AT_STEP_0,s1,mock_heavy,rejected,1.59,500,,,0.0,0.0,True,557.0,http://127.0.0.1:9602,False,False
1779348778.220613,sess-0284-3f23eb97,plan_and_solve,REJECTED_AT_STEP_0,s1,calculate,rejected,4.25,500,,,0.0,0.0,False,3080.0,http://127.0.0.1:9601,False,False
1779348778.251107,sess-0285-d9fc78e6,plan_and_solve,REJECTED_AT_STEP_0,s1,web_fetch,rejected,4.56,500,,,0.0,0.0,True,2399.0,http://127.0.0.1:9602,False,False
1779348778.252441,sess-0286-7305c033,plan_and_solve,REJECTED_AT_STEP_0,s1,mock_heavy,rejected,5.72,500,,,0.0,0.0,True,5284.0,http://127.0.0.1:9602,False,False
1779348778.266521,sess-0287-d5348d58,plan_and_solve,REJECTED_AT_STEP_0,s1,web_fetch,rejected,4.16,500,,,0.0,0.0,True,3039.0,http://127.0.0.1:9602,False,False
1779348778.297263,sess-0288-15829ffb,plan_and_solve,REJECTED_AT_STEP_0,s1,web_fetch,rejected,4.11,500,,,0.0,0.0,True,2374.0,http://127.0.0.1:9602,False,False
1779348778.312512,sess-0289-a88634c2,plan_and_solve,REJECTED_AT_STEP_0,s1,web_fetch,rejected,3.80,500,,,0.0,0.0,False,2701.0,http://127.0.0.1:9602,False,False
1779348778.343230,sess-0290-83f497cd,plan_and_solve,REJECTED_AT_STEP_0,s1,mock_heavy,rejected,5.23,500,,,0.0,0.0,True,3801.0,http://127.0.0.1:9602,False,False
1779348778.344402,sess-0291-c84dacaf,plan_and_solve,REJECTED_AT_STEP_0,s1,calculate,rejected,7.05,500,,,0.0,0.0,True,5875.0,http://127.0.0.1:9602,False,False
1779348778.345418,sess-0292-216532ea,plan_and_solve,REJECTED_AT_STEP_0,s1,mock_heavy,rejected,9.16,500,,,0.0,0.0,True,7569.0,http://127.0.0.1:9602,False,False
1779348778.389257,sess-0293-46ec81e6,plan_and_solve,REJECTED_AT_STEP_0,s1,mock_heavy,rejected,9.57,500,,,0.0,0.0,True,8026.0,http://127.0.0.1:9601,False,False
1779348778.399242,sess-0294-383c09b3,plan_and_solve,REJECTED_AT_STEP_0,s1,calculate,rejected,6.17,500,,,0.0,0.0,False,3829.0,http://127.0.0.1:9601,False,False
1779348778.404101,sess-0295-c712df6d,plan_and_solve,REJECTED_AT_STEP_0,s1,web_fetch,rejected,6.26,500,,,0.0,0.0,False,4723.0,http://127.0.0.1:9601,False,False
1779348778.421366,sess-0296-bea5e463,plan_and_solve,REJECTED_AT_STEP_0,s1,mock_heavy,rejected,5.11,500,,,0.0,0.0,True,3602.0,http://127.0.0.1:9601,False,False
1779348778.465205,sess-0297-83de57f2,plan_and_solve,REJECTED_AT_STEP_0,s1,mock_heavy,rejected,5.23,500,,,0.0,0.0,True,3324.0,http://127.0.0.1:9602,False,False
1779348778.470858,sess-0298-2e9851d4,plan_and_solve,REJECTED_AT_STEP_0,s1,web_fetch,rejected,4.43,500,,,0.0,0.0,False,2881.0,http://127.0.0.1:9601,False,False
1779348778.495627,sess-0299-d564b7fd,plan_and_solve,REJECTED_AT_STEP_0,s1,web_fetch,rejected,4.05,500,,,0.0,0.0,False,2854.0,http://127.0.0.1:9601,False,False
1779348774.499797,sess-0152-4d35cbdc,plan_and_solve,SUCCESS,s1,calculate,success,615.73,500,18,,11.0,11.0,False,612387.0,http://127.0.0.1:9602,False,False
1779348775.115666,sess-0152-4d35cbdc,plan_and_solve,SUCCESS,s2,web_fetch,success,556.19,500,18,,11.0,11.0,False,554401.0,http://127.0.0.1:9601,False,False
1779348775.672016,sess-0152-4d35cbdc,plan_and_solve,SUCCESS,s3,calculate,success,354.99,500,18,,11.0,11.0,False,353131.0,http://127.0.0.1:9601,False,False
1779348776.027140,sess-0152-4d35cbdc,plan_and_solve,SUCCESS,s4,web_fetch,success,551.53,500,18,,11.0,11.0,False,549900.0,http://127.0.0.1:9602,False,False
1779348776.578794,sess-0152-4d35cbdc,plan_and_solve,SUCCESS,s5,web_fetch,success,205.51,500,18,,11.0,11.0,False,204170.0,http://127.0.0.1:9601,False,False
1779348776.784422,sess-0152-4d35cbdc,plan_and_solve,SUCCESS,s6,mock_heavy,success,1050.98,500,90,,11.0,11.0,False,1048776.0,http://127.0.0.1:9602,False,False
1779348777.835524,sess-0152-4d35cbdc,plan_and_solve,SUCCESS,s7,calculate,success,819.73,500,18,,11.0,11.0,False,818223.0,http://127.0.0.1:9602,False,False
1779348776.507180,sess-0230-740546e4,plan_and_solve,SUCCESS,s1,calculate,success,318.92,500,105,,4.0,4.0,False,316971.0,http://127.0.0.1:9602,False,False
1779348776.826182,sess-0230-740546e4,plan_and_solve,SUCCESS,s2,calculate,success,547.69,500,105,,4.0,4.0,False,546232.0,http://127.0.0.1:9601,False,False
1779348777.374007,sess-0230-740546e4,plan_and_solve,SUCCESS,s3,web_fetch,success,633.81,500,105,,4.0,4.0,False,631550.0,http://127.0.0.1:9601,False,False
1779348778.007972,sess-0230-740546e4,plan_and_solve,SUCCESS,s4,web_fetch,success,888.71,500,105,,4.0,4.0,False,887086.0,http://127.0.0.1:9601,False,False
1779348777.200791,sess-0250-c939fe21,plan_and_solve,SUCCESS,s1,web_fetch,success,615.30,500,14,,3.0,3.0,False,613126.0,http://127.0.0.1:9601,False,False
1779348777.816225,sess-0250-c939fe21,plan_and_solve,SUCCESS,s2,web_fetch,success,800.37,500,14,,3.0,3.0,False,798628.0,http://127.0.0.1:9602,False,False
1779348778.616743,sess-0250-c939fe21,plan_and_solve,SUCCESS,s3,web_fetch,success,1077.49,500,14,,3.0,3.0,False,1076157.0,http://127.0.0.1:9602,False,False
1779348774.316695,sess-0141-8cdeeba8,plan_and_solve,SUCCESS,s1,web_fetch,success,751.26,500,16,,14.0,14.0,True,749885.0,http://127.0.0.1:9601,False,False
1779348775.068106,sess-0141-8cdeeba8,plan_and_solve,SUCCESS,s2,mock_heavy,success,1101.00,500,80,,14.0,14.0,True,1099203.0,http://127.0.0.1:9602,False,False
1779348776.169235,sess-0141-8cdeeba8,plan_and_solve,SUCCESS,s3,web_fetch,success,832.50,500,16,,14.0,14.0,True,830977.0,http://127.0.0.1:9601,False,False
1779348777.001785,sess-0141-8cdeeba8,plan_and_solve,SUCCESS,s4,calculate,success,580.40,500,16,,14.0,14.0,True,578217.0,http://127.0.0.1:9602,False,False
1779348777.582308,sess-0141-8cdeeba8,plan_and_solve,SUCCESS,s5,mock_heavy,success,1451.08,500,80,,14.0,14.0,True,1448925.0,http://127.0.0.1:9601,False,False
1779348779.033536,sess-0141-8cdeeba8,plan_and_solve,SUCCESS,s6,calculate,success,859.87,500,16,,14.0,14.0,True,857065.0,http://127.0.0.1:9601,False,False
1779348776.625887,sess-0235-323a20fd,plan_and_solve,SUCCESS,s1,calculate,success,369.04,500,14,,8.0,8.0,False,367641.0,http://127.0.0.1:9601,False,False
1779348776.995051,sess-0235-323a20fd,plan_and_solve,SUCCESS,s2,web_fetch,success,729.25,500,14,,8.0,8.0,False,727356.0,http://127.0.0.1:9602,False,False
1779348777.724423,sess-0235-323a20fd,plan_and_solve,SUCCESS,s3,mock_heavy,success,1512.60,500,70,,8.0,8.0,False,1510220.0,http://127.0.0.1:9601,False,False
1779348779.237241,sess-0235-323a20fd,plan_and_solve,SUCCESS,s4,calculate,success,680.83,500,14,,8.0,8.0,False,679882.0,http://127.0.0.1:9602,False,False
1779348776.924530,sess-0244-adabf54f,plan_and_solve,SUCCESS,s1,web_fetch,success,627.82,500,16,,7.0,7.0,False,626898.0,http://127.0.0.1:9601,False,False
1779348777.552424,sess-0244-adabf54f,plan_and_solve,SUCCESS,s2,mock_heavy,success,1343.68,500,80,,7.0,7.0,False,1342264.0,http://127.0.0.1:9602,False,False
1779348778.896167,sess-0244-adabf54f,plan_and_solve,SUCCESS,s3,web_fetch,success,1035.15,500,16,,7.0,7.0,False,1033990.0,http://127.0.0.1:9602,False,False
1779348776.569670,sess-0232-1a43487a,plan_and_solve,SUCCESS,s1,mock_heavy,success,1076.85,500,70,,8.0,8.0,False,1074925.0,http://127.0.0.1:9601,False,False
1779348777.646650,sess-0232-1a43487a,plan_and_solve,SUCCESS,s2,calculate,success,766.66,500,14,,8.0,8.0,False,764837.0,http://127.0.0.1:9601,False,False
1779348778.413415,sess-0232-1a43487a,plan_and_solve,SUCCESS,s3,web_fetch,success,1017.64,500,14,,8.0,8.0,False,1016001.0,http://127.0.0.1:9602,False,False
1779348779.431209,sess-0232-1a43487a,plan_and_solve,SUCCESS,s4,calculate,success,553.56,500,14,,8.0,8.0,False,551829.0,http://127.0.0.1:9601,False,False
1779348774.139542,sess-0138-0a4b8d66,plan_and_solve,SUCCESS,s1,calculate,success,583.03,500,18,,19.0,19.0,False,581480.0,http://127.0.0.1:9601,False,False
1779348774.722700,sess-0138-0a4b8d66,plan_and_solve,SUCCESS,s2,calculate,success,492.94,500,18,,19.0,19.0,False,491143.0,http://127.0.0.1:9602,False,False
1779348775.215731,sess-0138-0a4b8d66,plan_and_solve,SUCCESS,s3,web_fetch,success,529.32,500,18,,19.0,19.0,False,527532.0,http://127.0.0.1:9602,False,False
1779348775.745177,sess-0138-0a4b8d66,plan_and_solve,SUCCESS,s4,mock_heavy,success,1142.99,500,90,,19.0,19.0,False,1141813.0,http://127.0.0.1:9601,False,False
1779348776.888265,sess-0138-0a4b8d66,plan_and_solve,SUCCESS,s5,mock_heavy,success,1299.34,500,90,,19.0,19.0,False,1298037.0,http://127.0.0.1:9602,False,False
1779348778.187738,sess-0138-0a4b8d66,plan_and_solve,SUCCESS,s6,mock_heavy,success,1514.78,500,90,,19.0,19.0,False,1512912.0,http://127.0.0.1:9601,False,False
1779348779.702660,sess-0138-0a4b8d66,plan_and_solve,SUCCESS,s7,calculate,success,415.92,500,18,,19.0,19.0,False,414696.0,http://127.0.0.1:9602,False,False
1779348777.319711,sess-0256-6566cbc9,plan_and_solve,SUCCESS,s1,calculate,success,511.33,500,14,,4.0,4.0,False,510250.0,http://127.0.0.1:9601,False,False
1779348777.831169,sess-0256-6566cbc9,plan_and_solve,SUCCESS,s2,web_fetch,success,934.77,500,14,,4.0,4.0,False,933096.0,http://127.0.0.1:9601,False,False
1779348778.766086,sess-0256-6566cbc9,plan_and_solve,SUCCESS,s3,calculate,success,948.16,500,14,,4.0,4.0,False,946454.0,http://127.0.0.1:9602,False,False
1779348779.714379,sess-0256-6566cbc9,plan_and_solve,SUCCESS,s4,calculate,success,419.21,500,14,,4.0,4.0,False,418074.0,http://127.0.0.1:9601,False,False
1779348776.277576,sess-0222-e2815660,plan_and_solve,SUCCESS,s1,calculate,success,449.20,500,10,,9.0,9.0,True,447753.0,http://127.0.0.1:9601,False,False
1779348776.726887,sess-0222-e2815660,plan_and_solve,SUCCESS,s2,calculate,success,834.99,500,10,,9.0,9.0,True,833382.0,http://127.0.0.1:9601,False,False
1779348777.561964,sess-0222-e2815660,plan_and_solve,SUCCESS,s3,web_fetch,success,759.21,500,10,,9.0,9.0,True,757891.0,http://127.0.0.1:9602,False,False
1779348778.321317,sess-0222-e2815660,plan_and_solve,SUCCESS,s4,mock_heavy,success,1529.47,500,50,,9.0,9.0,True,1527561.0,http://127.0.0.1:9602,False,False
1779348779.850860,sess-0222-e2815660,plan_and_solve,SUCCESS,s5,calculate,success,317.25,500,10,,9.0,9.0,True,315568.0,http://127.0.0.1:9602,False,False
1779348777.410865,sess-0258-bb41fd92,plan_and_solve,SUCCESS,s1,web_fetch,success,616.60,500,14,,4.0,4.0,True,614884.0,http://127.0.0.1:9601,False,False
1779348778.027603,sess-0258-bb41fd92,plan_and_solve,SUCCESS,s2,calculate,success,782.76,500,14,,4.0,4.0,True,781147.0,http://127.0.0.1:9602,False,False
1779348778.810503,sess-0258-bb41fd92,plan_and_solve,SUCCESS,s3,web_fetch,success,1072.12,500,14,,4.0,4.0,True,1070583.0,http://127.0.0.1:9601,False,False
1779348779.882675,sess-0258-bb41fd92,plan_and_solve,SUCCESS,s4,web_fetch,success,502.51,500,14,,4.0,4.0,True,500801.0,http://127.0.0.1:9602,False,False
1779348777.155356,sess-0249-1c8dfff9,plan_and_solve,SUCCESS,s1,web_fetch,success,194.92,500,14,,11.0,11.0,False,193274.0,http://127.0.0.1:9601,False,False
1779348777.350398,sess-0249-1c8dfff9,plan_and_solve,SUCCESS,s2,mock_heavy,success,1299.02,500,70,,11.0,11.0,False,1297780.0,http://127.0.0.1:9601,False,False
1779348778.649565,sess-0249-1c8dfff9,plan_and_solve,SUCCESS,s3,mock_heavy,success,1754.60,500,70,,11.0,11.0,False,1752704.0,http://127.0.0.1:9601,False,False
1779348777.456216,sess-0260-710d0d04,plan_and_solve,SUCCESS,s1,web_fetch,success,669.41,500,10,,4.0,4.0,True,667476.0,http://127.0.0.1:9602,False,False
1779348778.125766,sess-0260-710d0d04,plan_and_solve,SUCCESS,s2,calculate,success,730.31,500,10,,4.0,4.0,True,728678.0,http://127.0.0.1:9602,False,False
1779348778.856241,sess-0260-710d0d04,plan_and_solve,SUCCESS,s3,web_fetch,success,1046.53,500,10,,4.0,4.0,True,1045444.0,http://127.0.0.1:9602,False,False
1779348779.902818,sess-0260-710d0d04,plan_and_solve,SUCCESS,s4,web_fetch,success,522.77,500,10,,4.0,4.0,True,521833.0,http://127.0.0.1:9602,False,False
1779348777.441112,sess-0259-319918c6,plan_and_solve,SUCCESS,s1,web_fetch,success,614.57,500,14,,7.0,7.0,False,612430.0,http://127.0.0.1:9601,False,False
1779348778.055807,sess-0259-319918c6,plan_and_solve,SUCCESS,s2,web_fetch,success,950.96,500,14,,7.0,7.0,False,949350.0,http://127.0.0.1:9601,False,False
1779348779.006908,sess-0259-319918c6,plan_and_solve,SUCCESS,s3,mock_heavy,success,1583.74,500,70,,7.0,7.0,False,1581542.0,http://127.0.0.1:9601,False,False
1779348776.323285,sess-0225-3baf835a,plan_and_solve,SUCCESS,s1,mock_heavy,success,1216.06,500,70,,12.0,12.0,True,1215079.0,http://127.0.0.1:9601,False,False
1779348777.539408,sess-0225-3baf835a,plan_and_solve,SUCCESS,s2,web_fetch,success,683.45,500,14,,12.0,12.0,True,681777.0,http://127.0.0.1:9602,False,False
1779348778.222990,sess-0225-3baf835a,plan_and_solve,SUCCESS,s3,web_fetch,success,871.51,500,14,,12.0,12.0,True,869754.0,http://127.0.0.1:9602,False,False
1779348779.094655,sess-0225-3baf835a,plan_and_solve,SUCCESS,s4,mock_heavy,success,1631.07,500,70,,12.0,12.0,True,1628944.0,http://127.0.0.1:9602,False,False
1779348776.287798,sess-0223-ce96fddd,plan_and_solve,SUCCESS,s1,web_fetch,success,594.33,500,10,,13.0,13.0,True,592940.0,http://127.0.0.1:9601,False,False
1779348776.882223,sess-0223-ce96fddd,plan_and_solve,SUCCESS,s2,web_fetch,success,645.43,500,10,,13.0,13.0,True,644100.0,http://127.0.0.1:9602,False,False
1779348777.527717,sess-0223-ce96fddd,plan_and_solve,SUCCESS,s3,web_fetch,success,674.46,500,10,,13.0,13.0,True,673342.0,http://127.0.0.1:9601,False,False
1779348778.202309,sess-0223-ce96fddd,plan_and_solve,SUCCESS,s4,mock_heavy,success,1536.41,500,50,,13.0,13.0,True,1534619.0,http://127.0.0.1:9601,False,False
1779348779.738857,sess-0223-ce96fddd,plan_and_solve,SUCCESS,s5,mock_heavy,success,1195.20,500,50,,13.0,13.0,True,1193611.0,http://127.0.0.1:9601,False,False
1779348777.375208,sess-0257-95ed1a6d,plan_and_solve,SUCCESS,s1,calculate,success,484.95,500,10,,8.0,8.0,False,483799.0,http://127.0.0.1:9602,False,False
1779348777.860249,sess-0257-95ed1a6d,plan_and_solve,SUCCESS,s2,mock_heavy,success,1633.73,500,50,,8.0,8.0,False,1632470.0,http://127.0.0.1:9601,False,False
1779348779.494115,sess-0257-95ed1a6d,plan_and_solve,SUCCESS,s3,web_fetch,success,1092.16,500,10,,8.0,8.0,False,1090422.0,http://127.0.0.1:9602,False,False
1779348780.586442,sess-0257-95ed1a6d,plan_and_solve,SUCCESS,s4,web_fetch,success,425.98,500,10,,8.0,8.0,False,424434.0,http://127.0.0.1:9601,False,False
1779348777.215971,sess-0251-c8064586,plan_and_solve,SUCCESS,s1,mock_heavy,success,1261.26,500,70,,12.0,12.0,False,1259445.0,http://127.0.0.1:9601,False,False
1779348778.477408,sess-0251-c8064586,plan_and_solve,SUCCESS,s2,web_fetch,success,1075.34,500,14,,12.0,12.0,False,1074168.0,http://127.0.0.1:9601,False,False
1779348779.552806,sess-0251-c8064586,plan_and_solve,SUCCESS,s3,mock_heavy,success,1293.44,500,70,,12.0,12.0,False,1292038.0,http://127.0.0.1:9602,False,False
1779348780.846385,sess-0251-c8064586,plan_and_solve,SUCCESS,s4,calculate,success,172.05,500,14,,12.0,12.0,False,170350.0,http://127.0.0.1:9602,False,False
1779348776.476669,sess-0229-cd083aa8,plan_and_solve,SUCCESS,s1,mock_heavy,success,1137.05,500,80,,18.0,18.0,False,1135067.0,http://127.0.0.1:9601,False,False
1779348777.613877,sess-0229-cd083aa8,plan_and_solve,SUCCESS,s2,web_fetch,success,781.84,500,16,,18.0,18.0,False,780008.0,http://127.0.0.1:9601,False,False
1779348778.395859,sess-0229-cd083aa8,plan_and_solve,SUCCESS,s3,mock_heavy,success,1542.12,500,80,,18.0,18.0,False,1540756.0,http://127.0.0.1:9601,False,False
1779348779.938035,sess-0229-cd083aa8,plan_and_solve,SUCCESS,s4,mock_heavy,success,1267.47,500,80,,18.0,18.0,False,1266194.0,http://127.0.0.1:9601,False,False
1779348781.205645,sess-0229-cd083aa8,plan_and_solve,SUCCESS,s5,web_fetch,success,194.48,500,16,,18.0,18.0,False,192389.0,http://127.0.0.1:9602,False,False
1779348781.400272,sess-0229-cd083aa8,plan_and_solve,SUCCESS,s6,web_fetch,success,173.23,500,16,,18.0,18.0,False,171043.0,http://127.0.0.1:9602,False,False
1779348776.714886,sess-0240-546f55b3,plan_and_solve,SUCCESS,s1,web_fetch,success,459.92,500,14,,14.0,14.0,True,458119.0,http://127.0.0.1:9601,False,False
1779348777.174963,sess-0240-546f55b3,plan_and_solve,SUCCESS,s2,calculate,success,462.34,500,14,,14.0,14.0,True,460687.0,http://127.0.0.1:9601,False,False
1779348777.637435,sess-0240-546f55b3,plan_and_solve,SUCCESS,s3,calculate,success,725.74,500,14,,14.0,14.0,True,724162.0,http://127.0.0.1:9601,False,False
1779348778.363307,sess-0240-546f55b3,plan_and_solve,SUCCESS,s4,mock_heavy,success,1516.86,500,70,,14.0,14.0,True,1515197.0,http://127.0.0.1:9601,False,False
1779348779.880235,sess-0240-546f55b3,plan_and_solve,SUCCESS,s5,calculate,success,313.64,500,14,,14.0,14.0,True,312579.0,http://127.0.0.1:9602,False,False
1779348780.193936,sess-0240-546f55b3,plan_and_solve,SUCCESS,s6,mock_heavy,success,1390.43,500,70,,14.0,14.0,True,1388904.0,http://127.0.0.1:9602,False,False
1779348774.483697,sess-0151-85140965,plan_and_solve,SUCCESS,s1,calculate,success,601.50,500,16,,23.0,23.0,False,600544.0,http://127.0.0.1:9602,False,False
1779348775.085347,sess-0151-85140965,plan_and_solve,SUCCESS,s2,web_fetch,success,578.47,500,16,,23.0,23.0,False,576630.0,http://127.0.0.1:9601,False,False
1779348775.663965,sess-0151-85140965,plan_and_solve,SUCCESS,s3,mock_heavy,success,1110.22,500,80,,23.0,23.0,False,1108232.0,http://127.0.0.1:9602,False,False
1779348776.774326,sess-0151-85140965,plan_and_solve,SUCCESS,s4,mock_heavy,success,1153.83,500,80,,23.0,23.0,False,1151780.0,http://127.0.0.1:9601,False,False
1779348777.928291,sess-0151-85140965,plan_and_solve,SUCCESS,s5,calculate,success,769.05,500,16,,23.0,23.0,False,767481.0,http://127.0.0.1:9602,False,False
1779348778.697484,sess-0151-85140965,plan_and_solve,SUCCESS,s6,mock_heavy,success,1722.92,500,80,,23.0,23.0,False,1721034.0,http://127.0.0.1:9601,False,False
1779348780.420547,sess-0151-85140965,plan_and_solve,SUCCESS,s7,mock_heavy,success,1169.98,500,80,,23.0,23.0,False,1168598.0,http://127.0.0.1:9601,False,False
1779348777.817451,sess-0271-6e621343,plan_and_solve,SUCCESS,s1,mock_heavy,success,1564.09,500,80,,15.0,15.0,True,1561926.0,http://127.0.0.1:9601,False,False
1779348779.381683,sess-0271-6e621343,plan_and_solve,SUCCESS,s2,calculate,success,585.47,500,16,,15.0,15.0,True,584172.0,http://127.0.0.1:9601,False,False
1779348779.967304,sess-0271-6e621343,plan_and_solve,SUCCESS,s3,calculate,success,39.72,500,16,,15.0,15.0,True,38120.0,http://127.0.0.1:9601,False,False
1779348780.007174,sess-0271-6e621343,plan_and_solve,SUCCESS,s4,mock_heavy,success,1236.58,500,80,,15.0,15.0,True,1235422.0,http://127.0.0.1:9602,False,False
1779348781.243809,sess-0271-6e621343,plan_and_solve,SUCCESS,s5,calculate,success,162.18,500,16,,15.0,15.0,True,161443.0,http://127.0.0.1:9601,False,False
1779348781.406113,sess-0271-6e621343,plan_and_solve,SUCCESS,s6,calculate,success,139.61,500,16,,15.0,15.0,True,138035.0,http://127.0.0.1:9602,False,False
1779348781.545851,sess-0271-6e621343,plan_and_solve,SUCCESS,s7,web_fetch,success,174.82,500,16,,15.0,15.0,True,173162.0,http://127.0.0.1:9601,False,False
1779348776.677538,sess-0237-edebe003,plan_and_solve,SUCCESS,s1,mock_heavy,success,1144.66,500,70,,17.0,17.0,False,1142528.0,http://127.0.0.1:9601,False,False
1779348777.822339,sess-0237-edebe003,plan_and_solve,SUCCESS,s2,mock_heavy,success,1485.51,500,70,,17.0,17.0,False,1484255.0,http://127.0.0.1:9602,False,False
1779348779.307906,sess-0237-edebe003,plan_and_solve,SUCCESS,s3,web_fetch,success,789.44,500,14,,17.0,17.0,False,788416.0,http://127.0.0.1:9601,False,False
1779348780.097476,sess-0237-edebe003,plan_and_solve,SUCCESS,s4,mock_heavy,success,1445.54,500,70,,17.0,17.0,False,1443798.0,http://127.0.0.1:9601,False,False
1779348781.543162,sess-0237-edebe003,plan_and_solve,SUCCESS,s5,web_fetch,success,185.06,500,14,,17.0,17.0,False,183820.0,http://127.0.0.1:9602,False,False
1779348777.231326,sess-0252-3e616a2f,plan_and_solve,SUCCESS,s1,mock_heavy,success,1313.01,500,30,,13.0,13.0,False,1311125.0,http://127.0.0.1:9602,False,False
1779348778.544494,sess-0252-3e616a2f,plan_and_solve,SUCCESS,s2,web_fetch,success,1030.58,500,6,,13.0,13.0,False,1029090.0,http://127.0.0.1:9602,False,False
1779348779.575296,sess-0252-3e616a2f,plan_and_solve,SUCCESS,s3,calculate,success,471.86,500,6,,13.0,13.0,False,470077.0,http://127.0.0.1:9602,False,False
1779348780.047322,sess-0252-3e616a2f,plan_and_solve,SUCCESS,s4,calculate,success,560.98,500,6,,13.0,13.0,False,559126.0,http://127.0.0.1:9602,False,False
1779348780.608438,sess-0252-3e616a2f,plan_and_solve,SUCCESS,s5,mock_heavy,success,1129.70,500,30,,13.0,13.0,False,1128068.0,http://127.0.0.1:9602,False,False
1779348777.296912,sess-0255-29f2b263,plan_and_solve,SUCCESS,s1,calculate,success,490.61,500,6,,10.0,10.0,False,489041.0,http://127.0.0.1:9602,False,False
1779348777.787661,sess-0255-29f2b263,plan_and_solve,SUCCESS,s2,web_fetch,success,821.30,500,6,,10.0,10.0,False,819214.0,http://127.0.0.1:9602,False,False
1779348778.609104,sess-0255-29f2b263,plan_and_solve,SUCCESS,s3,web_fetch,success,1057.47,500,6,,10.0,10.0,False,1056161.0,http://127.0.0.1:9601,False,False
1779348779.666716,sess-0255-29f2b263,plan_and_solve,SUCCESS,s4,web_fetch,success,568.20,500,6,,10.0,10.0,False,566452.0,http://127.0.0.1:9602,False,False
1779348780.235005,sess-0255-29f2b263,plan_and_solve,SUCCESS,s5,calculate,success,538.67,500,6,,10.0,10.0,False,537263.0,http://127.0.0.1:9601,False,False
1779348780.773820,sess-0255-29f2b263,plan_and_solve,SUCCESS,s6,mock_heavy,success,992.70,500,30,,10.0,10.0,False,991376.0,http://127.0.0.1:9601,False,False
1779348777.276421,sess-0253-713a4460,plan_and_solve,SUCCESS,s1,calculate,success,473.05,500,14,,14.0,14.0,False,471035.0,http://127.0.0.1:9601,False,False
1779348777.749623,sess-0253-713a4460,plan_and_solve,SUCCESS,s2,mock_heavy,success,1494.28,500,70,,14.0,14.0,False,1493278.0,http://127.0.0.1:9602,False,False
1779348779.243968,sess-0253-713a4460,plan_and_solve,SUCCESS,s3,web_fetch,success,836.35,500,14,,14.0,14.0,False,835393.0,http://127.0.0.1:9601,False,False
1779348780.080454,sess-0253-713a4460,plan_and_solve,SUCCESS,s4,web_fetch,success,676.71,500,14,,14.0,14.0,False,674162.0,http://127.0.0.1:9602,False,False
1779348780.757284,sess-0253-713a4460,plan_and_solve,SUCCESS,s5,calculate,success,206.64,500,14,,14.0,14.0,False,205406.0,http://127.0.0.1:9602,False,False
1779348780.964048,sess-0253-713a4460,plan_and_solve,SUCCESS,s6,mock_heavy,success,1009.08,500,70,,14.0,14.0,False,1007294.0,http://127.0.0.1:9601,False,False
1779348776.338628,sess-0226-db66fb3f,plan_and_solve,SUCCESS,s1,calculate,success,452.03,500,14,,18.0,18.0,True,450345.0,http://127.0.0.1:9601,False,False
1779348776.790780,sess-0226-db66fb3f,plan_and_solve,SUCCESS,s2,mock_heavy,success,1642.63,500,70,,18.0,18.0,True,1640603.0,http://127.0.0.1:9602,False,False
1779348778.433519,sess-0226-db66fb3f,plan_and_solve,SUCCESS,s3,calculate,success,925.06,500,14,,18.0,18.0,True,923390.0,http://127.0.0.1:9601,False,False
1779348779.358719,sess-0226-db66fb3f,plan_and_solve,SUCCESS,s4,mock_heavy,success,1396.95,500,70,,18.0,18.0,True,1394888.0,http://127.0.0.1:9601,False,False
1779348780.755813,sess-0226-db66fb3f,plan_and_solve,SUCCESS,s5,calculate,success,202.60,500,14,,18.0,18.0,True,201130.0,http://127.0.0.1:9602,False,False
1779348780.958549,sess-0226-db66fb3f,plan_and_solve,SUCCESS,s6,mock_heavy,success,1056.93,500,70,,18.0,18.0,True,1054934.0,http://127.0.0.1:9602,False,False
1779348777.853544,sess-0272-794ab2cb,plan_and_solve,SUCCESS,s1,web_fetch,success,958.02,500,16,,14.0,14.0,True,954600.0,http://127.0.0.1:9601,False,False
1779348778.811703,sess-0272-794ab2cb,plan_and_solve,SUCCESS,s2,calculate,success,934.05,500,16,,14.0,14.0,True,932718.0,http://127.0.0.1:9601,False,False
1779348779.745882,sess-0272-794ab2cb,plan_and_solve,SUCCESS,s3,mock_heavy,success,1203.98,500,80,,14.0,14.0,True,1202035.0,http://127.0.0.1:9602,False,False
1779348780.949996,sess-0272-794ab2cb,plan_and_solve,SUCCESS,s4,web_fetch,success,215.13,500,16,,14.0,14.0,True,212907.0,http://127.0.0.1:9602,False,False
1779348781.165272,sess-0272-794ab2cb,plan_and_solve,SUCCESS,s5,mock_heavy,success,877.57,500,80,,14.0,14.0,True,875755.0,http://127.0.0.1:9602,False,False
1779348782.042996,sess-0272-794ab2cb,plan_and_solve,SUCCESS,s6,calculate,success,16.80,500,16,,14.0,14.0,True,15540.0,http://127.0.0.1:9602,False,False
1779348777.291487,sess-0254-e918829b,plan_and_solve,SUCCESS,s1,mock_heavy,success,1284.58,500,30,,19.0,19.0,False,1282761.0,http://127.0.0.1:9602,False,False
1779348778.576223,sess-0254-e918829b,plan_and_solve,SUCCESS,s2,calculate,success,900.82,500,6,,19.0,19.0,False,898559.0,http://127.0.0.1:9601,False,False
1779348779.477184,sess-0254-e918829b,plan_and_solve,SUCCESS,s3,calculate,success,531.13,500,6,,19.0,19.0,False,528122.0,http://127.0.0.1:9602,False,False
1779348780.008446,sess-0254-e918829b,plan_and_solve,SUCCESS,s4,mock_heavy,success,1231.54,500,30,,19.0,19.0,False,1230228.0,http://127.0.0.1:9602,False,False
1779348781.240121,sess-0254-e918829b,plan_and_solve,SUCCESS,s5,calculate,success,162.67,500,6,,19.0,19.0,False,160918.0,http://127.0.0.1:9601,False,False
1779348781.402928,sess-0254-e918829b,plan_and_solve,SUCCESS,s6,mock_heavy,success,829.35,500,30,,19.0,19.0,False,827587.0,http://127.0.0.1:9601,False,False
1779348782.232419,sess-0254-e918829b,plan_and_solve,SUCCESS,s7,calculate,success,14.11,500,6,,19.0,19.0,False,12007.0,http://127.0.0.1:9602,False,False
1779348777.611197,sess-0264-859e4511,plan_and_solve,SUCCESS,s1,web_fetch,success,808.89,500,16,,18.0,18.0,True,807154.0,http://127.0.0.1:9601,False,False
1779348778.420234,sess-0264-859e4511,plan_and_solve,SUCCESS,s2,mock_heavy,success,1671.43,500,80,,18.0,18.0,True,1670160.0,http://127.0.0.1:9601,False,False
1779348780.091805,sess-0264-859e4511,plan_and_solve,SUCCESS,s3,mock_heavy,success,1340.11,500,80,,18.0,18.0,True,1338797.0,http://127.0.0.1:9602,False,False
1779348781.432056,sess-0264-859e4511,plan_and_solve,SUCCESS,s4,web_fetch,success,264.95,500,16,,18.0,18.0,True,263530.0,http://127.0.0.1:9602,False,False
1779348781.697075,sess-0264-859e4511,plan_and_solve,SUCCESS,s5,mock_heavy,success,810.41,500,80,,18.0,18.0,True,808790.0,http://127.0.0.1:9601,False,False
1779348782.507633,sess-0264-859e4511,plan_and_solve,SUCCESS,s6,web_fetch,success,163.24,500,16,,18.0,18.0,True,162095.0,http://127.0.0.1:9601,False,False
