timestamp,session_id,mode,session_state,step_id,tool_name,status,latency_ms,budget,locked_price,regime,raw_goodput,effective_goodput,shadow_would_reject
1774782856.091503,sess-0000-c89ee836,react,SUCCESS,r1,calculate,success,4.98,500,0,,1.0,1.0,False
1774782856.326267,sess-0002-9049afee,react,SUCCESS,r1,calculate,success,8.02,500,0,,1.0,1.0,False
1774782856.488695,sess-0005-b0551b22,react,SUCCESS,r1,calculate,success,6.90,500,0,,1.0,1.0,False
1774782856.787708,sess-0011-76f83647,react,SUCCESS,r1,web_fetch,success,162.80,500,0,,4.0,4.0,False
1774782856.950858,sess-0011-76f83647,react,SUCCESS,r2,web_fetch,success,158.89,500,0,,4.0,4.0,False
1774782857.109936,sess-0011-76f83647,react,SUCCESS,r3,calculate,success,7.12,500,0,,4.0,4.0,False
1774782857.117173,sess-0011-76f83647,react,SUCCESS,r4,calculate,success,5.99,500,0,,4.0,4.0,False
1774782857.143017,sess-0013-add9804b,react,SUCCESS,r1,web_fetch,success,157.40,500,0,,1.0,1.0,False
1774782857.213116,sess-0017-ca49d9cc,react,SUCCESS,r1,calculate,success,91.48,500,0,,1.0,1.0,False
1774782856.505541,sess-0007-8fb2a199,react,SUCCESS,r1,calculate,success,6.23,500,0,,6.0,6.0,False
1774782856.511894,sess-0007-8fb2a199,react,SUCCESS,r2,mock_heavy,success,807.37,500,0,,6.0,6.0,False
1774782857.302095,sess-0019-97827330,react,SUCCESS,r1,calculate,success,162.12,500,0,,1.0,1.0,False
1774782856.785354,sess-0010-fa04a97d,react,SUCCESS,r1,calculate,success,14.90,500,0,,8.0,8.0,False
1774782856.800385,sess-0010-fa04a97d,react,SUCCESS,r2,calculate,success,4.77,500,0,,8.0,8.0,False
1774782856.805277,sess-0010-fa04a97d,react,SUCCESS,r3,calculate,success,4.61,500,0,,8.0,8.0,False
1774782856.810004,sess-0010-fa04a97d,react,SUCCESS,r4,mock_heavy,success,807.50,500,0,,8.0,8.0,False
1774782857.263842,sess-0018-f27dd421,react,SUCCESS,r1,mock_heavy,success,1001.21,500,0,,5.0,5.0,False
1774782856.415237,sess-0003-15f34538,react,SUCCESS,r1,mock_heavy,success,808.97,500,0,,11.0,11.0,False
1774782857.224311,sess-0003-15f34538,react,SUCCESS,r2,web_fetch,success,235.85,500,0,,11.0,11.0,False
1774782857.460280,sess-0003-15f34538,react,SUCCESS,r3,mock_heavy,success,1015.21,500,0,,11.0,11.0,False
1774782857.159717,sess-0014-61f41f9d,react,SUCCESS,r1,calculate,success,26.21,500,0,,9.0,9.0,False
1774782857.186048,sess-0014-61f41f9d,react,SUCCESS,r2,calculate,success,39.37,500,0,,9.0,9.0,False
1774782857.225519,sess-0014-61f41f9d,react,SUCCESS,r3,calculate,success,97.34,500,0,,9.0,9.0,False
1774782857.322988,sess-0014-61f41f9d,react,SUCCESS,r4,web_fetch,success,295.34,500,0,,9.0,9.0,False
1774782857.618512,sess-0014-61f41f9d,react,SUCCESS,r5,mock_heavy,success,1187.03,500,0,,9.0,9.0,False
1774782857.389587,sess-0021-debce20d,react,SUCCESS,r1,mock_heavy,success,890.95,500,0,,6.0,6.0,False
1774782858.280675,sess-0021-debce20d,react,SUCCESS,r2,web_fetch,success,688.95,500,0,,6.0,6.0,False
1774782857.325636,sess-0020-bd99e118,react,SUCCESS,r1,calculate,success,147.07,500,0,,7.0,7.0,False
1774782857.472823,sess-0020-bd99e118,react,SUCCESS,r2,web_fetch,success,464.44,500,0,,7.0,7.0,False
1774782857.937371,sess-0020-bd99e118,react,SUCCESS,r3,mock_heavy,success,1343.58,500,0,,7.0,7.0,False
1774782856.501244,sess-0006-a243a040,react,CASCADE_FAILED,r1,web_fetch,success,156.74,500,0,,11.0,0.0,False
1774782856.658111,sess-0006-a243a040,react,CASCADE_FAILED,r2,mock_heavy,success,811.58,500,0,,11.0,0.0,False
1774782857.469813,sess-0006-a243a040,react,CASCADE_FAILED,r3,mock_heavy,success,1098.53,500,0,,11.0,0.0,False
1774782858.568408,sess-0006-a243a040,react,CASCADE_FAILED,r4,calculate,error,1006.80,500,,,11.0,0.0,False
1774782856.702574,sess-0009-2cf7fcc3,react,SUCCESS,r1,web_fetch,success,156.45,500,0,,12.0,12.0,False
1774782856.859204,sess-0009-2cf7fcc3,react,SUCCESS,r2,mock_heavy,success,808.28,500,0,,12.0,12.0,False
1774782857.667695,sess-0009-2cf7fcc3,react,SUCCESS,r3,mock_heavy,success,1250.90,500,0,,12.0,12.0,False
1774782858.918685,sess-0009-2cf7fcc3,react,SUCCESS,r4,web_fetch,success,723.04,500,0,,12.0,12.0,False
1774782856.640650,sess-0008-735ea75e,react,SUCCESS,r1,calculate,success,5.57,500,0,,14.0,14.0,False
1774782856.646303,sess-0008-735ea75e,react,SUCCESS,r2,calculate,success,4.31,500,0,,14.0,14.0,False
1774782856.650840,sess-0008-735ea75e,react,SUCCESS,r3,mock_heavy,success,807.61,500,0,,14.0,14.0,False
1774782857.458649,sess-0008-735ea75e,react,SUCCESS,r4,web_fetch,success,317.04,500,0,,14.0,14.0,False
1774782857.775826,sess-0008-735ea75e,react,SUCCESS,r5,mock_heavy,success,1328.83,500,0,,14.0,14.0,False
1774782859.104795,sess-0008-735ea75e,react,SUCCESS,r6,web_fetch,success,795.36,500,0,,14.0,14.0,False
1774782857.188297,sess-0016-60019ce3,react,SUCCESS,r1,calculate,success,39.00,500,0,,9.0,9.0,False
1774782857.227393,sess-0016-60019ce3,react,SUCCESS,r2,web_fetch,success,251.49,500,0,,9.0,9.0,False
1774782857.479008,sess-0016-60019ce3,react,SUCCESS,r3,web_fetch,success,459.33,500,0,,9.0,9.0,False
1774782857.938421,sess-0016-60019ce3,react,SUCCESS,r4,web_fetch,success,703.52,500,0,,9.0,9.0,False
1774782858.642015,sess-0016-60019ce3,react,SUCCESS,r5,mock_heavy,success,1448.44,500,0,,9.0,9.0,False
1774782858.475810,sess-0030-70407d89,react,SUCCESS,r1,mock_heavy,success,1312.20,500,0,,6.0,6.0,False
1774782859.788216,sess-0030-70407d89,react,SUCCESS,r2,calculate,success,343.10,500,0,,6.0,6.0,False
1774782857.022122,sess-0012-3099a05b,react,SUCCESS,r1,web_fetch,success,162.25,500,0,,13.0,13.0,False
1774782857.184510,sess-0012-3099a05b,react,SUCCESS,r2,mock_heavy,success,808.75,500,0,,13.0,13.0,False
1774782857.993410,sess-0012-3099a05b,react,SUCCESS,r3,mock_heavy,success,1377.76,500,0,,13.0,13.0,False
1774782859.371323,sess-0012-3099a05b,react,SUCCESS,r4,web_fetch,success,696.06,500,0,,13.0,13.0,False
1774782860.067537,sess-0012-3099a05b,react,SUCCESS,r5,calculate,success,152.92,500,0,,13.0,13.0,False
1774782860.090859,sess-0037-533a4087,react,SUCCESS,r1,calculate,success,161.21,500,0,,1.0,1.0,False
1774782858.265300,sess-0029-f949bf56,react,SUCCESS,r1,web_fetch,success,650.24,500,0,,4.0,4.0,False
1774782858.915643,sess-0029-f949bf56,react,SUCCESS,r2,calculate,success,558.77,500,0,,4.0,4.0,False
1774782859.474560,sess-0029-f949bf56,react,SUCCESS,r3,web_fetch,success,641.84,500,0,,4.0,4.0,False
1774782860.116516,sess-0029-f949bf56,react,SUCCESS,r4,calculate,success,168.20,500,0,,4.0,4.0,False
1774782857.619918,sess-0027-e36ec720,react,SUCCESS,r1,mock_heavy,success,1226.71,500,0,,11.0,11.0,False
1774782858.846701,sess-0027-e36ec720,react,SUCCESS,r2,mock_heavy,success,1356.98,500,0,,11.0,11.0,False
1774782860.203812,sess-0027-e36ec720,react,SUCCESS,r3,calculate,success,167.91,500,0,,11.0,11.0,False
1774782856.476786,sess-0004-b4ad9da4,react,SUCCESS,r1,web_fetch,success,158.91,500,0,,15.0,15.0,False
1774782856.635836,sess-0004-b4ad9da4,react,SUCCESS,r2,web_fetch,success,158.24,500,0,,15.0,15.0,False
1774782856.794180,sess-0004-b4ad9da4,react,SUCCESS,r3,web_fetch,success,158.13,500,0,,15.0,15.0,False
1774782856.952504,sess-0004-b4ad9da4,react,SUCCESS,r4,mock_heavy,success,807.37,500,0,,15.0,15.0,False
1774782857.759993,sess-0004-b4ad9da4,react,SUCCESS,r5,web_fetch,success,689.24,500,0,,15.0,15.0,False
1774782858.449381,sess-0004-b4ad9da4,react,SUCCESS,r6,calculate,success,485.60,500,0,,15.0,15.0,False
1774782858.935119,sess-0004-b4ad9da4,react,SUCCESS,r7,mock_heavy,success,1523.71,500,0,,15.0,15.0,False
1774782858.969734,sess-0032-12ed5888,react,SUCCESS,r1,mock_heavy,success,1511.11,500,0,,5.0,5.0,False
1774782856.123886,sess-0001-cb0699a2,react,SUCCESS,r1,mock_heavy,success,807.53,500,0,,22.0,22.0,False
1774782856.931557,sess-0001-cb0699a2,react,SUCCESS,r2,calculate,success,6.11,500,0,,22.0,22.0,False
1774782856.937842,sess-0001-cb0699a2,react,SUCCESS,r3,mock_heavy,success,806.49,500,0,,22.0,22.0,False
1774782857.744432,sess-0001-cb0699a2,react,SUCCESS,r4,mock_heavy,success,1353.36,500,0,,22.0,22.0,False
1774782859.097939,sess-0001-cb0699a2,react,SUCCESS,r5,web_fetch,success,173.62,500,0,,22.0,22.0,False
1774782859.271713,sess-0001-cb0699a2,react,SUCCESS,r6,mock_heavy,success,1298.16,500,0,,22.0,22.0,False
1774782857.669086,sess-0028-083e324d,react,SUCCESS,r1,calculate,success,613.03,500,0,,9.0,9.0,False
1774782858.282234,sess-0028-083e324d,react,SUCCESS,r2,mock_heavy,success,1379.33,500,0,,9.0,9.0,False
1774782859.661642,sess-0028-083e324d,react,SUCCESS,r3,calculate,success,444.29,500,0,,9.0,9.0,False
1774782860.106053,sess-0028-083e324d,react,SUCCESS,r4,calculate,success,163.01,500,0,,9.0,9.0,False
1774782860.269250,sess-0028-083e324d,react,SUCCESS,r5,web_fetch,success,393.91,500,0,,9.0,9.0,False
1774782857.603231,sess-0026-e92efe4e,react,SUCCESS,r1,web_fetch,success,500.45,500,0,,10.0,10.0,False
1774782858.103859,sess-0026-e92efe4e,react,SUCCESS,r2,mock_heavy,success,1356.77,500,0,,10.0,10.0,False
1774782859.460782,sess-0026-e92efe4e,react,SUCCESS,r3,calculate,success,486.77,500,0,,10.0,10.0,False
1774782859.947714,sess-0026-e92efe4e,react,SUCCESS,r4,web_fetch,success,408.01,500,0,,10.0,10.0,False
1774782860.355864,sess-0026-e92efe4e,react,SUCCESS,r5,web_fetch,success,417.76,500,0,,10.0,10.0,False
1774782860.773826,sess-0026-e92efe4e,react,SUCCESS,r6,calculate,success,249.71,500,0,,10.0,10.0,False
1774782859.575519,sess-0034-bf010c2e,react,SUCCESS,r1,calculate,success,508.39,500,0,,6.0,6.0,False
1774782860.084116,sess-0034-bf010c2e,react,SUCCESS,r2,calculate,success,150.78,500,0,,6.0,6.0,False
1774782860.235032,sess-0034-bf010c2e,react,SUCCESS,r3,calculate,success,240.19,500,0,,6.0,6.0,False
1774782860.475360,sess-0034-bf010c2e,react,SUCCESS,r4,calculate,success,258.46,500,0,,6.0,6.0,False
1774782860.733953,sess-0034-bf010c2e,react,SUCCESS,r5,calculate,success,240.55,500,0,,6.0,6.0,False
1774782860.974629,sess-0034-bf010c2e,react,SUCCESS,r6,calculate,success,174.52,500,0,,6.0,6.0,False
1774782859.641970,sess-0035-319a20b8,react,SUCCESS,r1,web_fetch,success,608.43,500,0,,5.0,5.0,False
1774782860.250524,sess-0035-319a20b8,react,SUCCESS,r2,calculate,success,238.38,500,0,,5.0,5.0,False
1774782860.489143,sess-0035-319a20b8,react,SUCCESS,r3,calculate,success,277.58,500,0,,5.0,5.0,False
1774782860.767005,sess-0035-319a20b8,react,SUCCESS,r4,calculate,success,240.06,500,0,,5.0,5.0,False
1774782861.007188,sess-0035-319a20b8,react,SUCCESS,r5,calculate,success,157.21,500,0,,5.0,5.0,False
1774782859.281187,sess-0033-bf7ffef2,react,SUCCESS,r1,mock_heavy,success,1324.38,500,0,,7.0,7.0,False
1774782860.605792,sess-0033-bf7ffef2,react,SUCCESS,r2,web_fetch,success,407.97,500,0,,7.0,7.0,False
1774782861.014004,sess-0033-bf7ffef2,react,SUCCESS,r3,calculate,success,152.52,500,0,,7.0,7.0,False
1774782860.284914,sess-0041-0d68e9a0,react,SUCCESS,r1,web_fetch,success,434.96,500,0,,3.0,3.0,False
1774782860.720009,sess-0041-0d68e9a0,react,SUCCESS,r2,web_fetch,success,406.31,500,0,,3.0,3.0,False
1774782861.126446,sess-0041-0d68e9a0,react,SUCCESS,r3,calculate,success,139.48,500,0,,3.0,3.0,False
1774782860.663413,sess-0046-cff30799,react,SUCCESS,r1,calculate,success,295.52,500,0,,2.0,2.0,False
1774782860.959052,sess-0046-cff30799,react,SUCCESS,r2,web_fetch,success,334.92,500,0,,2.0,2.0,False
1774782860.371950,sess-0042-c594da04,react,SUCCESS,r1,calculate,success,307.80,500,0,,4.0,4.0,False
1774782860.679950,sess-0042-c594da04,react,SUCCESS,r2,web_fetch,success,436.12,500,0,,4.0,4.0,False
1774782861.116195,sess-0042-c594da04,react,SUCCESS,r3,calculate,success,87.81,500,0,,4.0,4.0,False
1774782861.204126,sess-0042-c594da04,react,SUCCESS,r4,calculate,success,200.18,500,0,,4.0,4.0,False
1774782861.166844,sess-0050-409ac7db,react,SUCCESS,r1,web_fetch,success,350.03,500,0,,1.0,1.0,False
1774782857.401160,sess-0022-42bbf876,react,SUCCESS,r1,mock_heavy,success,886.62,500,0,,18.0,18.0,False
1774782858.287902,sess-0022-42bbf876,react,SUCCESS,r2,mock_heavy,success,1444.87,500,0,,18.0,18.0,False
1774782859.732998,sess-0022-42bbf876,react,SUCCESS,r3,calculate,success,382.02,500,0,,18.0,18.0,False
1774782860.115151,sess-0022-42bbf876,react,SUCCESS,r4,mock_heavy,success,967.34,500,0,,18.0,18.0,False
1774782861.082625,sess-0022-42bbf876,react,SUCCESS,r5,calculate,success,99.98,500,0,,18.0,18.0,False
1774782861.182682,sess-0022-42bbf876,react,SUCCESS,r6,web_fetch,success,346.97,500,0,,18.0,18.0,False
1774782857.499474,sess-0025-de071f97,react,SUCCESS,r1,mock_heavy,success,1249.41,500,0,,17.0,17.0,False
1774782858.748959,sess-0025-de071f97,react,SUCCESS,r2,mock_heavy,success,1348.97,500,0,,17.0,17.0,False
1774782860.098052,sess-0025-de071f97,react,SUCCESS,r3,calculate,success,169.66,500,0,,17.0,17.0,False
1774782860.267839,sess-0025-de071f97,react,SUCCESS,r4,mock_heavy,success,1036.31,500,0,,17.0,17.0,False
1774782861.304255,sess-0025-de071f97,react,SUCCESS,r5,calculate,success,241.97,500,0,,17.0,17.0,False
1774782859.900407,sess-0036-ce28d316,react,SUCCESS,r1,web_fetch,success,382.08,500,0,,7.0,7.0,False
1774782860.282677,sess-0036-ce28d316,react,SUCCESS,r2,calculate,success,270.20,500,0,,7.0,7.0,False
1774782860.553007,sess-0036-ce28d316,react,SUCCESS,r3,mock_heavy,success,1047.62,500,0,,7.0,7.0,False
1774782857.425274,sess-0023-828b5789,react,SUCCESS,r1,web_fetch,success,352.27,500,0,,15.0,15.0,False
1774782857.777730,sess-0023-828b5789,react,SUCCESS,r2,calculate,success,688.17,500,0,,15.0,15.0,False
1774782858.466028,sess-0023-828b5789,react,SUCCESS,r3,mock_heavy,success,1286.18,500,0,,15.0,15.0,False
1774782859.752346,sess-0023-828b5789,react,SUCCESS,r4,calculate,success,371.78,500,0,,15.0,15.0,False
1774782860.124242,sess-0023-828b5789,react,SUCCESS,r5,mock_heavy,success,975.81,500,0,,15.0,15.0,False
1774782861.100263,sess-0023-828b5789,react,SUCCESS,r6,web_fetch,success,248.85,500,0,,15.0,15.0,False
1774782861.349351,sess-0023-828b5789,react,SUCCESS,r7,calculate,success,267.43,500,0,,15.0,15.0,False
1774782857.457061,sess-0024-e5193f07,react,SUCCESS,r1,mock_heavy,success,1095.86,500,0,,20.0,20.0,False
1774782858.552991,sess-0024-e5193f07,react,SUCCESS,r2,mock_heavy,success,1361.06,500,0,,20.0,20.0,False
1774782859.914143,sess-0024-e5193f07,react,SUCCESS,r3,mock_heavy,success,1026.28,500,0,,20.0,20.0,False
1774782860.940500,sess-0024-e5193f07,react,SUCCESS,r4,mock_heavy,success,978.77,500,0,,20.0,20.0,False
1774782857.174131,sess-0015-a38ec5e6,react,SUCCESS,r1,calculate,success,16.33,500,0,,23.0,23.0,False
1774782857.190576,sess-0015-a38ec5e6,react,SUCCESS,r2,mock_heavy,success,841.88,500,0,,23.0,23.0,False
1774782858.032619,sess-0015-a38ec5e6,react,SUCCESS,r3,mock_heavy,success,1353.99,500,0,,23.0,23.0,False
1774782859.386889,sess-0015-a38ec5e6,react,SUCCESS,r4,calculate,success,543.68,500,0,,23.0,23.0,False
1774782859.930699,sess-0015-a38ec5e6,react,SUCCESS,r5,mock_heavy,success,1017.49,500,0,,23.0,23.0,False
1774782860.948401,sess-0015-a38ec5e6,react,SUCCESS,r6,calculate,success,184.56,500,0,,23.0,23.0,False
1774782861.133077,sess-0015-a38ec5e6,react,SUCCESS,r7,mock_heavy,success,947.97,500,0,,23.0,23.0,False
1774782861.617297,sess-0058-c0f59f08,react,SUCCESS,r1,web_fetch,success,470.22,500,0,,1.0,1.0,False
1774782860.131525,sess-0038-f49dc55a,react,SUCCESS,r1,calculate,success,170.28,500,0,,8.0,8.0,False
1774782860.301937,sess-0038-f49dc55a,react,SUCCESS,r2,mock_heavy,success,1085.58,500,0,,8.0,8.0,False
1774782861.387717,sess-0038-f49dc55a,react,SUCCESS,r3,web_fetch,success,480.07,500,0,,8.0,8.0,False
1774782861.867925,sess-0038-f49dc55a,react,SUCCESS,r4,web_fetch,success,386.03,500,0,,8.0,8.0,False
1774782860.459219,sess-0043-c9fe0d07,react,SUCCESS,r1,web_fetch,success,387.48,500,0,,5.0,5.0,False
1774782860.846956,sess-0043-c9fe0d07,react,SUCCESS,r2,web_fetch,success,402.33,500,0,,5.0,5.0,False
1774782861.249420,sess-0043-c9fe0d07,react,SUCCESS,r3,web_fetch,success,321.60,500,0,,5.0,5.0,False
1774782861.571192,sess-0043-c9fe0d07,react,SUCCESS,r4,calculate,success,341.26,500,0,,5.0,5.0,False
1774782861.912592,sess-0043-c9fe0d07,react,SUCCESS,r5,web_fetch,success,457.71,500,0,,5.0,5.0,False
1774782861.149558,sess-0048-51bcaa39,react,SUCCESS,r1,web_fetch,success,319.70,500,0,,3.0,3.0,False
1774782861.469404,sess-0048-51bcaa39,react,SUCCESS,r2,web_fetch,success,528.80,500,0,,3.0,3.0,False
1774782861.998343,sess-0048-51bcaa39,react,SUCCESS,r3,web_fetch,success,455.78,500,0,,3.0,3.0,False
1774782861.600848,sess-0057-460f36f5,react,SUCCESS,r1,calculate,success,327.89,500,0,,3.0,3.0,False
1774782861.928864,sess-0057-460f36f5,react,SUCCESS,r2,calculate,success,359.57,500,0,,3.0,3.0,False
1774782862.288553,sess-0057-460f36f5,react,SUCCESS,r3,calculate,success,213.19,500,0,,3.0,3.0,False
1774782860.481065,sess-0044-ff27a64d,react,SUCCESS,r1,calculate,success,269.48,500,0,,10.0,10.0,False
1774782860.750839,sess-0044-ff27a64d,react,SUCCESS,r2,calculate,success,240.31,500,0,,10.0,10.0,False
1774782860.991284,sess-0044-ff27a64d,react,SUCCESS,r3,calculate,success,159.80,500,0,,10.0,10.0,False
1774782861.151215,sess-0044-ff27a64d,react,SUCCESS,r4,calculate,success,196.36,500,0,,10.0,10.0,False
1774782861.347631,sess-0044-ff27a64d,react,SUCCESS,r5,mock_heavy,success,1038.42,500,0,,10.0,10.0,False
1774782862.386187,sess-0044-ff27a64d,react,SUCCESS,r6,calculate,success,181.86,500,0,,10.0,10.0,False
1774782861.164664,sess-0049-af5fc595,react,SUCCESS,r1,calculate,success,197.75,500,0,,7.0,7.0,False
1774782861.362543,sess-0049-af5fc595,react,SUCCESS,r2,mock_heavy,success,1072.03,500,0,,7.0,7.0,False
1774782862.434904,sess-0049-af5fc595,react,SUCCESS,r3,calculate,success,166.40,500,0,,7.0,7.0,False
1774782861.294199,sess-0052-ec7c0a83,react,SUCCESS,r1,web_fetch,success,389.30,500,0,,4.0,4.0,False
1774782861.683647,sess-0052-ec7c0a83,react,SUCCESS,r2,calculate,success,261.82,500,0,,4.0,4.0,False
1774782861.945590,sess-0052-ec7c0a83,react,SUCCESS,r3,web_fetch,success,498.12,500,0,,4.0,4.0,False
1774782862.443838,sess-0052-ec7c0a83,react,SUCCESS,r4,calculate,success,173.94,500,0,,4.0,4.0,False
1774782861.517114,sess-0054-8f1247c9,react,SUCCESS,r1,calculate,success,368.07,500,0,,3.0,3.0,False
1774782861.885313,sess-0054-8f1247c9,react,SUCCESS,r2,web_fetch,success,447.23,500,0,,3.0,3.0,False
1774782862.332743,sess-0054-8f1247c9,react,SUCCESS,r3,web_fetch,success,333.89,500,0,,3.0,3.0,False
1774782861.023983,sess-0047-dc4e013f,react,SUCCESS,r1,web_fetch,success,308.40,500,0,,5.0,5.0,False
1774782861.332509,sess-0047-dc4e013f,react,SUCCESS,r2,web_fetch,success,379.11,500,0,,5.0,5.0,False
1774782861.711805,sess-0047-dc4e013f,react,SUCCESS,r3,web_fetch,success,453.32,500,0,,5.0,5.0,False
1774782862.165262,sess-0047-dc4e013f,react,SUCCESS,r4,web_fetch,success,388.66,500,0,,5.0,5.0,False
1774782862.554057,sess-0047-dc4e013f,react,SUCCESS,r5,calculate,success,164.32,500,0,,5.0,5.0,False
1774782858.805646,sess-0031-9e6eadc9,react,SUCCESS,r1,mock_heavy,success,1383.06,500,0,,17.0,17.0,False
1774782860.188849,sess-0031-9e6eadc9,react,SUCCESS,r2,mock_heavy,success,931.66,500,0,,17.0,17.0,False
1774782861.120729,sess-0031-9e6eadc9,react,SUCCESS,r3,web_fetch,success,248.48,500,0,,17.0,17.0,False
1774782861.369334,sess-0031-9e6eadc9,react,SUCCESS,r4,calculate,success,329.63,500,0,,17.0,17.0,False
1774782861.699113,sess-0031-9e6eadc9,react,SUCCESS,r5,mock_heavy,success,1064.53,500,0,,17.0,17.0,False
1774782862.618067,sess-0068-f0e8a42b,react,SUCCESS,r1,calculate,success,285.49,500,0,,1.0,1.0,False
1774782861.546668,sess-0056-991eac11,react,SUCCESS,r1,mock_heavy,success,1155.21,500,0,,6.0,6.0,False
1774782862.702003,sess-0056-991eac11,react,SUCCESS,r2,calculate,success,247.23,500,0,,6.0,6.0,False
1774782860.220753,sess-0039-d6eb4196,react,SUCCESS,r1,web_fetch,success,318.24,500,0,,13.0,13.0,False
1774782860.539124,sess-0039-d6eb4196,react,SUCCESS,r2,calculate,success,250.78,500,0,,13.0,13.0,False
1774782860.790071,sess-0039-d6eb4196,react,SUCCESS,r3,web_fetch,success,399.82,500,0,,13.0,13.0,False
1774782861.190012,sess-0039-d6eb4196,react,SUCCESS,r4,mock_heavy,success,996.18,500,0,,13.0,13.0,False
1774782862.186325,sess-0039-d6eb4196,react,SUCCESS,r5,mock_heavy,success,1018.07,500,0,,13.0,13.0,False
1774782861.266221,sess-0051-eb6ed1c1,react,SUCCESS,r1,mock_heavy,success,1020.67,500,0,,8.0,8.0,False
1774782862.287018,sess-0051-eb6ed1c1,react,SUCCESS,r2,calculate,success,198.06,500,0,,8.0,8.0,False
1774782862.485246,sess-0051-eb6ed1c1,react,SUCCESS,r3,web_fetch,success,315.44,500,0,,8.0,8.0,False
1774782862.800822,sess-0051-eb6ed1c1,react,SUCCESS,r4,web_fetch,success,570.83,500,0,,8.0,8.0,False
1774782860.570196,sess-0045-1a2dcabb,react,SUCCESS,r1,web_fetch,success,386.97,500,0,,14.0,14.0,False
1774782860.957302,sess-0045-1a2dcabb,react,SUCCESS,r2,calculate,success,176.91,500,0,,14.0,14.0,False
1774782861.134322,sess-0045-1a2dcabb,react,SUCCESS,r3,mock_heavy,success,975.67,500,0,,14.0,14.0,False
1774782862.110127,sess-0045-1a2dcabb,react,SUCCESS,r4,calculate,success,277.60,500,0,,14.0,14.0,False
1774782862.387848,sess-0045-1a2dcabb,react,SUCCESS,r5,calculate,success,196.72,500,0,,14.0,14.0,False
1774782862.584693,sess-0045-1a2dcabb,react,SUCCESS,r6,mock_heavy,success,996.39,500,0,,14.0,14.0,False
1774782862.087746,sess-0061-ce2cd9ca,react,SUCCESS,r1,web_fetch,success,411.55,500,0,,7.0,7.0,False
1774782862.499425,sess-0061-ce2cd9ca,react,SUCCESS,r2,web_fetch,success,331.89,500,0,,7.0,7.0,False
1774782862.831465,sess-0061-ce2cd9ca,react,SUCCESS,r3,mock_heavy,success,1252.95,500,0,,7.0,7.0,False
1774782860.252269,sess-0040-6833f075,react,SUCCESS,r1,calculate,success,243.54,500,0,,15.0,15.0,False
1774782860.495932,sess-0040-6833f075,react,SUCCESS,r2,calculate,success,286.93,500,0,,15.0,15.0,False
1774782860.782996,sess-0040-6833f075,react,SUCCESS,r3,mock_heavy,success,1048.48,500,0,,15.0,15.0,False
1774782861.831626,sess-0040-6833f075,react,SUCCESS,r4,mock_heavy,success,1066.59,500,0,,15.0,15.0,False
1774782862.898348,sess-0040-6833f075,react,SUCCESS,r5,calculate,success,543.24,500,0,,15.0,15.0,False
1774782863.441728,sess-0040-6833f075,react,SUCCESS,r6,web_fetch,success,350.97,500,0,,15.0,15.0,False
1774782863.792932,sess-0040-6833f075,react,SUCCESS,r7,calculate,success,414.44,500,0,,15.0,15.0,False
1774782862.370548,sess-0063-1d3a27be,react,SUCCESS,r1,web_fetch,success,297.77,500,0,,4.0,4.0,False
1774782862.668435,sess-0063-1d3a27be,react,SUCCESS,r2,web_fetch,success,416.06,500,0,,4.0,4.0,False
1774782863.084635,sess-0063-1d3a27be,react,SUCCESS,r3,calculate,success,467.06,500,0,,4.0,4.0,False
1774782863.551907,sess-0063-1d3a27be,react,SUCCESS,r4,web_fetch,success,821.38,500,0,,4.0,4.0,False
1774782861.919502,sess-0059-6627e339,react,SUCCESS,r1,calculate,success,350.64,500,0,,12.0,12.0,False
1774782862.270288,sess-0059-6627e339,react,SUCCESS,r2,mock_heavy,success,997.40,500,0,,12.0,12.0,False
1774782863.267840,sess-0059-6627e339,react,SUCCESS,r3,mock_heavy,success,1100.10,500,0,,12.0,12.0,False
1774782864.368004,sess-0059-6627e339,react,SUCCESS,r4,calculate,success,221.23,500,0,,12.0,12.0,False
1774782862.254251,sess-0062-4c75e889,react,SUCCESS,r1,web_fetch,success,356.97,500,0,,9.0,9.0,False
1774782862.611419,sess-0062-4c75e889,react,SUCCESS,r2,web_fetch,success,386.39,500,0,,9.0,9.0,False
1774782862.997944,sess-0062-4c75e889,react,SUCCESS,r3,calculate,success,537.96,500,0,,9.0,9.0,False
1774782863.536029,sess-0062-4c75e889,react,SUCCESS,r4,calculate,success,270.65,500,0,,9.0,9.0,False
1774782863.806923,sess-0062-4c75e889,react,SUCCESS,r5,mock_heavy,success,823.72,500,0,,9.0,9.0,False
1774782862.454344,sess-0064-c06338bc,react,SUCCESS,r1,mock_heavy,success,974.18,500,0,,11.0,11.0,False
1774782863.428665,sess-0064-c06338bc,react,SUCCESS,r2,calculate,success,205.94,500,0,,11.0,11.0,False
1774782863.634809,sess-0064-c06338bc,react,SUCCESS,r3,mock_heavy,success,1066.46,500,0,,11.0,11.0,False
1774782861.404671,sess-0053-4e83edea,react,SUCCESS,r1,web_fetch,success,474.94,500,0,,14.0,14.0,False
1774782861.879739,sess-0053-4e83edea,react,SUCCESS,r2,web_fetch,success,396.75,500,0,,14.0,14.0,False
1774782862.276603,sess-0053-4e83edea,react,SUCCESS,r3,calculate,success,194.55,500,0,,14.0,14.0,False
1774782862.471278,sess-0053-4e83edea,react,SUCCESS,r4,calculate,success,162.72,500,0,,14.0,14.0,False
1774782862.634133,sess-0053-4e83edea,react,SUCCESS,r5,mock_heavy,success,1081.93,500,0,,14.0,14.0,False
1774782863.716370,sess-0053-4e83edea,react,SUCCESS,r6,mock_heavy,success,1002.97,500,0,,14.0,14.0,False
1774782862.763915,sess-0071-ade0b3a7,react,SUCCESS,r1,mock_heavy,success,1049.18,500,0,,8.0,8.0,False
1774782863.813222,sess-0071-ade0b3a7,react,SUCCESS,r2,calculate,success,454.68,500,0,,8.0,8.0,False
1774782864.268039,sess-0071-ade0b3a7,react,SUCCESS,r3,calculate,success,304.69,500,0,,8.0,8.0,False
1774782864.572861,sess-0071-ade0b3a7,react,SUCCESS,r4,calculate,success,329.76,500,0,,8.0,8.0,False
1774782862.081341,sess-0060-5d6470bd,react,SUCCESS,r1,web_fetch,success,370.92,500,0,,13.0,13.0,False
1774782862.452428,sess-0060-5d6470bd,react,SUCCESS,r2,web_fetch,success,316.83,500,0,,13.0,13.0,False
1774782862.769384,sess-0060-5d6470bd,react,SUCCESS,r3,mock_heavy,success,1132.42,500,0,,13.0,13.0,False
1774782863.901937,sess-0060-5d6470bd,react,SUCCESS,r4,mock_heavy,success,1288.54,500,0,,13.0,13.0,False
1774782865.190568,sess-0060-5d6470bd,react,SUCCESS,r5,calculate,success,242.39,500,0,,13.0,13.0,False
1774782862.903813,sess-0072-aafa68d6,react,SUCCESS,r1,calculate,success,554.01,500,0,,11.0,11.0,False
1774782863.457960,sess-0072-aafa68d6,react,SUCCESS,r2,mock_heavy,success,994.88,500,0,,11.0,11.0,False
1774782864.452988,sess-0072-aafa68d6,react,SUCCESS,r3,mock_heavy,success,1065.03,500,0,,11.0,11.0,False
1774782861.529879,sess-0055-ded4e660,react,SUCCESS,r1,calculate,success,366.00,500,0,,15.0,15.0,False
1774782861.896008,sess-0055-ded4e660,react,SUCCESS,r2,calculate,success,306.45,500,0,,15.0,15.0,False
1774782862.202585,sess-0055-ded4e660,react,SUCCESS,r3,web_fetch,success,400.40,500,0,,15.0,15.0,False
1774782862.603105,sess-0055-ded4e660,react,SUCCESS,r4,mock_heavy,success,1015.32,500,0,,15.0,15.0,False
1774782863.618557,sess-0055-ded4e660,react,SUCCESS,r5,calculate,success,237.49,500,0,,15.0,15.0,False
1774782863.856176,sess-0055-ded4e660,react,SUCCESS,r6,calculate,success,527.93,500,0,,15.0,15.0,False
1774782864.384158,sess-0055-ded4e660,react,SUCCESS,r7,mock_heavy,success,1337.10,500,0,,15.0,15.0,False
1774782864.084669,sess-0077-ba639ef5,react,SUCCESS,r1,web_fetch,success,471.55,500,0,,4.0,4.0,False
1774782864.556364,sess-0077-ba639ef5,react,SUCCESS,r2,calculate,success,211.29,500,0,,4.0,4.0,False
1774782864.767783,sess-0077-ba639ef5,react,SUCCESS,r3,web_fetch,success,632.62,500,0,,4.0,4.0,False
1774782865.400550,sess-0077-ba639ef5,react,SUCCESS,r4,web_fetch,success,485.14,500,0,,4.0,4.0,False
1774782862.601534,sess-0067-3d84e997,react,SUCCESS,r1,web_fetch,success,331.31,500,0,,13.0,13.0,False
1774782862.932975,sess-0067-3d84e997,react,SUCCESS,r2,calculate,success,569.09,500,0,,13.0,13.0,False
1774782863.502259,sess-0067-3d84e997,react,SUCCESS,r3,mock_heavy,success,1063.77,500,0,,13.0,13.0,False
1774782864.566237,sess-0067-3d84e997,react,SUCCESS,r4,mock_heavy,success,1019.05,500,0,,13.0,13.0,False
1774782865.585492,sess-0067-3d84e997,react,SUCCESS,r5,calculate,success,351.25,500,0,,13.0,13.0,False
1774782863.581327,sess-0076-20cf5faf,react,SUCCESS,r1,calculate,success,258.35,500,0,,6.0,6.0,False
1774782863.839857,sess-0076-20cf5faf,react,SUCCESS,r2,calculate,success,530.86,500,0,,6.0,6.0,False
1774782864.370819,sess-0076-20cf5faf,react,SUCCESS,r3,web_fetch,success,376.17,500,0,,6.0,6.0,False
1774782864.747131,sess-0076-20cf5faf,react,SUCCESS,r4,calculate,success,468.75,500,0,,6.0,6.0,False
1774782865.216063,sess-0076-20cf5faf,react,SUCCESS,r5,web_fetch,success,399.35,500,0,,6.0,6.0,False
1774782865.615615,sess-0076-20cf5faf,react,SUCCESS,r6,web_fetch,success,488.34,500,0,,6.0,6.0,False
1774782863.204728,sess-0074-5dd16cd8,react,SUCCESS,r1,mock_heavy,success,1150.95,500,0,,13.0,13.0,False
1774782864.355830,sess-0074-5dd16cd8,react,SUCCESS,r2,calculate,success,226.02,500,0,,13.0,13.0,False
1774782864.581974,sess-0074-5dd16cd8,react,SUCCESS,r3,mock_heavy,success,820.61,500,0,,13.0,13.0,False
1774782865.402707,sess-0074-5dd16cd8,react,SUCCESS,r4,web_fetch,success,502.00,500,0,,13.0,13.0,False
1774782865.904832,sess-0074-5dd16cd8,react,SUCCESS,r5,web_fetch,success,383.12,500,0,,13.0,13.0,False
1774782863.372062,sess-0075-c2058a50,react,SUCCESS,r1,web_fetch,success,376.26,500,0,,10.0,10.0,False
1774782863.748460,sess-0075-c2058a50,react,SUCCESS,r2,web_fetch,success,442.82,500,0,,10.0,10.0,False
1774782864.191535,sess-0075-c2058a50,react,SUCCESS,r3,calculate,success,276.39,500,0,,10.0,10.0,False
1774782864.467990,sess-0075-c2058a50,react,SUCCESS,r4,web_fetch,success,418.53,500,0,,10.0,10.0,False
1774782864.886897,sess-0075-c2058a50,react,SUCCESS,r5,calculate,success,392.05,500,0,,10.0,10.0,False
1774782865.279086,sess-0075-c2058a50,react,SUCCESS,r6,mock_heavy,success,1123.27,500,0,,10.0,10.0,False
1774782862.949487,sess-0073-305504fb,react,SUCCESS,r1,calculate,success,569.35,500,0,,13.0,13.0,False
1774782863.518982,sess-0073-305504fb,react,SUCCESS,r2,mock_heavy,success,1064.90,500,0,,13.0,13.0,False
1774782864.584053,sess-0073-305504fb,react,SUCCESS,r3,web_fetch,success,494.90,500,0,,13.0,13.0,False
1774782865.079113,sess-0073-305504fb,react,SUCCESS,r4,mock_heavy,success,1040.11,500,0,,13.0,13.0,False
1774782866.119347,sess-0073-305504fb,react,SUCCESS,r5,calculate,success,297.54,500,0,,13.0,13.0,False
1774782865.518256,sess-0086-f8653207,react,SUCCESS,r1,calculate,success,401.69,500,0,,3.0,3.0,False
1774782865.920063,sess-0086-f8653207,react,SUCCESS,r2,calculate,success,316.81,500,0,,3.0,3.0,False
1774782866.237079,sess-0086-f8653207,react,SUCCESS,r3,calculate,success,224.51,500,0,,3.0,3.0,False
1774782864.207677,sess-0078-b1cc7608,react,SUCCESS,r1,calculate,success,276.42,500,0,,8.0,8.0,False
1774782864.484160,sess-0078-b1cc7608,react,SUCCESS,r2,web_fetch,success,429.62,500,0,,8.0,8.0,False
1774782864.913921,sess-0078-b1cc7608,react,SUCCESS,r3,mock_heavy,success,1198.63,500,0,,8.0,8.0,False
1774782866.112721,sess-0078-b1cc7608,react,SUCCESS,r4,web_fetch,success,354.48,500,0,,8.0,8.0,False
1774782862.568338,sess-0066-e67b8a94,react,SUCCESS,r1,web_fetch,success,317.56,500,0,,14.0,14.0,False
1774782862.886034,sess-0066-e67b8a94,react,SUCCESS,r2,web_fetch,success,651.98,500,0,,14.0,14.0,False
1774782863.538138,sess-0066-e67b8a94,react,SUCCESS,r3,calculate,success,284.44,500,0,,14.0,14.0,False
1774782863.822851,sess-0066-e67b8a94,react,SUCCESS,r4,mock_heavy,success,1262.78,500,0,,14.0,14.0,False
1774782865.085760,sess-0066-e67b8a94,react,SUCCESS,r5,calculate,success,330.75,500,0,,14.0,14.0,False
1774782865.416644,sess-0066-e67b8a94,react,SUCCESS,r6,mock_heavy,success,1183.69,500,0,,14.0,14.0,False
1774782862.501990,sess-0065-b0c86251,react,SUCCESS,r1,mock_heavy,success,983.74,500,0,,15.0,15.0,False
1774782863.485869,sess-0065-b0c86251,react,SUCCESS,r2,web_fetch,success,397.13,500,0,,15.0,15.0,False
1774782863.883180,sess-0065-b0c86251,react,SUCCESS,r3,calculate,success,504.92,500,0,,15.0,15.0,False
1774782864.388149,sess-0065-b0c86251,react,SUCCESS,r4,mock_heavy,success,1060.43,500,0,,15.0,15.0,False
1774782865.448716,sess-0065-b0c86251,react,SUCCESS,r5,calculate,success,469.77,500,0,,15.0,15.0,False
1774782865.918624,sess-0065-b0c86251,react,SUCCESS,r6,web_fetch,success,367.78,500,0,,15.0,15.0,False
1774782866.286584,sess-0065-b0c86251,react,SUCCESS,r7,web_fetch,success,395.88,500,0,,15.0,15.0,False
1774782862.718594,sess-0070-3bdce815,react,SUCCESS,r1,mock_heavy,success,1048.33,500,0,,18.0,18.0,False
1774782863.767138,sess-0070-3bdce815,react,SUCCESS,r2,web_fetch,success,483.85,500,0,,18.0,18.0,False
1774782864.251159,sess-0070-3bdce815,react,SUCCESS,r3,mock_heavy,success,1050.50,500,0,,18.0,18.0,False
1774782865.301825,sess-0070-3bdce815,react,SUCCESS,r4,mock_heavy,success,1200.35,500,0,,18.0,18.0,False
1774782866.502316,sess-0070-3bdce815,react,SUCCESS,r5,calculate,success,417.12,500,0,,18.0,18.0,False
1774782866.919579,sess-0070-3bdce815,react,SUCCESS,r6,web_fetch,success,484.66,500,0,,18.0,18.0,False
1774782864.631046,sess-0081-f986cda7,react,SUCCESS,r1,mock_heavy,success,1272.04,500,0,,10.0,10.0,False
1774782865.903229,sess-0081-f986cda7,react,SUCCESS,r2,web_fetch,success,374.85,500,0,,10.0,10.0,False
1774782866.278257,sess-0081-f986cda7,react,SUCCESS,r3,calculate,success,23.87,500,0,,10.0,10.0,False
1774782866.302258,sess-0081-f986cda7,react,SUCCESS,r4,calculate,success,315.30,500,0,,10.0,10.0,False
1774782866.617691,sess-0081-f986cda7,react,SUCCESS,r5,calculate,success,467.47,500,0,,10.0,10.0,False
1774782867.085228,sess-0081-f986cda7,react,SUCCESS,r6,web_fetch,success,483.93,500,0,,10.0,10.0,False
1774782862.666965,sess-0069-febac91d,react,SUCCESS,r1,calculate,success,249.11,500,0,,19.0,19.0,False
1774782862.916201,sess-0069-febac91d,react,SUCCESS,r2,web_fetch,success,709.48,500,0,,19.0,19.0,False
1774782863.625805,sess-0069-febac91d,react,SUCCESS,r3,web_fetch,success,397.93,500,0,,19.0,19.0,False
1774782864.023889,sess-0069-febac91d,react,SUCCESS,r4,mock_heavy,success,1177.81,500,0,,19.0,19.0,False
1774782865.201831,sess-0069-febac91d,react,SUCCESS,r5,mock_heavy,success,1049.62,500,0,,19.0,19.0,False
1774782866.251620,sess-0069-febac91d,react,SUCCESS,r6,mock_heavy,success,1026.26,500,0,,19.0,19.0,False
1774782867.278007,sess-0069-febac91d,react,SUCCESS,r7,calculate,success,340.82,500,0,,19.0,19.0,False
1774782864.373378,sess-0079-088db1f8,react,SUCCESS,r1,web_fetch,success,379.85,500,0,,11.0,11.0,False
1774782864.753349,sess-0079-088db1f8,react,SUCCESS,r2,calculate,success,479.19,500,0,,11.0,11.0,False
1774782865.232739,sess-0079-088db1f8,react,SUCCESS,r3,web_fetch,success,452.48,500,0,,11.0,11.0,False
1774782865.685356,sess-0079-088db1f8,react,SUCCESS,r4,calculate,success,340.04,500,0,,11.0,11.0,False
1774782866.025574,sess-0079-088db1f8,react,SUCCESS,r5,mock_heavy,success,1045.02,500,0,,11.0,11.0,False
1774782867.070710,sess-0079-088db1f8,react,SUCCESS,r6,web_fetch,success,390.35,500,0,,11.0,11.0,False
1774782867.461193,sess-0079-088db1f8,react,SUCCESS,r7,web_fetch,success,173.83,500,0,,11.0,11.0,False
1774782865.885925,sess-0088-884abcae,react,SUCCESS,r1,calculate,success,235.15,500,0,,8.0,8.0,False
1774782866.121186,sess-0088-884abcae,react,SUCCESS,r2,calculate,success,312.21,500,0,,8.0,8.0,False
1774782866.433613,sess-0088-884abcae,react,SUCCESS,r3,mock_heavy,success,1034.40,500,0,,8.0,8.0,False
1774782867.468142,sess-0088-884abcae,react,SUCCESS,r4,calculate,success,373.33,500,0,,8.0,8.0,False
1774782864.589444,sess-0080-df624785,react,SUCCESS,r1,calculate,success,506.06,500,0,,10.0,10.0,False
1774782865.095631,sess-0080-df624785,react,SUCCESS,r2,web_fetch,success,474.01,500,0,,10.0,10.0,False
1774782865.569785,sess-0080-df624785,react,SUCCESS,r3,web_fetch,success,516.06,500,0,,10.0,10.0,False
1774782866.085983,sess-0080-df624785,react,SUCCESS,r4,mock_heavy,success,1016.88,500,0,,10.0,10.0,False
1774782867.102990,sess-0080-df624785,react,SUCCESS,r5,calculate,success,374.26,500,0,,10.0,10.0,False
1774782867.477427,sess-0080-df624785,react,SUCCESS,r6,calculate,success,380.59,500,0,,10.0,10.0,False
1774782866.467429,sess-0095-574fd579,react,SUCCESS,r1,web_fetch,success,551.60,500,0,,3.0,3.0,False
1774782867.019220,sess-0095-574fd579,react,SUCCESS,r2,web_fetch,success,418.14,500,0,,3.0,3.0,False
1774782867.437496,sess-0095-574fd579,react,SUCCESS,r3,web_fetch,success,515.48,500,0,,3.0,3.0,False
1774782867.569398,sess-0099-8d760622,react,SUCCESS,r1,web_fetch,success,454.75,500,0,,1.0,1.0,False
1774782866.461857,sess-0094-29957f53,react,SUCCESS,r1,mock_heavy,success,1195.77,500,0,,6.0,6.0,False
1774782867.657761,sess-0094-29957f53,react,SUCCESS,r2,web_fetch,success,462.53,500,0,,6.0,6.0,False
1774782865.937041,sess-0089-cc355ae2,react,SUCCESS,r1,calculate,success,316.01,500,0,,8.0,8.0,False
1774782866.253162,sess-0089-cc355ae2,react,SUCCESS,r2,mock_heavy,success,1032.41,500,0,,8.0,8.0,False
1774782867.285701,sess-0089-cc355ae2,react,SUCCESS,r3,web_fetch,success,500.51,500,0,,8.0,8.0,False
1774782867.786353,sess-0089-cc355ae2,react,SUCCESS,r4,web_fetch,success,366.35,500,0,,8.0,8.0,False
1774782866.600731,sess-0096-143340fc,react,SUCCESS,r1,calculate,success,431.12,500,0,,4.0,4.0,False
1774782867.031987,sess-0096-143340fc,react,SUCCESS,r2,calculate,success,261.75,500,0,,4.0,4.0,False
1774782867.293872,sess-0096-143340fc,react,SUCCESS,r3,web_fetch,success,508.32,500,0,,4.0,4.0,False
1774782867.802401,sess-0096-143340fc,react,SUCCESS,r4,web_fetch,success,380.90,500,0,,4.0,4.0,False
1774782865.433244,sess-0085-0dbb1f24,react,SUCCESS,r1,web_fetch,success,619.86,500,0,,7.0,7.0,False
1774782866.053309,sess-0085-0dbb1f24,react,SUCCESS,r2,web_fetch,success,391.76,500,0,,7.0,7.0,False
1774782866.445191,sess-0085-0dbb1f24,react,SUCCESS,r3,web_fetch,success,405.36,500,0,,7.0,7.0,False
1774782866.850845,sess-0085-0dbb1f24,react,SUCCESS,r4,web_fetch,success,420.03,500,0,,7.0,7.0,False
1774782867.271029,sess-0085-0dbb1f24,react,SUCCESS,r5,web_fetch,success,465.05,500,0,,7.0,7.0,False
1774782867.736219,sess-0085-0dbb1f24,react,SUCCESS,r6,calculate,success,249.68,500,0,,7.0,7.0,False
1774782867.986097,sess-0085-0dbb1f24,react,SUCCESS,r7,calculate,success,238.83,500,0,,7.0,7.0,False
1774782864.903018,sess-0084-f8ec9a7d,react,SUCCESS,r1,calculate,success,392.10,500,0,,13.0,13.0,False
1774782865.295250,sess-0084-f8ec9a7d,react,SUCCESS,r2,web_fetch,success,487.23,500,0,,13.0,13.0,False
1774782865.782622,sess-0084-f8ec9a7d,react,SUCCESS,r3,mock_heavy,success,1120.66,500,0,,13.0,13.0,False
1774782866.903417,sess-0084-f8ec9a7d,react,SUCCESS,r4,mock_heavy,success,1112.57,500,0,,13.0,13.0,False
1774782868.016077,sess-0084-f8ec9a7d,react,SUCCESS,r5,calculate,success,225.13,500,0,,13.0,13.0,False
1774782867.858237,sess-0103-9fef8ba8,react,SUCCESS,r1,web_fetch,success,409.59,500,0,,1.0,1.0,False
1774782866.402680,sess-0092-1bf862b5,react,SUCCESS,r1,calculate,success,231.38,500,0,,7.0,7.0,False
1774782866.634178,sess-0092-1bf862b5,react,SUCCESS,r2,web_fetch,success,603.80,500,0,,7.0,7.0,False
1774782867.238193,sess-0092-1bf862b5,react,SUCCESS,r3,mock_heavy,success,1056.64,500,0,,7.0,7.0,False
1774782867.619143,sess-0100-f0fa4ab6,react,SUCCESS,r1,calculate,success,316.22,500,0,,2.0,2.0,False
1774782867.935547,sess-0100-f0fa4ab6,react,SUCCESS,r2,web_fetch,success,383.53,500,0,,2.0,2.0,False
1774782864.701516,sess-0082-7cf2e2d0,react,SUCCESS,r1,web_fetch,success,560.28,500,0,,7.0,7.0,False
1774782865.261931,sess-0082-7cf2e2d0,react,SUCCESS,r2,web_fetch,success,474.56,500,0,,7.0,7.0,False
1774782865.736626,sess-0082-7cf2e2d0,react,SUCCESS,r3,web_fetch,success,484.13,500,0,,7.0,7.0,False
1774782866.220898,sess-0082-7cf2e2d0,react,SUCCESS,r4,web_fetch,success,381.43,500,0,,7.0,7.0,False
1774782866.602449,sess-0082-7cf2e2d0,react,SUCCESS,r5,web_fetch,success,596.40,500,0,,7.0,7.0,False
1774782867.198943,sess-0082-7cf2e2d0,react,SUCCESS,r6,web_fetch,success,770.06,500,0,,7.0,7.0,False
1774782867.969133,sess-0082-7cf2e2d0,react,SUCCESS,r7,web_fetch,success,398.06,500,0,,7.0,7.0,False
1774782868.225153,sess-0109-853a2f75,react,SUCCESS,r1,web_fetch,success,260.88,500,0,,1.0,1.0,False
1774782866.104252,sess-0090-794237b2,react,SUCCESS,r1,calculate,success,414.66,500,0,,8.0,8.0,False
1774782866.519047,sess-0090-794237b2,react,SUCCESS,r2,web_fetch,success,567.35,500,0,,8.0,8.0,False
1774782867.086528,sess-0090-794237b2,react,SUCCESS,r3,mock_heavy,success,1146.94,500,0,,8.0,8.0,False
1774782868.233599,sess-0090-794237b2,react,SUCCESS,r4,web_fetch,success,300.60,500,0,,8.0,8.0,False
1774782867.404346,sess-0098-52666193,react,SUCCESS,r1,web_fetch,success,420.45,500,0,,5.0,5.0,False
1774782867.825042,sess-0098-52666193,react,SUCCESS,r2,calculate,success,215.54,500,0,,5.0,5.0,False
1774782868.040752,sess-0098-52666193,react,SUCCESS,r3,web_fetch,success,367.83,500,0,,5.0,5.0,False
1774782868.408715,sess-0098-52666193,react,SUCCESS,r4,web_fetch,success,173.57,500,0,,5.0,5.0,False
1774782868.582418,sess-0098-52666193,react,SUCCESS,r5,calculate,success,347.71,500,0,,5.0,5.0,False
1774782866.288268,sess-0091-ec0cb62b,react,SUCCESS,r1,mock_heavy,success,1127.76,500,0,,11.0,11.0,False
1774782867.416168,sess-0091-ec0cb62b,react,SUCCESS,r2,mock_heavy,success,1137.05,500,0,,11.0,11.0,False
1774782868.553350,sess-0091-ec0cb62b,react,SUCCESS,r3,web_fetch,success,515.76,500,0,,11.0,11.0,False
1774782867.953197,sess-0104-8a1476a0,react,SUCCESS,r1,calculate,success,246.89,500,0,,6.0,6.0,False
1774782868.200371,sess-0104-8a1476a0,react,SUCCESS,r2,mock_heavy,success,917.66,500,0,,6.0,6.0,False
1774782864.719558,sess-0083-443b999f,react,SUCCESS,r1,mock_heavy,success,1288.56,500,0,,18.0,18.0,False
1774782866.008179,sess-0083-443b999f,react,SUCCESS,r2,mock_heavy,success,1060.81,500,0,,18.0,18.0,False
1774782867.069130,sess-0083-443b999f,react,SUCCESS,r3,mock_heavy,success,1032.43,500,0,,18.0,18.0,False
1774782868.101697,sess-0083-443b999f,react,SUCCESS,r4,web_fetch,success,313.89,500,0,,18.0,18.0,False
1774782868.415727,sess-0083-443b999f,react,SUCCESS,r5,calculate,success,318.08,500,0,,18.0,18.0,False
1774782868.733924,sess-0083-443b999f,react,SUCCESS,r6,calculate,success,409.11,500,0,,18.0,18.0,False
1774782868.241483,sess-0110-cc9001cb,react,SUCCESS,r1,mock_heavy,success,984.42,500,0,,5.0,5.0,False
1774782868.152917,sess-0107-9ae633d5,react,SUCCESS,r1,calculate,success,148.15,500,0,,6.0,6.0,False
1774782868.301262,sess-0107-9ae633d5,react,SUCCESS,r2,mock_heavy,success,1069.07,500,0,,6.0,6.0,False
1774782868.024367,sess-0105-746fe6db,react,SUCCESS,r1,calculate,success,225.64,500,0,,6.0,6.0,False
1774782868.250139,sess-0105-746fe6db,react,SUCCESS,r2,mock_heavy,success,1236.96,500,0,,6.0,6.0,False
1774782868.183514,sess-0108-9a6b3d0b,react,SUCCESS,r1,calculate,success,127.83,500,0,,4.0,4.0,False
1774782868.311474,sess-0108-9a6b3d0b,react,SUCCESS,r2,web_fetch,success,437.61,500,0,,4.0,4.0,False
1774782868.749194,sess-0108-9a6b3d0b,react,SUCCESS,r3,calculate,success,410.28,500,0,,4.0,4.0,False
1774782869.159652,sess-0108-9a6b3d0b,react,SUCCESS,r4,calculate,success,343.66,500,0,,4.0,4.0,False
1774782866.417173,sess-0093-88bbe6a7,react,SUCCESS,r1,calculate,success,233.03,500,0,,10.0,10.0,False
1774782866.650339,sess-0093-88bbe6a7,react,SUCCESS,r2,calculate,success,450.70,500,0,,10.0,10.0,False
1774782867.101168,sess-0093-88bbe6a7,react,SUCCESS,r3,web_fetch,success,501.14,500,0,,10.0,10.0,False
1774782867.602517,sess-0093-88bbe6a7,react,SUCCESS,r4,mock_heavy,success,1118.43,500,0,,10.0,10.0,False
1774782868.721081,sess-0093-88bbe6a7,react,SUCCESS,r5,calculate,success,414.45,500,0,,10.0,10.0,False
1774782869.135663,sess-0093-88bbe6a7,react,SUCCESS,r6,web_fetch,success,401.83,500,0,,10.0,10.0,False
1774782868.295067,sess-0112-24d32ff7,react,SUCCESS,r1,web_fetch,success,422.83,500,0,,3.0,3.0,False
1774782868.718040,sess-0112-24d32ff7,react,SUCCESS,r2,web_fetch,success,545.04,500,0,,3.0,3.0,False
1774782869.263208,sess-0112-24d32ff7,react,SUCCESS,r3,web_fetch,success,474.02,500,0,,3.0,3.0,False
1774782866.683007,sess-0097-f63c6cb0,react,SUCCESS,r1,mock_heavy,success,1221.47,500,0,,12.0,12.0,False
1774782867.904616,sess-0097-f63c6cb0,react,SUCCESS,r2,web_fetch,success,364.68,500,0,,12.0,12.0,False
1774782868.269409,sess-0097-f63c6cb0,react,SUCCESS,r3,web_fetch,success,384.05,500,0,,12.0,12.0,False
1774782868.653635,sess-0097-f63c6cb0,react,SUCCESS,r4,mock_heavy,success,1100.87,500,0,,12.0,12.0,False
1774782869.370615,sess-0122-fc327231,react,SUCCESS,r1,web_fetch,success,473.80,500,0,,1.0,1.0,False
1774782868.486231,sess-0115-50ad0125,react,SUCCESS,r1,web_fetch,success,415.87,500,0,,4.0,4.0,False
1774782868.902247,sess-0115-50ad0125,react,SUCCESS,r2,calculate,success,273.77,500,0,,4.0,4.0,False
1774782869.176151,sess-0115-50ad0125,react,SUCCESS,r3,web_fetch,success,494.31,500,0,,4.0,4.0,False
1774782869.670528,sess-0115-50ad0125,react,SUCCESS,r4,calculate,success,246.48,500,0,,4.0,4.0,False
1774782869.917117,sess-0129-b9867ce2,react,SUCCESS,r1,web_fetch,success,551.93,500,0,,1.0,1.0,False
1774782868.268033,sess-0111-ff7f8deb,react,SUCCESS,r1,web_fetch,success,333.84,500,0,,8.0,8.0,False
1774782868.602000,sess-0111-ff7f8deb,react,SUCCESS,r2,web_fetch,success,495.92,500,0,,8.0,8.0,False
1774782869.098110,sess-0111-ff7f8deb,react,SUCCESS,r3,mock_heavy,success,981.59,500,0,,8.0,8.0,False
1774782870.079842,sess-0111-ff7f8deb,react,SUCCESS,r4,calculate,success,405.65,500,0,,8.0,8.0,False
1774782867.635271,sess-0101-a3493803,react,SUCCESS,r1,web_fetch,success,468.07,500,0,,10.0,10.0,False
1774782868.103465,sess-0101-a3493803,react,SUCCESS,r2,calculate,success,180.53,500,0,,10.0,10.0,False
1774782868.284172,sess-0101-a3493803,react,SUCCESS,r3,calculate,success,266.24,500,0,,10.0,10.0,False
1774782868.550547,sess-0101-a3493803,react,SUCCESS,r4,web_fetch,success,363.10,500,0,,10.0,10.0,False
1774782868.913869,sess-0101-a3493803,react,SUCCESS,r5,web_fetch,success,430.09,500,0,,10.0,10.0,False
1774782869.344114,sess-0101-a3493803,react,SUCCESS,r6,mock_heavy,success,1143.10,500,0,,10.0,10.0,False
1774782867.841703,sess-0102-58b1a4ed,react,SUCCESS,r1,web_fetch,success,367.04,500,0,,12.0,12.0,False
1774782868.208923,sess-0102-58b1a4ed,react,SUCCESS,r2,mock_heavy,success,920.11,500,0,,12.0,12.0,False
1774782869.129161,sess-0102-58b1a4ed,react,SUCCESS,r3,web_fetch,success,379.00,500,0,,12.0,12.0,False
1774782869.508300,sess-0102-58b1a4ed,react,SUCCESS,r4,mock_heavy,success,1047.94,500,0,,12.0,12.0,False
1774782869.737519,sess-0126-468733d6,react,SUCCESS,r1,web_fetch,success,509.38,500,0,,2.0,2.0,False
1774782870.247059,sess-0126-468733d6,react,SUCCESS,r2,calculate,success,324.89,500,0,,2.0,2.0,False
1774782869.143275,sess-0120-f4b08251,react,SUCCESS,r1,web_fetch,success,442.21,500,0,,4.0,4.0,False
1774782869.585692,sess-0120-f4b08251,react,SUCCESS,r2,calculate,success,317.69,500,0,,4.0,4.0,False
1774782869.903513,sess-0120-f4b08251,react,SUCCESS,r3,calculate,success,398.24,500,0,,4.0,4.0,False
1774782870.301885,sess-0120-f4b08251,react,SUCCESS,r4,calculate,success,318.07,500,0,,4.0,4.0,False
1774782869.118307,sess-0119-c0673fe4,react,SUCCESS,r1,mock_heavy,success,974.74,500,0,,6.0,6.0,False
1774782870.093250,sess-0119-c0673fe4,react,SUCCESS,r2,web_fetch,success,559.67,500,0,,6.0,6.0,False
1774782865.721489,sess-0087-3314481e,react,SUCCESS,r1,mock_heavy,success,1121.49,500,0,,22.0,22.0,False
1774782866.843203,sess-0087-3314481e,react,SUCCESS,r2,mock_heavy,success,1075.43,500,0,,22.0,22.0,False
1774782867.918876,sess-0087-3314481e,react,SUCCESS,r3,mock_heavy,success,1018.47,500,0,,22.0,22.0,False
1774782868.937479,sess-0087-3314481e,react,SUCCESS,r4,calculate,success,321.11,500,0,,22.0,22.0,False
1774782869.258944,sess-0087-3314481e,react,SUCCESS,r5,calculate,success,311.02,500,0,,22.0,22.0,False
1774782869.570096,sess-0087-3314481e,react,SUCCESS,r6,mock_heavy,success,1091.75,500,0,,22.0,22.0,False
1774782870.487298,sess-0132-3f85c8ac,react,SUCCESS,r1,calculate,success,221.82,500,0,,1.0,1.0,False
1774782870.572187,sess-0134-b6fa560d,react,SUCCESS,r1,web_fetch,success,329.69,500,0,,1.0,1.0,False
1774782869.754941,sess-0127-be5cba24,react,SUCCESS,r1,mock_heavy,success,1154.52,500,0,,6.0,6.0,False
1774782870.909581,sess-0127-be5cba24,react,SUCCESS,r2,calculate,success,292.37,500,0,,6.0,6.0,False
1774782870.469149,sess-0130-f84e69b0,react,SUCCESS,r1,calculate,success,209.39,500,0,,3.0,3.0,False
1774782870.678731,sess-0130-f84e69b0,react,SUCCESS,r2,calculate,success,142.74,500,0,,3.0,3.0,False
1774782870.821594,sess-0130-f84e69b0,react,SUCCESS,r3,web_fetch,success,400.58,500,0,,3.0,3.0,False
1774782868.319336,sess-0113-706c1f4b,react,SUCCESS,r1,mock_heavy,success,1099.36,500,0,,10.0,10.0,False
1774782869.419064,sess-0113-706c1f4b,react,SUCCESS,r2,calculate,success,302.05,500,0,,10.0,10.0,False
1774782869.721251,sess-0113-706c1f4b,react,SUCCESS,r3,web_fetch,success,383.45,500,0,,10.0,10.0,False
1774782870.104838,sess-0113-706c1f4b,react,SUCCESS,r4,calculate,success,399.36,500,0,,10.0,10.0,False
1774782870.504252,sess-0113-706c1f4b,react,SUCCESS,r5,web_fetch,success,373.76,500,0,,10.0,10.0,False
1774782870.878152,sess-0113-706c1f4b,react,SUCCESS,r6,web_fetch,success,352.76,500,0,,10.0,10.0,False
1774782870.662092,sess-0137-c30a7ae3,react,SUCCESS,r1,web_fetch,success,309.02,500,0,,2.0,2.0,False
1774782870.971244,sess-0137-c30a7ae3,react,SUCCESS,r2,web_fetch,success,398.09,500,0,,2.0,2.0,False
1774782870.653141,sess-0136-2262ecee,react,SUCCESS,r1,calculate,success,152.76,500,0,,3.0,3.0,False
1774782870.806074,sess-0136-2262ecee,react,SUCCESS,r2,web_fetch,success,363.03,500,0,,3.0,3.0,False
1774782871.169253,sess-0136-2262ecee,react,SUCCESS,r3,calculate,success,243.15,500,0,,3.0,3.0,False
1774782871.369615,sess-0143-88192174,react,SUCCESS,r1,calculate,success,201.86,500,0,,1.0,1.0,False
1774782868.534455,sess-0116-000f0be7,react,SUCCESS,r1,mock_heavy,success,1021.20,500,0,,12.0,12.0,False
1774782869.555788,sess-0116-000f0be7,react,SUCCESS,r2,web_fetch,success,381.72,500,0,,12.0,12.0,False
1774782869.937635,sess-0116-000f0be7,react,SUCCESS,r3,mock_heavy,success,1282.82,500,0,,12.0,12.0,False
1774782871.220595,sess-0116-000f0be7,react,SUCCESS,r4,web_fetch,success,358.50,500,0,,12.0,12.0,False
1774782871.231201,sess-0142-3582293d,react,SUCCESS,r1,web_fetch,success,438.10,500,0,,1.0,1.0,False
1774782869.487492,sess-0123-c14cfb41,react,SUCCESS,r1,calculate,success,251.48,500,0,,8.0,8.0,False
1774782869.739088,sess-0123-c14cfb41,react,SUCCESS,r2,web_fetch,success,378.93,500,0,,8.0,8.0,False
1774782870.118228,sess-0123-c14cfb41,react,SUCCESS,r3,mock_heavy,success,1204.27,500,0,,8.0,8.0,False
1774782871.322651,sess-0123-c14cfb41,react,SUCCESS,r4,web_fetch,success,379.12,500,0,,8.0,8.0,False
1774782869.069366,sess-0118-5489b236,react,SUCCESS,r1,calculate,success,206.23,500,0,,10.0,10.0,False
1774782869.275727,sess-0118-5489b236,react,SUCCESS,r2,mock_heavy,success,1127.20,500,0,,10.0,10.0,False
1774782870.403152,sess-0118-5489b236,react,SUCCESS,r3,web_fetch,success,384.43,500,0,,10.0,10.0,False
1774782870.787710,sess-0118-5489b236,react,SUCCESS,r4,web_fetch,success,286.83,500,0,,10.0,10.0,False
1774782871.074704,sess-0118-5489b236,react,SUCCESS,r5,web_fetch,success,461.35,500,0,,10.0,10.0,False
1774782871.536239,sess-0118-5489b236,react,SUCCESS,r6,calculate,success,182.73,500,0,,10.0,10.0,False
1774782869.537733,sess-0125-70b29967,react,SUCCESS,r1,calculate,success,233.31,500,0,,9.0,9.0,False
1774782869.771178,sess-0125-70b29967,react,SUCCESS,r2,web_fetch,success,500.60,500,0,,9.0,9.0,False
1774782870.271915,sess-0125-70b29967,react,SUCCESS,r3,calculate,success,316.71,500,0,,9.0,9.0,False
1774782870.588753,sess-0125-70b29967,react,SUCCESS,r4,calculate,success,183.58,500,0,,9.0,9.0,False
1774782870.772463,sess-0125-70b29967,react,SUCCESS,r5,mock_heavy,success,948.16,500,0,,9.0,9.0,False
1774782871.571751,sess-0145-f3ef0c44,react,SUCCESS,r1,calculate,success,159.61,500,0,,1.0,1.0,False
1774782870.485579,sess-0131-ac01f358,react,SUCCESS,r1,calculate,success,207.07,500,0,,5.0,5.0,False
1774782870.692777,sess-0131-ac01f358,react,SUCCESS,r2,calculate,success,145.23,500,0,,5.0,5.0,False
1774782870.838133,sess-0131-ac01f358,react,SUCCESS,r3,web_fetch,success,391.02,500,0,,5.0,5.0,False
1774782871.229280,sess-0131-ac01f358,react,SUCCESS,r4,calculate,success,273.87,500,0,,5.0,5.0,False
1774782871.503289,sess-0131-ac01f358,react,SUCCESS,r5,web_fetch,success,352.16,500,0,,5.0,5.0,False
1774782870.709392,sess-0138-c99cad64,react,SUCCESS,r1,mock_heavy,success,945.82,500,0,,6.0,6.0,False
1774782871.655424,sess-0138-c99cad64,react,SUCCESS,r2,calculate,success,232.68,500,0,,6.0,6.0,False
1774782871.579401,sess-0146-fa502160,react,SUCCESS,r1,web_fetch,success,317.07,500,0,,1.0,1.0,False
1774782868.120521,sess-0106-c6f7ca9a,react,SUCCESS,r1,web_fetch,success,316.03,500,0,,15.0,15.0,False
1774782868.436692,sess-0106-c6f7ca9a,react,SUCCESS,r2,calculate,success,302.14,500,0,,15.0,15.0,False
1774782868.738916,sess-0106-c6f7ca9a,react,SUCCESS,r3,mock_heavy,success,1214.39,500,0,,15.0,15.0,False
1774782869.953430,sess-0106-c6f7ca9a,react,SUCCESS,r4,web_fetch,success,649.90,500,0,,15.0,15.0,False
1774782870.603534,sess-0106-c6f7ca9a,react,SUCCESS,r5,calculate,success,185.38,500,0,,15.0,15.0,False
1774782870.789105,sess-0106-c6f7ca9a,react,SUCCESS,r6,calculate,success,197.82,500,0,,15.0,15.0,False
1774782870.987062,sess-0106-c6f7ca9a,react,SUCCESS,r7,mock_heavy,success,1052.05,500,0,,15.0,15.0,False
1774782868.367497,sess-0114-96011f3a,react,SUCCESS,r1,calculate,success,302.19,500,0,,14.0,14.0,False
1774782868.669815,sess-0114-96011f3a,react,SUCCESS,r2,mock_heavy,success,1216.22,500,0,,14.0,14.0,False
1774782869.886161,sess-0114-96011f3a,react,SUCCESS,r3,mock_heavy,success,1177.35,500,0,,14.0,14.0,False
1774782871.063630,sess-0114-96011f3a,react,SUCCESS,r4,web_fetch,success,425.27,500,0,,14.0,14.0,False
1774782871.489035,sess-0114-96011f3a,react,SUCCESS,r5,calculate,success,198.96,500,0,,14.0,14.0,False
1774782871.688140,sess-0114-96011f3a,react,SUCCESS,r6,web_fetch,success,375.54,500,0,,14.0,14.0,False
1774782871.222386,sess-0141-0bf7ef02,react,SUCCESS,r1,web_fetch,success,415.46,500,0,,3.0,3.0,False
1774782871.638069,sess-0141-0bf7ef02,react,SUCCESS,r2,calculate,success,233.70,500,0,,3.0,3.0,False
1774782871.871908,sess-0141-0bf7ef02,react,SUCCESS,r3,calculate,success,208.67,500,0,,3.0,3.0,False
1774782870.556566,sess-0133-336a4ed2,react,SUCCESS,r1,web_fetch,success,330.44,500,0,,6.0,6.0,False
1774782870.887146,sess-0133-336a4ed2,react,SUCCESS,r2,calculate,success,204.03,500,0,,6.0,6.0,False
1774782871.091299,sess-0133-336a4ed2,react,SUCCESS,r3,web_fetch,success,464.05,500,0,,6.0,6.0,False
1774782871.555477,sess-0133-336a4ed2,react,SUCCESS,r4,web_fetch,success,330.22,500,0,,6.0,6.0,False
1774782871.885830,sess-0133-336a4ed2,react,SUCCESS,r5,calculate,success,209.16,500,0,,6.0,6.0,False
1774782872.095119,sess-0133-336a4ed2,react,SUCCESS,r6,web_fetch,success,575.91,500,0,,6.0,6.0,False
1774782868.930363,sess-0117-159b86c3,react,SUCCESS,r1,calculate,success,312.27,500,0,,15.0,15.0,False
1774782869.242885,sess-0117-159b86c3,react,SUCCESS,r2,web_fetch,success,461.75,500,0,,15.0,15.0,False
1774782869.704770,sess-0117-159b86c3,react,SUCCESS,r3,mock_heavy,success,1030.52,500,0,,15.0,15.0,False
1774782870.735415,sess-0117-159b86c3,react,SUCCESS,r4,web_fetch,success,319.02,500,0,,15.0,15.0,False
1774782871.054573,sess-0117-159b86c3,react,SUCCESS,r5,web_fetch,success,342.00,500,0,,15.0,15.0,False
1774782871.396702,sess-0117-159b86c3,react,SUCCESS,r6,mock_heavy,success,996.73,500,0,,15.0,15.0,False
1774782872.393584,sess-0117-159b86c3,react,SUCCESS,r7,web_fetch,success,384.35,500,0,,15.0,15.0,False
1774782869.226209,sess-0121-c74e7e81,react,SUCCESS,r1,web_fetch,success,451.51,500,0,,14.0,14.0,False
1774782869.677788,sess-0121-c74e7e81,react,SUCCESS,r2,mock_heavy,success,1042.77,500,0,,14.0,14.0,False
1774782870.720685,sess-0121-c74e7e81,react,SUCCESS,r3,calculate,success,174.30,500,0,,14.0,14.0,False
1774782870.895142,sess-0121-c74e7e81,react,SUCCESS,r4,mock_heavy,success,1013.10,500,0,,14.0,14.0,False
1774782871.908364,sess-0121-c74e7e81,react,SUCCESS,r5,calculate,success,505.49,500,0,,14.0,14.0,False
1774782872.413991,sess-0121-c74e7e81,react,SUCCESS,r6,web_fetch,success,424.42,500,0,,14.0,14.0,False
1774782871.669544,sess-0147-122110ea,react,SUCCESS,r1,mock_heavy,success,1031.10,500,0,,6.0,6.0,False
1774782872.700852,sess-0147-122110ea,react,SUCCESS,r2,calculate,success,149.76,500,0,,6.0,6.0,False
1774782870.902143,sess-0139-a70665dd,react,SUCCESS,r1,calculate,success,283.86,500,0,,9.0,9.0,False
1774782871.186217,sess-0139-a70665dd,react,SUCCESS,r2,calculate,success,227.78,500,0,,9.0,9.0,False
1774782871.414177,sess-0139-a70665dd,react,SUCCESS,r3,calculate,success,257.15,500,0,,9.0,9.0,False
1774782871.671440,sess-0139-a70665dd,react,SUCCESS,r4,mock_heavy,success,1035.18,500,0,,9.0,9.0,False
1774782872.706862,sess-0139-a70665dd,react,SUCCESS,r5,calculate,success,149.91,500,0,,9.0,9.0,False
1774782869.844735,sess-0128-500b313b,react,SUCCESS,r1,web_fetch,success,440.94,500,0,,11.0,11.0,False
1774782870.285877,sess-0128-500b313b,react,SUCCESS,r2,web_fetch,success,469.23,500,0,,11.0,11.0,False
1774782870.755289,sess-0128-500b313b,react,SUCCESS,r3,web_fetch,success,306.57,500,0,,11.0,11.0,False
1774782871.061981,sess-0128-500b313b,react,SUCCESS,r4,web_fetch,success,336.00,500,0,,11.0,11.0,False
1774782871.398171,sess-0128-500b313b,react,SUCCESS,r5,mock_heavy,success,1001.10,500,0,,11.0,11.0,False
1774782872.399404,sess-0128-500b313b,react,SUCCESS,r6,web_fetch,success,387.39,500,0,,11.0,11.0,False
1774782872.786921,sess-0128-500b313b,react,SUCCESS,r7,calculate,success,136.69,500,0,,11.0,11.0,False
1774782870.620223,sess-0135-b51aa6da,react,SUCCESS,r1,calculate,success,184.20,500,0,,10.0,10.0,False
1774782870.804548,sess-0135-b51aa6da,react,SUCCESS,r2,calculate,success,197.26,500,0,,10.0,10.0,False
1774782871.001934,sess-0135-b51aa6da,react,SUCCESS,r3,web_fetch,success,386.74,500,0,,10.0,10.0,False
1774782871.388765,sess-0135-b51aa6da,react,SUCCESS,r4,web_fetch,success,349.59,500,0,,10.0,10.0,False
1774782871.738524,sess-0135-b51aa6da,react,SUCCESS,r5,mock_heavy,success,1033.80,500,0,,10.0,10.0,False
1774782872.772454,sess-0135-b51aa6da,react,SUCCESS,r6,web_fetch,success,250.23,500,0,,10.0,10.0,False
1774782872.923836,sess-0163-78c557b5,react,SUCCESS,r1,web_fetch,success,612.29,500,0,,1.0,1.0,False
1774782871.702015,sess-0148-8bc72563,react,SUCCESS,r1,calculate,success,219.23,500,0,,8.0,8.0,False
1774782871.921314,sess-0148-8bc72563,react,SUCCESS,r2,calculate,success,508.79,500,0,,8.0,8.0,False
1774782872.430218,sess-0148-8bc72563,react,SUCCESS,r3,mock_heavy,success,1092.84,500,0,,8.0,8.0,False
1774782873.523199,sess-0148-8bc72563,react,SUCCESS,r4,web_fetch,success,479.68,500,0,,8.0,8.0,False
1774782871.719234,sess-0149-ad5beefa,react,SUCCESS,r1,mock_heavy,success,1004.41,500,0,,11.0,11.0,False
1774782872.723773,sess-0149-ad5beefa,react,SUCCESS,r2,mock_heavy,success,944.37,500,0,,11.0,11.0,False
1774782873.668284,sess-0149-ad5beefa,react,SUCCESS,r3,web_fetch,success,669.82,500,0,,11.0,11.0,False
1774782872.039565,sess-0155-9c067aba,react,SUCCESS,r1,web_fetch,success,572.53,500,0,,4.0,4.0,False
1774782872.612226,sess-0155-9c067aba,react,SUCCESS,r2,calculate,success,295.04,500,0,,4.0,4.0,False
1774782872.907394,sess-0155-9c067aba,react,SUCCESS,r3,web_fetch,success,468.89,500,0,,4.0,4.0,False
1774782873.376426,sess-0155-9c067aba,react,SUCCESS,r4,web_fetch,success,963.63,500,0,,4.0,4.0,False
1774782871.855773,sess-0152-a1e94487,react,SUCCESS,r1,mock_heavy,success,1002.62,500,0,,11.0,11.0,False
1774782872.858581,sess-0152-a1e94487,react,SUCCESS,r2,web_fetch,success,344.92,500,0,,11.0,11.0,False
1774782873.203651,sess-0152-a1e94487,react,SUCCESS,r3,mock_heavy,success,1290.04,500,0,,11.0,11.0,False
1774782872.080816,sess-0157-db417939,react,SUCCESS,r1,calculate,success,422.84,500,0,,8.0,8.0,False
1774782872.503786,sess-0157-db417939,react,SUCCESS,r2,web_fetch,success,441.93,500,0,,8.0,8.0,False
1774782872.945833,sess-0157-db417939,react,SUCCESS,r3,web_fetch,success,737.31,500,0,,8.0,8.0,False
1774782873.683271,sess-0157-db417939,react,SUCCESS,r4,mock_heavy,success,896.31,500,0,,8.0,8.0,False
1774782871.731575,sess-0151-e936a8cc,react,SUCCESS,r1,calculate,success,222.88,500,0,,9.0,9.0,False
1774782871.954643,sess-0151-e936a8cc,react,SUCCESS,r2,web_fetch,success,643.24,500,0,,9.0,9.0,False
1774782872.598031,sess-0151-e936a8cc,react,SUCCESS,r3,mock_heavy,success,999.74,500,0,,9.0,9.0,False
1774782873.597897,sess-0151-e936a8cc,react,SUCCESS,r4,web_fetch,success,574.48,500,0,,9.0,9.0,False
1774782874.172494,sess-0151-e936a8cc,react,SUCCESS,r5,web_fetch,success,488.31,500,0,,9.0,9.0,False
1774782874.003136,sess-0166-464788b4,react,SUCCESS,r1,calculate,success,367.12,500,0,,2.0,2.0,False
1774782874.370371,sess-0166-464788b4,react,SUCCESS,r2,calculate,success,321.11,500,0,,2.0,2.0,False
1774782871.202200,sess-0140-e3e9a5f4,react,SUCCESS,r1,web_fetch,success,378.55,500,0,,10.0,10.0,False
1774782871.580873,sess-0140-e3e9a5f4,react,SUCCESS,r2,web_fetch,success,324.71,500,0,,10.0,10.0,False
1774782871.905755,sess-0140-e3e9a5f4,react,SUCCESS,r3,mock_heavy,success,1302.06,500,0,,10.0,10.0,False
1774782873.207953,sess-0140-e3e9a5f4,react,SUCCESS,r4,web_fetch,success,627.23,500,0,,10.0,10.0,False
1774782873.835330,sess-0140-e3e9a5f4,react,SUCCESS,r5,calculate,success,517.54,500,0,,10.0,10.0,False
1774782874.353073,sess-0140-e3e9a5f4,react,SUCCESS,r6,web_fetch,success,401.44,500,0,,10.0,10.0,False
1774782874.338361,sess-0167-be929a4b,react,SUCCESS,r1,calculate,success,253.17,500,0,,2.0,2.0,False
1774782874.591583,sess-0167-be929a4b,react,SUCCESS,r2,web_fetch,success,424.42,500,0,,2.0,2.0,False
1774782871.412624,sess-0144-3c7302b7,react,SUCCESS,r1,mock_heavy,success,1039.63,500,0,,15.0,15.0,False
1774782872.452424,sess-0144-3c7302b7,react,SUCCESS,r2,calculate,success,327.76,500,0,,15.0,15.0,False
1774782872.780302,sess-0144-3c7302b7,react,SUCCESS,r3,calculate,success,23.00,500,0,,15.0,15.0,False
1774782872.803473,sess-0144-3c7302b7,react,SUCCESS,r4,calculate,success,136.84,500,0,,15.0,15.0,False
1774782872.940439,sess-0144-3c7302b7,react,SUCCESS,r5,web_fetch,success,597.75,500,0,,15.0,15.0,False
1774782873.538308,sess-0144-3c7302b7,react,SUCCESS,r6,web_fetch,success,553.12,500,0,,15.0,15.0,False
1774782874.091569,sess-0144-3c7302b7,react,SUCCESS,r7,mock_heavy,success,1169.74,500,0,,15.0,15.0,False
1774782869.503439,sess-0124-330e5cf7,react,SUCCESS,r1,web_fetch,success,398.27,500,0,,23.0,23.0,False
1774782869.901845,sess-0124-330e5cf7,react,SUCCESS,r2,web_fetch,success,534.65,500,0,,23.0,23.0,False
1774782870.436675,sess-0124-330e5cf7,react,SUCCESS,r3,mock_heavy,success,1033.57,500,0,,23.0,23.0,False
1774782871.470380,sess-0124-330e5cf7,react,SUCCESS,r4,mock_heavy,success,1017.09,500,0,,23.0,23.0,False
1774782872.487594,sess-0124-330e5cf7,react,SUCCESS,r5,mock_heavy,success,1102.44,500,0,,23.0,23.0,False
1774782873.590177,sess-0124-330e5cf7,react,SUCCESS,r6,web_fetch,success,580.60,500,0,,23.0,23.0,False
1774782874.170920,sess-0124-330e5cf7,react,SUCCESS,r7,mock_heavy,success,1132.62,500,0,,23.0,23.0,False
1774782872.838622,sess-0160-8ed8991e,react,SUCCESS,r1,calculate,success,138.28,500,0,,8.0,8.0,False
1774782872.977029,sess-0160-8ed8991e,react,SUCCESS,r2,mock_heavy,success,1377.46,500,0,,8.0,8.0,False
1774782874.354608,sess-0160-8ed8991e,react,SUCCESS,r3,calculate,success,267.00,500,0,,8.0,8.0,False
1774782874.621736,sess-0160-8ed8991e,react,SUCCESS,r4,web_fetch,success,695.00,500,0,,8.0,8.0,False
1774782872.063999,sess-0156-f8e3f8f3,react,SUCCESS,r1,web_fetch,success,555.05,500,0,,10.0,10.0,False
1774782872.619179,sess-0156-f8e3f8f3,react,SUCCESS,r2,calculate,success,200.60,500,0,,10.0,10.0,False
1774782872.819967,sess-0156-f8e3f8f3,react,SUCCESS,r3,web_fetch,success,287.83,500,0,,10.0,10.0,False
1774782873.107936,sess-0156-f8e3f8f3,react,SUCCESS,r4,mock_heavy,success,1380.07,500,0,,10.0,10.0,False
1774782874.488160,sess-0156-f8e3f8f3,react,SUCCESS,r5,web_fetch,success,360.89,500,0,,10.0,10.0,False
1774782874.849190,sess-0156-f8e3f8f3,react,SUCCESS,r6,web_fetch,success,748.28,500,0,,10.0,10.0,False
1774782873.536362,sess-0165-63bb908b,react,SUCCESS,r1,web_fetch,success,468.22,500,0,,7.0,7.0,False
1774782874.004704,sess-0165-63bb908b,react,SUCCESS,r2,web_fetch,success,603.59,500,0,,7.0,7.0,False
1774782874.608421,sess-0165-63bb908b,react,SUCCESS,r3,mock_heavy,success,1229.38,500,0,,7.0,7.0,False
1774782874.754749,sess-0173-4eb851de,react,SUCCESS,r1,calculate,success,674.77,500,0,,2.0,2.0,False
1774782875.429662,sess-0173-4eb851de,react,SUCCESS,r2,web_fetch,success,575.74,500,0,,2.0,2.0,False
1774782874.494018,sess-0169-f036430a,react,SUCCESS,r1,calculate,success,214.07,500,0,,6.0,6.0,False
1774782874.708282,sess-0169-f036430a,react,SUCCESS,r2,mock_heavy,success,1428.29,500,0,,6.0,6.0,False
1774782871.720901,sess-0150-288ff8b0,react,SUCCESS,r1,calculate,success,217.07,500,0,,15.0,15.0,False
1774782871.938101,sess-0150-288ff8b0,react,SUCCESS,r2,calculate,success,506.83,500,0,,15.0,15.0,False
1774782872.445057,sess-0150-288ff8b0,react,SUCCESS,r3,web_fetch,success,445.64,500,0,,15.0,15.0,False
1774782872.890928,sess-0150-288ff8b0,react,SUCCESS,r4,web_fetch,success,479.28,500,0,,15.0,15.0,False
1774782873.370388,sess-0150-288ff8b0,react,SUCCESS,r5,mock_heavy,success,1200.86,500,0,,15.0,15.0,False
1774782874.571525,sess-0150-288ff8b0,react,SUCCESS,r6,mock_heavy,success,954.82,500,0,,15.0,15.0,False
1774782875.526489,sess-0150-288ff8b0,react,SUCCESS,r7,web_fetch,success,858.37,500,0,,15.0,15.0,False
1774782872.850982,sess-0161-ccfcbadf,react,SUCCESS,r1,mock_heavy,success,938.98,500,0,,12.0,12.0,False
1774782873.790102,sess-0161-ccfcbadf,react,SUCCESS,r2,web_fetch,success,787.63,500,0,,12.0,12.0,False
1774782874.577863,sess-0161-ccfcbadf,react,SUCCESS,r3,mock_heavy,success,975.09,500,0,,12.0,12.0,False
1774782875.553152,sess-0161-ccfcbadf,react,SUCCESS,r4,web_fetch,success,877.50,500,0,,12.0,12.0,False
1774782872.671275,sess-0158-de9cc16c,react,SUCCESS,r1,calculate,success,165.70,500,0,,14.0,14.0,False
1774782872.837097,sess-0158-de9cc16c,react,SUCCESS,r2,calculate,success,123.40,500,0,,14.0,14.0,False
1774782872.960658,sess-0158-de9cc16c,react,SUCCESS,r3,web_fetch,success,730.22,500,0,,14.0,14.0,False
1774782873.690999,sess-0158-de9cc16c,react,SUCCESS,r4,mock_heavy,success,1459.33,500,0,,14.0,14.0,False
1774782875.150665,sess-0158-de9cc16c,react,SUCCESS,r5,mock_heavy,success,1109.82,500,0,,14.0,14.0,False
1774782876.260601,sess-0158-de9cc16c,react,SUCCESS,r6,calculate,success,185.23,500,0,,14.0,14.0,False
1774782875.838211,sess-0179-5e752dd1,react,SUCCESS,r1,web_fetch,success,715.37,500,0,,1.0,1.0,False
1774782872.857064,sess-0162-d1e8560c,react,SUCCESS,r1,mock_heavy,success,979.97,500,0,,14.0,14.0,False
1774782873.837148,sess-0162-d1e8560c,react,SUCCESS,r2,calculate,success,531.56,500,0,,14.0,14.0,False
1774782874.368931,sess-0162-d1e8560c,react,SUCCESS,r3,calculate,success,305.81,500,0,,14.0,14.0,False
1774782874.674869,sess-0162-d1e8560c,react,SUCCESS,r4,calculate,success,600.99,500,0,,14.0,14.0,False
1774782875.276070,sess-0162-d1e8560c,react,SUCCESS,r5,mock_heavy,success,1085.49,500,0,,14.0,14.0,False
1774782876.361826,sess-0162-d1e8560c,react,SUCCESS,r6,calculate,success,215.85,500,0,,14.0,14.0,False
1774782874.340265,sess-0168-78d653d9,react,SUCCESS,r1,mock_heavy,success,1059.06,500,0,,11.0,11.0,False
1774782875.399527,sess-0168-78d653d9,react,SUCCESS,r2,mock_heavy,success,993.80,500,0,,11.0,11.0,False
1774782876.393523,sess-0168-78d653d9,react,SUCCESS,r3,calculate,success,208.55,500,0,,11.0,11.0,False
1774782871.888332,sess-0153-ba8d9f56,react,SUCCESS,r1,web_fetch,success,373.73,500,0,,19.0,19.0,False
1774782872.262215,sess-0153-ba8d9f56,react,SUCCESS,r2,web_fetch,success,501.08,500,0,,19.0,19.0,False
1774782872.763361,sess-0153-ba8d9f56,react,SUCCESS,r3,calculate,success,107.92,500,0,,19.0,19.0,False
1774782872.871409,sess-0153-ba8d9f56,react,SUCCESS,r4,mock_heavy,success,1052.55,500,0,,19.0,19.0,False
1774782873.924104,sess-0153-ba8d9f56,react,SUCCESS,r5,mock_heavy,success,1321.75,500,0,,19.0,19.0,False
1774782875.246008,sess-0153-ba8d9f56,react,SUCCESS,r6,mock_heavy,success,1042.55,500,0,,19.0,19.0,False
1774782876.288695,sess-0153-ba8d9f56,react,SUCCESS,r7,web_fetch,success,324.67,500,0,,19.0,19.0,False
1774782874.661037,sess-0171-de72ee2f,react,SUCCESS,r1,web_fetch,success,752.20,500,0,,7.0,7.0,False
1774782875.413375,sess-0171-de72ee2f,react,SUCCESS,r2,mock_heavy,success,1001.06,500,0,,7.0,7.0,False
1774782876.414557,sess-0171-de72ee2f,react,SUCCESS,r3,calculate,success,215.57,500,0,,7.0,7.0,False
1774782873.023135,sess-0164-27466a16,react,SUCCESS,r1,mock_heavy,success,1335.13,500,0,,13.0,13.0,False
1774782874.358426,sess-0164-27466a16,react,SUCCESS,r2,mock_heavy,success,1081.92,500,0,,13.0,13.0,False
1774782875.440484,sess-0164-27466a16,react,SUCCESS,r3,web_fetch,success,729.53,500,0,,13.0,13.0,False
1774782876.170165,sess-0164-27466a16,react,SUCCESS,r4,web_fetch,success,401.50,500,0,,13.0,13.0,False
1774782876.571800,sess-0164-27466a16,react,SUCCESS,r5,calculate,success,228.58,500,0,,13.0,13.0,False
1774782871.896742,sess-0154-8921d0cb,react,SUCCESS,r1,web_fetch,success,531.82,500,0,,17.0,17.0,False
1774782872.428692,sess-0154-8921d0cb,react,SUCCESS,r2,mock_heavy,success,1086.28,500,0,,17.0,17.0,False
1774782873.515039,sess-0154-8921d0cb,react,SUCCESS,r3,mock_heavy,success,1166.18,500,0,,17.0,17.0,False
1774782874.681415,sess-0154-8921d0cb,react,SUCCESS,r4,web_fetch,success,761.01,500,0,,17.0,17.0,False
1774782875.442569,sess-0154-8921d0cb,react,SUCCESS,r5,mock_heavy,success,1512.12,500,0,,17.0,17.0,False
1774782876.955050,sess-0191-cdd6f832,react,SUCCESS,r1,calculate,success,23.50,500,0,,2.0,2.0,False
1774782876.978682,sess-0191-cdd6f832,react,SUCCESS,r2,calculate,success,22.56,500,0,,2.0,2.0,False
1774782876.577948,sess-0186-c45f4594,react,SUCCESS,r1,web_fetch,success,384.78,500,0,,2.0,2.0,False
1774782876.962870,sess-0186-c45f4594,react,SUCCESS,r2,calculate,success,193.00,500,0,,2.0,2.0,False
1774782876.005661,sess-0180-3019e333,react,SUCCESS,r1,calculate,success,398.77,500,0,,3.0,3.0,False
1774782876.404552,sess-0180-3019e333,react,SUCCESS,r2,web_fetch,success,365.74,500,0,,3.0,3.0,False
1774782876.770366,sess-0180-3019e333,react,SUCCESS,r3,calculate,success,400.57,500,0,,3.0,3.0,False
1774782872.778124,sess-0159-8515c60c,react,SUCCESS,r1,web_fetch,success,257.87,500,0,,14.0,14.0,False
1774782873.036118,sess-0159-8515c60c,react,SUCCESS,r2,calculate,success,570.12,500,0,,14.0,14.0,False
1774782873.606374,sess-0159-8515c60c,react,SUCCESS,r3,web_fetch,success,651.96,500,0,,14.0,14.0,False
1774782874.258471,sess-0159-8515c60c,react,SUCCESS,r4,web_fetch,success,479.78,500,0,,14.0,14.0,False
1774782874.738447,sess-0159-8515c60c,react,SUCCESS,r5,mock_heavy,success,1478.91,500,0,,14.0,14.0,False
1774782876.217497,sess-0159-8515c60c,react,SUCCESS,r6,mock_heavy,success,1017.05,500,0,,14.0,14.0,False
1774782876.385112,sess-0182-3e1a394f,react,SUCCESS,r1,calculate,success,200.57,500,0,,3.0,3.0,False
1774782876.585806,sess-0182-3e1a394f,react,SUCCESS,r2,calculate,success,230.89,500,0,,3.0,3.0,False
1774782876.816781,sess-0182-3e1a394f,react,SUCCESS,r3,web_fetch,success,444.31,500,0,,3.0,3.0,False
1774782874.691715,sess-0172-c18beb16,react,SUCCESS,r1,web_fetch,success,778.90,500,0,,4.0,4.0,False
1774782875.470750,sess-0172-c18beb16,react,SUCCESS,r2,web_fetch,success,867.24,500,0,,4.0,4.0,False
1774782876.338239,sess-0172-c18beb16,react,SUCCESS,r3,web_fetch,success,382.36,500,0,,4.0,4.0,False
1774782876.720744,sess-0172-c18beb16,react,SUCCESS,r4,web_fetch,success,567.12,500,0,,4.0,4.0,False
1774782875.261565,sess-0175-d3d9745e,react,SUCCESS,r1,calculate,success,281.62,500,0,,5.0,5.0,False
1774782875.543328,sess-0175-d3d9745e,react,SUCCESS,r2,web_fetch,success,881.70,500,0,,5.0,5.0,False
1774782876.425153,sess-0175-d3d9745e,react,SUCCESS,r3,web_fetch,success,369.27,500,0,,5.0,5.0,False
1774782876.794606,sess-0175-d3d9745e,react,SUCCESS,r4,web_fetch,success,391.35,500,0,,5.0,5.0,False
1774782877.186078,sess-0175-d3d9745e,react,SUCCESS,r5,calculate,success,238.85,500,0,,5.0,5.0,False
1774782875.597707,sess-0178-d91c7553,react,SUCCESS,r1,mock_heavy,success,1580.64,500,0,,7.0,7.0,False
1774782877.178511,sess-0178-d91c7553,react,SUCCESS,r2,web_fetch,success,174.72,500,0,,7.0,7.0,False
1774782877.353358,sess-0178-d91c7553,react,SUCCESS,r3,calculate,success,283.25,500,0,,7.0,7.0,False
1774782875.316989,sess-0177-ad9769b9,react,SUCCESS,r1,mock_heavy,success,1070.55,500,0,,12.0,12.0,False
1774782876.387729,sess-0177-ad9769b9,react,SUCCESS,r2,web_fetch,success,356.28,500,0,,12.0,12.0,False
1774782876.744138,sess-0177-ad9769b9,react,SUCCESS,r3,web_fetch,success,401.24,500,0,,12.0,12.0,False
1774782877.145505,sess-0177-ad9769b9,react,SUCCESS,r4,mock_heavy,success,950.64,500,0,,12.0,12.0,False
1774782876.800560,sess-0190-fd81073f,react,SUCCESS,r1,calculate,success,293.07,500,0,,4.0,4.0,False
1774782877.093773,sess-0190-fd81073f,react,SUCCESS,r2,web_fetch,success,444.34,500,0,,4.0,4.0,False
1774782877.538288,sess-0190-fd81073f,react,SUCCESS,r3,calculate,success,459.54,500,0,,4.0,4.0,False
1774782877.998014,sess-0190-fd81073f,react,SUCCESS,r4,calculate,success,198.27,500,0,,4.0,4.0,False
1774782877.261370,sess-0196-cb5f3878,react,SUCCESS,r1,calculate,success,245.27,500,0,,3.0,3.0,False
1774782877.506774,sess-0196-cb5f3878,react,SUCCESS,r2,web_fetch,success,552.87,500,0,,3.0,3.0,False
1774782878.059773,sess-0196-cb5f3878,react,SUCCESS,r3,web_fetch,success,449.11,500,0,,3.0,3.0,False
1774782874.579788,sess-0170-d0b2a1ca,react,SUCCESS,r1,mock_heavy,success,992.23,500,0,,13.0,13.0,False
1774782875.572145,sess-0170-d0b2a1ca,react,SUCCESS,r2,mock_heavy,success,1582.22,500,0,,13.0,13.0,False
1774782877.154484,sess-0170-d0b2a1ca,react,SUCCESS,r3,web_fetch,success,297.56,500,0,,13.0,13.0,False
1774782877.452171,sess-0170-d0b2a1ca,react,SUCCESS,r4,calculate,success,423.34,500,0,,13.0,13.0,False
1774782877.875653,sess-0170-d0b2a1ca,react,SUCCESS,r5,web_fetch,success,640.42,500,0,,13.0,13.0,False
1774782876.553838,sess-0185-a8931caf,react,SUCCESS,r1,web_fetch,success,356.10,500,0,,6.0,6.0,False
1774782876.910090,sess-0185-a8931caf,react,SUCCESS,r2,calculate,success,209.97,500,0,,6.0,6.0,False
1774782877.120335,sess-0185-a8931caf,react,SUCCESS,r3,web_fetch,success,288.46,500,0,,6.0,6.0,False
1774782877.408926,sess-0185-a8931caf,react,SUCCESS,r4,web_fetch,success,433.07,500,0,,6.0,6.0,False
1774782877.842143,sess-0185-a8931caf,react,SUCCESS,r5,calculate,success,331.83,500,0,,6.0,6.0,False
1774782878.174098,sess-0185-a8931caf,react,SUCCESS,r6,web_fetch,success,361.76,500,0,,6.0,6.0,False
1774782876.136910,sess-0181-3aa03540,react,SUCCESS,r1,web_fetch,success,422.16,500,0,,10.0,10.0,False
1774782876.559312,sess-0181-3aa03540,react,SUCCESS,r2,calculate,success,227.62,500,0,,10.0,10.0,False
1774782876.787008,sess-0181-3aa03540,react,SUCCESS,r3,calculate,success,231.01,500,0,,10.0,10.0,False
1774782877.018157,sess-0181-3aa03540,react,SUCCESS,r4,web_fetch,success,320.12,500,0,,10.0,10.0,False
1774782877.338419,sess-0181-3aa03540,react,SUCCESS,r5,mock_heavy,success,1034.13,500,0,,10.0,10.0,False
1774782878.372679,sess-0181-3aa03540,react,SUCCESS,r6,web_fetch,success,296.05,500,0,,10.0,10.0,False
1774782876.602293,sess-0187-29f2e39f,react,SUCCESS,r1,web_fetch,success,382.74,500,0,,8.0,8.0,False
1774782876.985154,sess-0187-29f2e39f,react,SUCCESS,r2,web_fetch,success,337.47,500,0,,8.0,8.0,False
1774782877.322761,sess-0187-29f2e39f,react,SUCCESS,r3,mock_heavy,success,1051.20,500,0,,8.0,8.0,False
1774782878.374076,sess-0187-29f2e39f,react,SUCCESS,r4,web_fetch,success,303.34,500,0,,8.0,8.0,False
1774782877.171170,sess-0194-eb0f7f65,react,SUCCESS,r1,calculate,success,197.93,500,0,,7.0,7.0,False
1774782877.369229,sess-0194-eb0f7f65,react,SUCCESS,r2,mock_heavy,success,1087.49,500,0,,7.0,7.0,False
1774782878.456846,sess-0194-eb0f7f65,react,SUCCESS,r3,web_fetch,success,384.93,500,0,,7.0,7.0,False
1774782875.016410,sess-0174-e8e3d101,react,SUCCESS,r1,mock_heavy,success,1241.51,500,0,,16.0,16.0,False
1774782876.258059,sess-0174-e8e3d101,react,SUCCESS,r2,mock_heavy,success,983.37,500,0,,16.0,16.0,False
1774782877.241622,sess-0174-e8e3d101,react,SUCCESS,r3,web_fetch,success,378.40,500,0,,16.0,16.0,False
1774782877.620164,sess-0174-e8e3d101,react,SUCCESS,r4,mock_heavy,success,1249.96,500,0,,16.0,16.0,False
1774782876.630354,sess-0189-075fd86a,react,SUCCESS,r1,calculate,success,340.34,500,0,,14.0,14.0,False
1774782876.970869,sess-0189-075fd86a,react,SUCCESS,r2,calculate,success,192.37,500,0,,14.0,14.0,False
1774782877.163364,sess-0189-075fd86a,react,SUCCESS,r3,mock_heavy,success,993.83,500,0,,14.0,14.0,False
1774782878.157342,sess-0189-075fd86a,react,SUCCESS,r4,calculate,success,22.42,500,0,,14.0,14.0,False
1774782878.179883,sess-0189-075fd86a,react,SUCCESS,r5,calculate,success,218.64,500,0,,14.0,14.0,False
1774782878.398656,sess-0189-075fd86a,react,SUCCESS,r6,mock_heavy,success,977.83,500,0,,14.0,14.0,False
1774782876.446055,sess-0184-8c982e94,react,SUCCESS,r1,mock_heavy,success,1108.85,500,0,,14.0,14.0,False
1774782877.555113,sess-0184-8c982e94,react,SUCCESS,r2,web_fetch,success,610.06,500,0,,14.0,14.0,False
1774782878.165301,sess-0184-8c982e94,react,SUCCESS,r3,mock_heavy,success,1012.52,500,0,,14.0,14.0,False
1774782879.177968,sess-0184-8c982e94,react,SUCCESS,r4,web_fetch,success,158.07,500,0,,14.0,14.0,False
1774782879.336192,sess-0184-8c982e94,react,SUCCESS,r5,calculate,success,16.72,500,0,,14.0,14.0,False
1774782879.353116,sess-0184-8c982e94,react,SUCCESS,r6,calculate,success,24.14,500,0,,14.0,14.0,False
1774782875.303807,sess-0176-b7a7d981,react,SUCCESS,r1,calculate,success,265.55,500,0,,17.0,17.0,False
1774782875.569540,sess-0176-b7a7d981,react,SUCCESS,r2,mock_heavy,success,1534.37,500,0,,17.0,17.0,False
1774782877.104073,sess-0176-b7a7d981,react,SUCCESS,r3,mock_heavy,success,947.95,500,0,,17.0,17.0,False
1774782878.052158,sess-0176-b7a7d981,react,SUCCESS,r4,web_fetch,success,357.36,500,0,,17.0,17.0,False
1774782878.409647,sess-0176-b7a7d981,react,SUCCESS,r5,mock_heavy,success,1035.23,500,0,,17.0,17.0,False
1774782877.156163,sess-0193-cca533cd,react,SUCCESS,r1,web_fetch,success,333.68,500,0,,10.0,10.0,False
1774782877.489974,sess-0193-cca533cd,react,SUCCESS,r2,calculate,success,402.60,500,0,,10.0,10.0,False
1774782877.892691,sess-0193-cca533cd,react,SUCCESS,r3,web_fetch,success,448.95,500,0,,10.0,10.0,False
1774782878.341784,sess-0193-cca533cd,react,SUCCESS,r4,mock_heavy,success,891.68,500,0,,10.0,10.0,False
1774782879.233603,sess-0193-cca533cd,react,SUCCESS,r5,web_fetch,success,255.28,500,0,,10.0,10.0,False
1774782879.489009,sess-0193-cca533cd,react,SUCCESS,r6,calculate,success,6.43,500,0,,10.0,10.0,False
1774782877.288095,sess-0197-4293f825,react,SUCCESS,r1,calculate,success,268.72,500,0,,10.0,10.0,False
1774782877.556935,sess-0197-4293f825,react,SUCCESS,r2,web_fetch,success,609.63,500,0,,10.0,10.0,False
1774782878.166679,sess-0197-4293f825,react,SUCCESS,r3,calculate,success,220.16,500,0,,10.0,10.0,False
1774782878.386971,sess-0197-4293f825,react,SUCCESS,r4,mock_heavy,success,964.45,500,0,,10.0,10.0,False
1774782879.351569,sess-0197-4293f825,react,SUCCESS,r5,web_fetch,success,157.51,500,0,,10.0,10.0,False
1774782879.509260,sess-0197-4293f825,react,SUCCESS,r6,web_fetch,success,158.42,500,0,,10.0,10.0,False
1774782877.636906,sess-0199-655ece03,react,SUCCESS,r1,mock_heavy,success,1242.43,500,0,,10.0,10.0,False
1774782878.879644,sess-0199-655ece03,react,SUCCESS,r2,mock_heavy,success,836.66,500,0,,10.0,10.0,False
1774782876.430950,sess-0183-c7514bf8,react,SUCCESS,r1,calculate,success,306.07,500,0,,14.0,14.0,False
1774782876.737217,sess-0183-c7514bf8,react,SUCCESS,r2,web_fetch,success,401.42,500,0,,14.0,14.0,False
1774782877.138817,sess-0183-c7514bf8,react,SUCCESS,r3,calculate,success,138.60,500,0,,14.0,14.0,False
1774782877.277628,sess-0183-c7514bf8,react,SUCCESS,r4,web_fetch,success,396.32,500,0,,14.0,14.0,False
1774782877.674084,sess-0183-c7514bf8,react,SUCCESS,r5,mock_heavy,success,1240.28,500,0,,14.0,14.0,False
1774782878.914507,sess-0183-c7514bf8,react,SUCCESS,r6,mock_heavy,success,893.37,500,0,,14.0,14.0,False
1774782877.001524,sess-0192-46d7c45b,react,SUCCESS,r1,mock_heavy,success,979.10,500,0,,15.0,15.0,False
1774782877.980769,sess-0192-46d7c45b,react,SUCCESS,r2,web_fetch,success,367.96,500,0,,15.0,15.0,False
1774782878.348864,sess-0192-46d7c45b,react,SUCCESS,r3,calculate,success,120.32,500,0,,15.0,15.0,False
1774782878.469307,sess-0192-46d7c45b,react,SUCCESS,r4,web_fetch,success,535.49,500,0,,15.0,15.0,False
1774782879.004941,sess-0192-46d7c45b,react,SUCCESS,r5,calculate,success,174.77,500,0,,15.0,15.0,False
1774782879.179832,sess-0192-46d7c45b,react,SUCCESS,r6,mock_heavy,success,856.67,500,0,,15.0,15.0,False
1774782880.036648,sess-0192-46d7c45b,react,SUCCESS,r7,web_fetch,success,158.66,500,0,,15.0,15.0,False
1774782877.234856,sess-0195-1981117c,react,SUCCESS,r1,mock_heavy,success,1007.95,500,0,,18.0,18.0,False
1774782878.243012,sess-0195-1981117c,react,SUCCESS,r2,calculate,success,178.35,500,0,,18.0,18.0,False
1774782878.421487,sess-0195-1981117c,react,SUCCESS,r3,mock_heavy,success,1061.15,500,0,,18.0,18.0,False
1774782879.482772,sess-0195-1981117c,react,SUCCESS,r4,mock_heavy,success,810.57,500,0,,18.0,18.0,False
1774782880.293486,sess-0195-1981117c,react,SUCCESS,r5,web_fetch,success,158.63,500,0,,18.0,18.0,False
1774782880.452337,sess-0195-1981117c,react,SUCCESS,r6,calculate,success,6.27,500,0,,18.0,18.0,False
1774782877.425235,sess-0198-51accc09,react,SUCCESS,r1,calculate,success,433.54,500,0,,13.0,13.0,False
1774782877.859027,sess-0198-51accc09,react,SUCCESS,r2,calculate,success,323.17,500,0,,13.0,13.0,False
1774782878.182318,sess-0198-51accc09,react,SUCCESS,r3,web_fetch,success,380.93,500,0,,13.0,13.0,False
1774782878.563442,sess-0198-51accc09,react,SUCCESS,r4,mock_heavy,success,1114.91,500,0,,13.0,13.0,False
1774782879.678488,sess-0198-51accc09,react,SUCCESS,r5,mock_heavy,success,810.22,500,0,,13.0,13.0,False
1774782876.613595,sess-0188-16c2398d,react,SUCCESS,r1,web_fetch,success,463.92,500,0,,19.0,19.0,False
1774782877.077658,sess-0188-16c2398d,react,SUCCESS,r2,mock_heavy,success,921.84,500,0,,19.0,19.0,False
1774782877.999702,sess-0188-16c2398d,react,SUCCESS,r3,web_fetch,success,363.88,500,0,,19.0,19.0,False
1774782878.363719,sess-0188-16c2398d,react,SUCCESS,r4,web_fetch,success,268.40,500,0,,19.0,19.0,False
1774782878.632222,sess-0188-16c2398d,react,SUCCESS,r5,mock_heavy,success,1053.93,500,0,,19.0,19.0,False
1774782879.686285,sess-0188-16c2398d,react,SUCCESS,r6,web_fetch,success,157.83,500,0,,19.0,19.0,False
1774782879.844261,sess-0188-16c2398d,react,SUCCESS,r7,mock_heavy,success,808.88,500,0,,19.0,19.0,False
